-- MySQL dump 10.13  Distrib 5.7.9, for osx10.11 (x86_64)
--
-- Host: uoa25ublaow4obx5.cbetxkdyhwsb.us-east-1.rds.amazonaws.com    Database: pfsq7aisyahtfba1
-- ------------------------------------------------------
-- Server version	5.7.11-log

/*!40101 SET @OLD_CHARACTER_SET_CLIENT=@@CHARACTER_SET_CLIENT */;
/*!40101 SET @OLD_CHARACTER_SET_RESULTS=@@CHARACTER_SET_RESULTS */;
/*!40101 SET @OLD_COLLATION_CONNECTION=@@COLLATION_CONNECTION */;
/*!40101 SET NAMES utf8 */;
/*!40103 SET @OLD_TIME_ZONE=@@TIME_ZONE */;
/*!40103 SET TIME_ZONE='+00:00' */;
/*!40014 SET @OLD_UNIQUE_CHECKS=@@UNIQUE_CHECKS, UNIQUE_CHECKS=0 */;
/*!40014 SET @OLD_FOREIGN_KEY_CHECKS=@@FOREIGN_KEY_CHECKS, FOREIGN_KEY_CHECKS=0 */;
/*!40101 SET @OLD_SQL_MODE=@@SQL_MODE, SQL_MODE='NO_AUTO_VALUE_ON_ZERO' */;
/*!40111 SET @OLD_SQL_NOTES=@@SQL_NOTES, SQL_NOTES=0 */;

--
-- Table structure for table `Categories`
--

DROP TABLE IF EXISTS `Categories`;
/*!40101 SET @saved_cs_client     = @@character_set_client */;
/*!40101 SET character_set_client = utf8 */;
CREATE TABLE `Categories` (
  `id` int(11) NOT NULL AUTO_INCREMENT,
  `bgg_id` int(11) DEFAULT NULL,
  `title` varchar(255) COLLATE utf8_unicode_ci DEFAULT NULL,
  `createdAt` datetime NOT NULL,
  `updatedAt` datetime NOT NULL,
  PRIMARY KEY (`id`),
  UNIQUE KEY `categories_bgg_id` (`bgg_id`),
  KEY `categories_title` (`title`)
) ENGINE=InnoDB AUTO_INCREMENT=61 DEFAULT CHARSET=utf8 COLLATE=utf8_unicode_ci;
/*!40101 SET character_set_client = @saved_cs_client */;

--
-- Dumping data for table `Categories`
--

LOCK TABLES `Categories` WRITE;
/*!40000 ALTER TABLE `Categories` DISABLE KEYS */;
INSERT INTO `Categories` VALUES (1,1021,'Economic','2016-09-05 14:14:41','2016-09-05 14:14:41'),(2,1086,'Territory Building','2016-09-05 14:14:41','2016-09-05 14:14:41'),(3,1013,'Farming','2016-09-05 14:14:41','2016-09-05 14:14:41'),(4,1019,'Wargame','2016-09-05 18:43:25','2016-09-05 18:43:25'),(5,1029,'City Building','2016-09-05 18:46:17','2016-09-05 18:46:17'),(6,1026,'Negotiation','2016-09-05 18:46:17','2016-09-05 18:46:17'),(7,1001,'Political','2016-09-05 20:14:23','2016-09-05 20:14:23'),(8,1022,'Adventure','2016-09-05 23:18:44','2016-09-05 23:18:44'),(9,1017,'Dice','2016-09-05 23:18:44','2016-09-05 23:18:44'),(10,1046,'Fighting','2016-09-05 23:18:44','2016-09-05 23:18:44'),(11,1047,'Miniatures','2016-09-05 23:18:44','2016-09-05 23:18:44'),(12,1016,'Science Fiction','2016-09-05 23:18:44','2016-09-05 23:18:44'),(13,1113,'Space Exploration','2016-09-05 23:18:44','2016-09-05 23:18:44'),(14,1020,'Exploration','2016-09-06 19:05:10','2016-09-06 19:05:10'),(15,1010,'Fantasy','2016-09-06 19:05:10','2016-09-06 19:05:10'),(16,1024,'Horror','2016-09-06 19:05:10','2016-09-06 19:05:10'),(17,1040,'Murder/Mystery','2016-09-06 19:05:10','2016-09-06 19:05:10'),(18,1028,'Puzzle','2016-09-06 19:05:10','2016-09-06 19:05:10'),(19,1049,'World War II','2016-09-06 19:07:33','2016-09-06 19:07:33'),(20,1008,'Nautical','2016-09-07 11:51:33','2016-09-07 11:51:33'),(21,1070,'Renaissance','2016-09-07 11:51:33','2016-09-07 11:51:33'),(22,1035,'Medieval','2016-09-10 03:48:39','2016-09-10 03:48:39'),(23,1042,'Expansion for Base-game','2016-09-10 03:48:39','2016-09-10 03:48:39'),(24,1034,'Trains','2016-09-12 21:48:22','2016-09-12 21:48:22'),(25,1088,'Industry / Manufacturing','2016-09-12 21:48:22','2016-09-12 21:48:22'),(26,1015,'Civilization','2016-09-12 21:48:22','2016-09-12 21:48:22'),(27,1011,'Transportation','2016-09-12 21:48:23','2016-09-12 21:48:23'),(28,1002,'Card Game','2016-09-12 21:48:23','2016-09-12 21:48:23'),(29,1064,'Movies / TV / Radio theme','2016-09-12 21:48:23','2016-09-12 21:48:23'),(30,1097,'Travel','2016-09-12 21:48:23','2016-09-12 21:48:23'),(31,1050,'Ancient','2016-09-12 21:48:24','2016-09-12 21:48:24'),(32,1116,'Comic Book / Strip','2016-09-12 21:48:24','2016-09-12 21:48:24'),(33,1094,'Educational','2016-09-12 21:48:24','2016-09-12 21:48:24'),(34,1093,'Novel-based','2016-09-12 21:48:24','2016-09-12 21:48:24'),(35,2481,'Zombies','2016-09-12 21:48:24','2016-09-12 21:48:24'),(36,1081,'Spies/Secret Agents','2016-09-12 21:48:24','2016-09-12 21:48:24'),(37,1023,'Bluffing','2016-09-12 21:48:24','2016-09-12 21:48:24'),(38,1065,'World War I','2016-09-12 21:48:24','2016-09-12 21:48:24'),(39,1115,'Religious','2016-09-12 21:49:25','2016-09-12 21:49:25'),(40,1082,'Mythology','2016-09-12 21:49:40','2016-09-12 21:49:40'),(41,2725,'Pike and Shot','2016-09-12 21:49:42','2016-09-12 21:49:42'),(42,1039,'Deduction','2016-09-12 21:50:19','2016-09-12 21:50:19'),(43,1051,'Napoleonic','2016-09-12 21:50:20','2016-09-12 21:50:20'),(44,1084,'Environmental','2016-09-12 21:50:20','2016-09-12 21:50:20'),(45,2726,'Age of Reason','2016-09-12 21:50:24','2016-09-12 21:50:24'),(46,1089,'Animals','2016-09-12 21:50:24','2016-09-12 21:50:24'),(47,1036,'Prehistoric','2016-09-12 21:50:24','2016-09-12 21:50:24'),(48,1120,'Print & Play','2016-09-12 21:50:24','2016-09-12 21:50:24'),(49,1098,'Number','2016-09-12 21:50:24','2016-09-12 21:50:24'),(50,1079,'Humor','2016-09-12 21:50:24','2016-09-12 21:50:24'),(51,1101,'Video Game Theme','2016-09-12 21:51:15','2016-09-12 21:51:15'),(52,2145,'Medical','2016-09-12 21:51:16','2016-09-12 21:51:16'),(53,1037,'Real-time','2016-09-12 21:51:46','2016-09-12 21:51:46'),(54,1072,'Electronic','2016-09-12 21:51:47','2016-09-12 21:51:47'),(55,1119,'Game System','2016-09-12 21:51:47','2016-09-12 21:51:47'),(56,1032,'Action / Dexterity','2016-09-13 16:17:35','2016-09-13 16:17:35'),(57,1055,'American West','2016-09-13 16:17:37','2016-09-13 16:17:37'),(58,1069,'Modern Warfare','2016-09-13 16:18:40','2016-09-13 16:18:40'),(59,1090,'Pirates','2016-09-13 16:18:42','2016-09-13 16:18:42'),(60,1009,'Abstract Strategy','2016-09-13 16:18:42','2016-09-13 16:18:42');
/*!40000 ALTER TABLE `Categories` ENABLE KEYS */;
UNLOCK TABLES;

--
-- Table structure for table `Designers`
--

DROP TABLE IF EXISTS `Designers`;
/*!40101 SET @saved_cs_client     = @@character_set_client */;
/*!40101 SET character_set_client = utf8 */;
CREATE TABLE `Designers` (
  `id` int(11) NOT NULL AUTO_INCREMENT,
  `bgg_id` int(11) DEFAULT NULL,
  `name` varchar(255) COLLATE utf8_unicode_ci DEFAULT NULL,
  `createdAt` datetime NOT NULL,
  `updatedAt` datetime NOT NULL,
  PRIMARY KEY (`id`),
  UNIQUE KEY `designers_bgg_id` (`bgg_id`),
  KEY `designers_name` (`name`)
) ENGINE=InnoDB AUTO_INCREMENT=156 DEFAULT CHARSET=utf8 COLLATE=utf8_unicode_ci;
/*!40101 SET character_set_client = @saved_cs_client */;

--
-- Dumping data for table `Designers`
--

LOCK TABLES `Designers` WRITE;
/*!40000 ALTER TABLE `Designers` DISABLE KEYS */;
INSERT INTO `Designers` VALUES (1,62640,'Jamey Stegmaier','2016-09-05 14:14:41','2016-09-05 14:14:41'),(2,65581,'Matthew O\'Malley','2016-09-05 18:46:17','2016-09-05 18:46:17'),(3,71006,'Morten Monrad Pedersen','2016-09-05 18:46:17','2016-09-05 18:46:17'),(4,60749,'Ben Rosset','2016-09-05 18:46:17','2016-09-05 18:46:17'),(5,1,'Karl-Heinz Schmiel','2016-09-05 20:14:23','2016-09-05 20:14:23'),(6,32996,'Dan Raspler','2016-09-05 23:18:44','2016-09-05 23:18:44'),(7,60342,'Al Rose','2016-09-05 23:18:44','2016-09-05 23:18:44'),(8,69718,'Nikki Valens','2016-09-06 19:05:10','2016-09-06 19:05:10'),(9,352,'James Stahler','2016-09-06 19:07:33','2016-09-06 19:07:33'),(10,76,'Don Greenwood','2016-09-06 19:07:33','2016-09-06 19:07:33'),(11,7448,'Sebastian Bleasdale','2016-09-07 11:51:33','2016-09-07 11:51:33'),(12,134,'Richard Breese','2016-09-07 11:51:33','2016-09-07 11:51:33'),(13,2748,'Helmut Ohley','2016-09-12 21:48:22','2016-09-12 21:48:22'),(14,1828,'Leonhard \"Lonny\" Orgler','2016-09-12 21:48:22','2016-09-12 21:48:22'),(15,27465,'Eric Zimmerman','2016-09-12 21:48:23','2016-09-12 21:48:23'),(16,12246,'Tim Harrison','2016-09-12 21:48:23','2016-09-12 21:48:23'),(17,37300,'Rustan Håkansson','2016-09-12 21:48:23','2016-09-12 21:48:23'),(18,60882,'Nina Håkansson','2016-09-12 21:48:23','2016-09-12 21:48:23'),(19,60883,'Einar Rosén','2016-09-12 21:48:23','2016-09-12 21:48:23'),(20,60884,'Robert Rosén','2016-09-12 21:48:23','2016-09-12 21:48:23'),(21,551,'Ralf Burkert','2016-09-12 21:48:23','2016-09-12 21:48:23'),(22,6,'Martin Wallace','2016-09-12 21:48:23','2016-09-12 21:48:23'),(23,62674,'Aaron Dill','2016-09-12 21:48:24','2016-09-12 21:48:24'),(24,62672,'John Kovaleski','2016-09-12 21:48:24','2016-09-12 21:48:24'),(25,62673,'Sean Sweigart','2016-09-12 21:48:24','2016-09-12 21:48:24'),(26,68718,'Aaron Haag','2016-09-12 21:48:24','2016-09-12 21:48:24'),(27,774,'Matt Hyra','2016-09-12 21:48:24','2016-09-12 21:48:24'),(28,58799,'Ben Stoll','2016-09-12 21:48:24','2016-09-12 21:48:24'),(29,789,'Vlaada Chvátil','2016-09-12 21:48:24','2016-09-12 21:48:24'),(30,59220,'Brent Povis','2016-09-12 21:48:24','2016-09-12 21:48:24'),(31,132,'Günter Cornett','2016-09-12 21:48:24','2016-09-12 21:48:24'),(32,46810,'Nuno Bizarro Sentieiro','2016-09-12 21:48:24','2016-09-12 21:48:24'),(33,46809,'Paulo Soledade','2016-09-12 21:48:24','2016-09-12 21:48:24'),(34,10917,'Scott W. Leibbrandt','2016-09-12 21:48:24','2016-09-12 21:48:24'),(35,69130,'Etienne Espreman','2016-09-12 21:48:24','2016-09-12 21:48:24'),(36,10,'Uwe Rosenberg','2016-09-12 21:48:24','2016-09-12 21:48:24'),(37,4958,'Stefan Feld','2016-09-12 21:48:25','2016-09-12 21:48:25'),(38,270,'Jeroen Doumen','2016-09-12 21:48:25','2016-09-12 21:48:25'),(39,407,'Joris Wiersinga','2016-09-12 21:48:25','2016-09-12 21:48:25'),(40,9338,'Harry Wu','2016-09-12 21:49:25','2016-09-12 21:49:25'),(41,51251,'Martin Kallenborn','2016-09-12 21:49:40','2016-09-12 21:49:40'),(42,10246,'Matthias Prinz','2016-09-12 21:49:40','2016-09-12 21:49:40'),(43,11854,'Ryan Laukat','2016-09-12 21:49:40','2016-09-12 21:49:40'),(44,9580,'John Clowdus','2016-09-12 21:49:40','2016-09-12 21:49:40'),(45,11312,'Xavier Georges','2016-09-12 21:49:40','2016-09-12 21:49:40'),(46,38335,'Sébastien Dujardin','2016-09-12 21:49:40','2016-09-12 21:49:40'),(47,7369,'Alain Orban','2016-09-12 21:49:40','2016-09-12 21:49:40'),(48,6940,'Inka Brand','2016-09-12 21:49:41','2016-09-12 21:49:41'),(49,6941,'Markus Brand','2016-09-12 21:49:41','2016-09-12 21:49:41'),(50,36921,'Brady Sadler','2016-09-12 21:49:41','2016-09-12 21:49:41'),(51,3526,'Carl de Visser','2016-09-12 21:49:41','2016-09-12 21:49:41'),(52,9733,'Jarratt Gray','2016-09-12 21:49:41','2016-09-12 21:49:41'),(53,4300,'Jens Drögemüller','2016-09-12 21:49:41','2016-09-12 21:49:41'),(54,4407,'Helge Ostertag','2016-09-12 21:49:41','2016-09-12 21:49:41'),(55,12924,'Daniel Berger (I)','2016-09-12 21:49:41','2016-09-12 21:49:41'),(56,2,'Reiner Knizia','2016-09-12 21:49:41','2016-09-12 21:49:41'),(57,597,'Peter Neugebauer','2016-09-12 21:49:41','2016-09-12 21:49:41'),(58,6045,'Mac Gerdts','2016-09-12 21:49:41','2016-09-12 21:49:41'),(59,12679,'Jonathan Gilmour','2016-09-12 21:49:42','2016-09-12 21:49:42'),(60,65023,'Isaac Vega','2016-09-12 21:49:42','2016-09-12 21:49:42'),(61,11555,'Wei-Hwa Huang','2016-09-12 21:49:42','2016-09-12 21:49:42'),(62,150,'Thomas Lehmann','2016-09-12 21:49:42','2016-09-12 21:49:42'),(63,5585,'Charlie Catino','2016-09-12 21:49:42','2016-09-12 21:49:42'),(64,65291,'Steven Kimball','2016-09-12 21:49:42','2016-09-12 21:49:42'),(65,1397,'Ben Hull','2016-09-12 21:49:42','2016-09-12 21:49:42'),(66,25,'Richard Borg','2016-09-12 21:49:42','2016-09-12 21:49:42'),(67,11257,'Robert A. Kouba','2016-09-12 21:49:42','2016-09-12 21:49:42'),(68,5816,'Devin Low','2016-09-12 21:49:42','2016-09-12 21:49:42'),(69,2118,'Stephen Glenn','2016-09-12 21:49:42','2016-09-12 21:49:42'),(70,6651,'Corey Konieczka','2016-09-12 21:49:43','2016-09-12 21:49:43'),(71,50969,'Marc André','2016-09-12 21:50:19','2016-09-12 21:50:19'),(72,64108,'Rikki Tahta','2016-09-12 21:50:19','2016-09-12 21:50:19'),(73,644,'Luke Peterschmidt','2016-09-12 21:50:19','2016-09-12 21:50:19'),(74,141,'Friedemann Friese','2016-09-12 21:50:19','2016-09-12 21:50:19'),(75,75718,'Matúš Kotry','2016-09-12 21:50:20','2016-09-12 21:50:20'),(76,62641,'Alan Stone','2016-09-12 21:50:20','2016-09-12 21:50:20'),(77,12396,'Vital Lacerda','2016-09-12 21:50:20','2016-09-12 21:50:20'),(78,34699,'Matthias Cramer','2016-09-12 21:50:24','2016-09-12 21:50:24'),(79,54146,'Louis Malz','2016-09-12 21:50:24','2016-09-12 21:50:24'),(80,54147,'Stefan Malz','2016-09-12 21:50:24','2016-09-12 21:50:24'),(81,3245,'Dominic Crapuchettes','2016-09-12 21:50:24','2016-09-12 21:50:24'),(82,39262,'Dmitry Knorre','2016-09-12 21:50:24','2016-09-12 21:50:24'),(83,9247,'Sergey Machin','2016-09-12 21:50:24','2016-09-12 21:50:24'),(84,6001,'Carl Chudyk','2016-09-12 21:50:24','2016-09-12 21:50:24'),(85,7011,'Chris Cieslik','2016-09-12 21:50:24','2016-09-12 21:50:24'),(86,381,'Rüdiger Dorn','2016-09-12 21:50:24','2016-09-12 21:50:24'),(87,4735,'Ignacy Trzewiczek','2016-09-12 21:50:25','2016-09-12 21:50:25'),(88,12582,'Gil d\'Orey','2016-09-12 21:50:25','2016-09-12 21:50:25'),(89,48170,'Marco Pranzo','2016-09-12 21:50:25','2016-09-12 21:50:25'),(90,72460,'Justin Kemppainen','2016-09-12 21:51:10','2016-09-12 21:51:10'),(91,78796,'Jonathan Ying','2016-09-12 21:51:10','2016-09-12 21:51:10'),(92,1495,'Jerry Taylor','2016-09-12 21:51:10','2016-09-12 21:51:10'),(93,64,'Tom Dalgliesh','2016-09-12 21:51:10','2016-09-12 21:51:10'),(94,1533,'Eric M. Lang','2016-09-12 21:51:10','2016-09-12 21:51:10'),(95,11119,'Carl Paradis','2016-09-12 21:51:10','2016-09-12 21:51:10'),(96,78425,'Jan Zalewski','2016-09-12 21:51:10','2016-09-12 21:51:10'),(97,43650,'Dirk Knemeyer','2016-09-12 21:51:15','2016-09-12 21:51:15'),(98,152,'Mark Herman','2016-09-12 21:51:15','2016-09-12 21:51:15'),(99,9,'Alan R. Moon','2016-09-12 21:51:15','2016-09-12 21:51:15'),(100,235,'Aaron Weissblum','2016-09-12 21:51:15','2016-09-12 21:51:15'),(101,84933,'Heikki Harju','2016-09-12 21:51:15','2016-09-12 21:51:15'),(102,81801,'Jesse Li','2016-09-12 21:51:15','2016-09-12 21:51:15'),(103,39436,'Hisashi Hayashi','2016-09-12 21:51:16','2016-09-12 21:51:16'),(104,68814,'Masao Suganuma','2016-09-12 21:51:16','2016-09-12 21:51:16'),(105,442,'Rob Daviau','2016-09-12 21:51:16','2016-09-12 21:51:16'),(106,378,'Matt Leacock','2016-09-12 21:51:16','2016-09-12 21:51:16'),(107,674,'Ed Beach','2016-09-12 21:51:16','2016-09-12 21:51:16'),(108,11767,'Alexander Pfister','2016-09-12 21:51:17','2016-09-12 21:51:17'),(109,1431,'Luigi Ferrini','2016-09-12 21:51:17','2016-09-12 21:51:17'),(110,66050,'Gunter Eickert','2016-09-12 21:51:17','2016-09-12 21:51:17'),(111,12547,'Shem Phillips','2016-09-12 21:51:45','2016-09-12 21:51:45'),(112,3005,'Sérgio Halaban','2016-09-12 21:51:45','2016-09-12 21:51:45'),(113,3004,'André Zatz','2016-09-12 21:51:45','2016-09-12 21:51:45'),(114,43431,'Scott Almes','2016-09-12 21:51:45','2016-09-12 21:51:45'),(115,87947,'Peggy Chassenet','2016-09-12 21:51:46','2016-09-12 21:51:46'),(116,69927,'Manuel Rozoy','2016-09-12 21:51:46','2016-09-12 21:51:46'),(117,2269,'Michael Rinella','2016-09-12 21:51:46','2016-09-12 21:51:46'),(118,295,'Serge Laget','2016-09-12 21:51:46','2016-09-12 21:51:46'),(119,15913,'Peter Lee','2016-09-12 21:51:47','2016-09-12 21:51:47'),(120,13261,'Rodney Thompson','2016-09-12 21:51:47','2016-09-12 21:51:47'),(121,6736,'Sébastien Pauchon','2016-09-13 16:17:35','2016-09-13 16:17:35'),(122,9714,'Antoine Bauza','2016-09-13 16:17:35','2016-09-13 16:17:35'),(123,4337,'Ludovic Maublanc','2016-09-13 16:17:35','2016-09-13 16:17:35'),(124,23355,'Chris Dupuis','2016-09-13 16:17:36','2016-09-13 16:17:36'),(125,5143,'Michał Oracz','2016-09-13 16:17:36','2016-09-13 16:17:36'),(126,5446,'Chris Taylor','2016-09-13 16:17:36','2016-09-13 16:17:36'),(127,10489,'Ben Cichoski','2016-09-13 16:17:36','2016-09-13 16:17:36'),(128,4372,'Daniel Mandel','2016-09-13 16:17:36','2016-09-13 16:17:36'),(129,67874,'Cédrick Chaboussit','2016-09-13 16:17:37','2016-09-13 16:17:37'),(130,1018,'Andreas Steding','2016-09-13 16:17:37','2016-09-13 16:17:37'),(131,86497,'Lin Lutke-Glanemann','2016-09-13 16:17:38','2016-09-13 16:17:38'),(132,63549,'Thomas Spitzer','2016-09-13 16:17:38','2016-09-13 16:17:38'),(133,117,'Andreas Seyfarth','2016-09-13 16:17:38','2016-09-13 16:17:38'),(134,7,'Wolfgang Kramer','2016-09-13 16:17:39','2016-09-13 16:17:39'),(135,10395,'Jacques Bariot','2016-09-13 16:18:40','2016-09-13 16:18:40'),(136,10393,'Guillaume Montiage','2016-09-13 16:18:40','2016-09-13 16:18:40'),(137,772,'Volko Ruhnke','2016-09-13 16:18:40','2016-09-13 16:18:40'),(138,70143,'Michael Keller (II)','2016-09-13 16:18:41','2016-09-13 16:18:41'),(139,70144,'Andreas \"ode.\" Odendahl','2016-09-13 16:18:41','2016-09-13 16:18:41'),(140,3876,'Ananda Gupta','2016-09-13 16:18:42','2016-09-13 16:18:42'),(141,3877,'Jason Matthews','2016-09-13 16:18:42','2016-09-13 16:18:42'),(142,770,'Peter Hawes','2016-09-13 16:18:42','2016-09-13 16:18:42'),(143,42,'Michael Kiesling','2016-09-13 16:18:42','2016-09-13 16:18:42'),(144,174,'Phil Eklund','2016-09-13 16:18:42','2016-09-13 16:18:42'),(145,8251,'Christian Leonhard','2016-09-13 16:18:42','2016-09-13 16:18:42'),(146,71982,'Samuel Bailey','2016-09-13 16:19:05','2016-09-13 16:19:05'),(147,64445,'James Kniffen','2016-09-13 16:19:05','2016-09-13 16:19:05'),(148,34,'Bill Eberle','2016-09-13 16:19:05','2016-09-13 16:19:05'),(149,35,'Jack Kittredge','2016-09-13 16:19:05','2016-09-13 16:19:05'),(150,36,'Peter Olotka','2016-09-13 16:19:05','2016-09-13 16:19:05'),(151,142,'Michael Rieneck','2016-09-13 16:19:05','2016-09-13 16:19:05'),(152,7391,'Stefan Stadler','2016-09-13 16:19:05','2016-09-13 16:19:05'),(153,35418,'Simone Luciani','2016-09-13 16:19:05','2016-09-13 16:19:05'),(154,59986,'Daniele Tascini','2016-09-13 16:19:05','2016-09-13 16:19:05'),(155,7457,'Uwe Eickert','2016-09-13 16:19:06','2016-09-13 16:19:06');
/*!40000 ALTER TABLE `Designers` ENABLE KEYS */;
UNLOCK TABLES;

--
-- Table structure for table `GameCategory`
--

DROP TABLE IF EXISTS `GameCategory`;
/*!40101 SET @saved_cs_client     = @@character_set_client */;
/*!40101 SET character_set_client = utf8 */;
CREATE TABLE `GameCategory` (
  `createdAt` datetime NOT NULL,
  `updatedAt` datetime NOT NULL,
  `GameId` int(11) NOT NULL,
  `CategoryId` int(11) NOT NULL,
  PRIMARY KEY (`GameId`,`CategoryId`),
  KEY `CategoryId` (`CategoryId`),
  CONSTRAINT `GameCategory_ibfk_1` FOREIGN KEY (`GameId`) REFERENCES `Games` (`id`) ON DELETE CASCADE ON UPDATE CASCADE,
  CONSTRAINT `GameCategory_ibfk_2` FOREIGN KEY (`CategoryId`) REFERENCES `Categories` (`id`) ON DELETE CASCADE ON UPDATE CASCADE
) ENGINE=InnoDB DEFAULT CHARSET=utf8 COLLATE=utf8_unicode_ci;
/*!40101 SET character_set_client = @saved_cs_client */;

--
-- Dumping data for table `GameCategory`
--

LOCK TABLES `GameCategory` WRITE;
/*!40000 ALTER TABLE `GameCategory` DISABLE KEYS */;
INSERT INTO `GameCategory` VALUES ('2016-09-05 20:14:23','2016-09-05 20:14:23',1,1),('2016-09-05 20:14:23','2016-09-05 20:14:23',1,6),('2016-09-05 20:14:23','2016-09-05 20:14:23',1,7),('2016-09-13 16:17:35','2016-09-13 16:17:35',50,14),('2016-09-13 16:17:35','2016-09-13 16:17:35',50,28),('2016-09-12 21:49:41','2016-09-12 21:49:41',118,1),('2016-09-12 21:49:41','2016-09-12 21:49:41',118,28),('2016-09-13 16:19:05','2016-09-13 16:19:05',121,6),('2016-09-13 16:19:05','2016-09-13 16:19:05',121,7),('2016-09-13 16:19:05','2016-09-13 16:19:05',121,10),('2016-09-13 16:19:05','2016-09-13 16:19:05',121,12),('2016-09-13 16:19:05','2016-09-13 16:19:05',121,34),('2016-09-13 16:19:05','2016-09-13 16:19:05',121,37),('2016-09-13 16:17:39','2016-09-13 16:17:39',432,28),('2016-09-12 21:48:24','2016-09-12 21:48:24',619,28),('2016-09-06 19:07:33','2016-09-06 19:07:33',730,4),('2016-09-06 19:07:33','2016-09-06 19:07:33',730,19),('2016-09-13 16:17:39','2016-09-13 16:17:39',1017,5),('2016-09-12 21:51:15','2016-09-12 21:51:15',1041,7),('2016-09-12 21:51:15','2016-09-12 21:51:15',1041,22),('2016-09-12 21:50:20','2016-09-12 21:50:20',1942,28),('2016-09-13 16:18:42','2016-09-13 16:18:42',2955,2),('2016-09-13 16:18:42','2016-09-13 16:18:42',2955,5),('2016-09-13 16:18:42','2016-09-13 16:18:42',2955,31),('2016-09-13 16:18:42','2016-09-13 16:18:42',2955,60),('2016-09-13 16:17:39','2016-09-13 16:17:39',3076,1),('2016-09-13 16:17:39','2016-09-13 16:17:39',3076,3),('2016-09-13 16:17:39','2016-09-13 16:17:39',3076,5),('2016-09-12 21:51:10','2016-09-12 21:51:10',3685,4),('2016-09-12 21:51:10','2016-09-12 21:51:10',3685,22),('2016-09-12 21:51:16','2016-09-12 21:51:16',4098,1),('2016-09-12 21:51:16','2016-09-12 21:51:16',4098,24),('2016-09-12 21:51:16','2016-09-12 21:51:16',4098,27),('2016-09-13 16:18:40','2016-09-13 16:18:40',8045,1),('2016-09-13 16:18:40','2016-09-13 16:18:40',8045,6),('2016-09-13 16:18:40','2016-09-13 16:18:40',8045,21),('2016-09-12 21:50:24','2016-09-12 21:50:24',9216,1),('2016-09-12 21:50:24','2016-09-12 21:50:24',9216,3),('2016-09-12 21:50:24','2016-09-12 21:50:24',9216,20),('2016-09-12 21:50:24','2016-09-12 21:50:24',9216,21),('2016-09-13 16:18:41','2016-09-13 16:18:41',9625,2),('2016-09-13 16:18:41','2016-09-13 16:18:41',9625,7),('2016-09-13 16:18:41','2016-09-13 16:18:41',9625,10),('2016-09-13 16:18:41','2016-09-13 16:18:41',9625,26),('2016-09-13 16:18:41','2016-09-13 16:18:41',9625,45),('2016-09-13 16:18:42','2016-09-13 16:18:42',12333,4),('2016-09-13 16:18:42','2016-09-13 16:18:42',12333,7),('2016-09-13 16:18:42','2016-09-13 16:18:42',12333,58),('2016-09-12 21:48:23','2016-09-12 21:48:23',13780,7),('2016-09-12 21:48:23','2016-09-12 21:48:23',13780,22),('2016-09-12 21:49:42','2016-09-12 21:49:42',15363,10),('2016-09-12 21:49:42','2016-09-12 21:49:42',15363,12),('2016-09-12 21:49:42','2016-09-12 21:49:42',15363,14),('2016-09-12 21:49:42','2016-09-12 21:49:42',17651,4),('2016-09-12 21:49:42','2016-09-12 21:49:42',17651,41),('2016-09-12 21:48:25','2016-09-12 21:48:25',19777,1),('2016-09-12 21:48:25','2016-09-12 21:48:25',19777,25),('2016-09-12 21:48:25','2016-09-12 21:48:25',19777,27),('2016-09-13 16:17:36','2016-09-13 16:17:36',21241,10),('2016-09-13 16:17:36','2016-09-13 16:17:36',21241,12),('2016-09-12 21:48:24','2016-09-12 21:48:24',25613,1),('2016-09-12 21:48:24','2016-09-12 21:48:24',25613,26),('2016-09-13 16:18:42','2016-09-13 16:18:42',27708,7),('2016-09-12 21:50:23','2016-09-12 21:50:23',27833,1),('2016-09-12 21:50:23','2016-09-12 21:50:23',27833,24),('2016-09-12 21:50:23','2016-09-12 21:50:23',27833,27),('2016-09-13 16:19:06','2016-09-13 16:19:06',30380,1),('2016-09-13 16:19:06','2016-09-13 16:19:06',30380,3),('2016-09-12 21:51:46','2016-09-12 21:51:46',31481,12),('2016-09-12 21:51:46','2016-09-12 21:51:46',31481,13),('2016-09-12 21:51:46','2016-09-12 21:51:46',31481,27),('2016-09-12 21:51:46','2016-09-12 21:51:46',31481,50),('2016-09-12 21:51:46','2016-09-12 21:51:46',31481,53),('2016-09-12 21:49:41','2016-09-12 21:49:41',33160,14),('2016-09-12 21:49:41','2016-09-12 21:49:41',33160,20),('2016-09-12 21:49:41','2016-09-12 21:49:41',33160,21),('2016-09-12 21:49:25','2016-09-12 21:49:25',35285,1),('2016-09-12 21:49:25','2016-09-12 21:49:25',35285,24),('2016-09-12 21:49:25','2016-09-12 21:49:25',35285,27),('2016-09-13 16:18:44','2016-09-13 16:18:44',37111,7),('2016-09-13 16:18:44','2016-09-13 16:18:44',37111,12),('2016-09-13 16:18:44','2016-09-13 16:18:44',37111,13),('2016-09-13 16:18:44','2016-09-13 16:18:44',37111,29),('2016-09-13 16:18:44','2016-09-13 16:18:44',37111,36),('2016-09-13 16:18:44','2016-09-13 16:18:44',37111,37),('2016-09-13 16:18:44','2016-09-13 16:18:44',37111,42),('2016-09-13 16:18:41','2016-09-13 16:18:41',39351,1),('2016-09-13 16:18:41','2016-09-13 16:18:41',39351,25),('2016-09-12 21:51:16','2016-09-12 21:51:16',41066,4),('2016-09-12 21:51:16','2016-09-12 21:51:16',41066,6),('2016-09-12 21:51:16','2016-09-12 21:51:16',41066,7),('2016-09-12 21:51:16','2016-09-12 21:51:16',41066,21),('2016-09-12 21:51:16','2016-09-12 21:51:16',41066,39),('2016-09-12 21:51:16','2016-09-12 21:51:16',41066,41),('2016-09-12 21:48:23','2016-09-12 21:48:23',41749,1),('2016-09-12 21:48:23','2016-09-12 21:48:23',41749,6),('2016-09-12 21:48:23','2016-09-12 21:48:23',41749,24),('2016-09-12 21:48:23','2016-09-12 21:48:23',41749,27),('2016-09-12 21:50:24','2016-09-12 21:50:24',42052,1),('2016-09-12 21:50:24','2016-09-12 21:50:24',42052,25),('2016-09-13 16:17:37','2016-09-13 16:17:37',43015,21),('2016-09-12 21:50:25','2016-09-12 21:50:25',45315,1),('2016-09-12 21:50:25','2016-09-12 21:50:25',45315,10),('2016-09-12 21:50:25','2016-09-12 21:50:25',45315,15),('2016-09-12 21:50:25','2016-09-12 21:50:25',45315,50),('2016-09-13 16:17:35','2016-09-13 16:17:35',54043,28),('2016-09-13 16:17:35','2016-09-13 16:17:35',54043,46),('2016-09-12 21:50:20','2016-09-12 21:50:20',62222,4),('2016-09-12 21:50:20','2016-09-12 21:50:20',62222,43),('2016-09-13 16:18:40','2016-09-13 16:18:40',62227,4),('2016-09-13 16:18:40','2016-09-13 16:18:40',62227,7),('2016-09-13 16:18:40','2016-09-13 16:18:40',62227,39),('2016-09-13 16:18:40','2016-09-13 16:18:40',62227,58),('2016-09-12 21:48:23','2016-09-12 21:48:23',65901,1),('2016-09-12 21:48:23','2016-09-12 21:48:23',65901,25),('2016-09-12 21:48:23','2016-09-12 21:48:23',65901,27),('2016-09-12 21:48:25','2016-09-12 21:48:25',67917,7),('2016-09-12 21:48:25','2016-09-12 21:48:25',67917,37),('2016-09-12 21:48:25','2016-09-12 21:48:25',67917,38),('2016-09-13 16:17:36','2016-09-13 16:17:36',68448,5),('2016-09-13 16:17:36','2016-09-13 16:17:36',68448,26),('2016-09-13 16:17:36','2016-09-13 16:17:36',68448,28),('2016-09-13 16:17:36','2016-09-13 16:17:36',68448,31),('2016-09-12 21:51:39','2016-09-12 21:51:39',70149,1),('2016-09-12 21:51:39','2016-09-12 21:51:39',70149,2),('2016-09-12 21:51:39','2016-09-12 21:51:39',70149,5),('2016-09-12 21:51:39','2016-09-12 21:51:39',70149,22),('2016-09-12 21:51:39','2016-09-12 21:51:39',70149,25),('2016-09-12 21:51:39','2016-09-12 21:51:39',70149,39),('2016-09-12 21:49:25','2016-09-12 21:49:25',70512,15),('2016-09-12 21:49:25','2016-09-12 21:49:25',70512,39),('2016-09-12 21:50:20','2016-09-12 21:50:20',72225,1),('2016-09-12 21:50:20','2016-09-12 21:50:20',72225,25),('2016-09-12 21:50:20','2016-09-12 21:50:20',72225,44),('2016-09-12 21:49:41','2016-09-12 21:49:41',73439,1),('2016-09-12 21:49:41','2016-09-12 21:49:41',73439,9),('2016-09-12 21:49:41','2016-09-12 21:49:41',73439,22),('2016-09-13 16:17:35','2016-09-13 16:17:35',84876,2),('2016-09-13 16:17:35','2016-09-13 16:17:35',84876,9),('2016-09-13 16:17:35','2016-09-13 16:17:35',84876,22),('2016-09-12 21:49:41','2016-09-12 21:49:41',94104,15),('2016-09-12 21:49:41','2016-09-12 21:49:41',94104,28),('2016-09-12 21:49:40','2016-09-12 21:49:40',94104,31),('2016-09-12 21:49:41','2016-09-12 21:49:41',94104,40),('2016-09-12 21:48:24','2016-09-12 21:48:24',95527,1),('2016-09-12 21:48:24','2016-09-12 21:48:24',95527,3),('2016-09-12 21:48:24','2016-09-12 21:48:24',95527,9),('2016-09-12 21:48:24','2016-09-12 21:48:24',95527,20),('2016-09-13 16:17:39','2016-09-13 16:17:39',96913,22),('2016-09-13 16:17:35','2016-09-13 16:17:35',97903,16),('2016-09-13 16:17:35','2016-09-13 16:17:35',97903,56),('2016-09-13 16:18:42','2016-09-13 16:18:42',97915,44),('2016-09-13 16:18:42','2016-09-13 16:18:42',97915,46),('2016-09-13 16:18:42','2016-09-13 16:18:42',97915,47),('2016-09-13 16:17:36','2016-09-13 16:17:36',102794,1),('2016-09-13 16:17:36','2016-09-13 16:17:36',102794,3),('2016-09-13 16:17:36','2016-09-13 16:17:36',102794,15),('2016-09-13 16:17:36','2016-09-13 16:17:36',102794,46),('2016-09-12 21:49:41','2016-09-12 21:49:41',104006,3),('2016-09-12 21:49:41','2016-09-12 21:49:41',104006,22),('2016-09-13 16:17:36','2016-09-13 16:17:36',105134,4),('2016-09-13 16:17:36','2016-09-13 16:17:36',105134,9),('2016-09-12 21:51:47','2016-09-12 21:51:47',110327,5),('2016-09-12 21:51:47','2016-09-12 21:51:47',110327,15),('2016-09-13 16:17:38','2016-09-13 16:17:38',120677,1),('2016-09-13 16:17:38','2016-09-13 16:17:38',120677,2),('2016-09-13 16:17:38','2016-09-13 16:17:38',120677,15),('2016-09-13 16:17:38','2016-09-13 16:17:38',120677,26),('2016-09-12 21:51:16','2016-09-12 21:51:16',121408,2),('2016-09-12 21:51:16','2016-09-12 21:51:16',121408,24),('2016-09-12 21:51:16','2016-09-12 21:51:16',121408,28),('2016-09-13 16:17:37','2016-09-13 16:17:37',121921,8),('2016-09-13 16:17:37','2016-09-13 16:17:37',121921,14),('2016-09-13 16:17:37','2016-09-13 16:17:37',121921,34),('2016-09-12 21:48:24','2016-09-12 21:48:24',122298,28),('2016-09-12 21:48:24','2016-09-12 21:48:24',122298,33),('2016-09-07 11:51:33','2016-09-07 11:51:33',122515,1),('2016-09-07 11:51:33','2016-09-07 11:51:33',122515,2),('2016-09-07 11:51:33','2016-09-07 11:51:33',122515,5),('2016-09-07 11:51:33','2016-09-07 11:51:33',122515,20),('2016-09-07 11:51:33','2016-09-07 11:51:33',122515,21),('2016-09-12 21:49:40','2016-09-12 21:49:40',123499,1),('2016-09-12 21:49:40','2016-09-12 21:49:40',123499,5),('2016-09-12 21:49:40','2016-09-12 21:49:40',123499,15),('2016-09-12 21:49:40','2016-09-12 21:49:40',123499,26),('2016-09-12 21:49:40','2016-09-12 21:49:40',123499,28),('2016-09-13 16:18:41','2016-09-13 16:18:41',124361,1),('2016-09-13 16:18:41','2016-09-13 16:18:41',124361,20),('2016-09-13 16:18:41','2016-09-13 16:18:41',124361,31),('2016-09-05 23:18:44','2016-09-05 23:18:44',124827,8),('2016-09-05 23:18:44','2016-09-05 23:18:44',124827,9),('2016-09-05 23:18:44','2016-09-05 23:18:44',124827,10),('2016-09-05 23:18:44','2016-09-05 23:18:44',124827,11),('2016-09-05 23:18:44','2016-09-05 23:18:44',124827,12),('2016-09-05 23:18:44','2016-09-05 23:18:44',124827,13),('2016-09-12 21:51:46','2016-09-12 21:51:46',125153,1),('2016-09-12 21:48:24','2016-09-12 21:48:24',125678,28),('2016-09-12 21:48:24','2016-09-12 21:48:24',125678,32),('2016-09-12 21:48:23','2016-09-12 21:48:23',126042,1),('2016-09-12 21:48:23','2016-09-12 21:48:23',126042,26),('2016-09-12 21:48:23','2016-09-12 21:48:23',126042,28),('2016-09-13 16:19:06','2016-09-13 16:19:06',126163,1),('2016-09-13 16:19:06','2016-09-13 16:19:06',126163,3),('2016-09-13 16:19:06','2016-09-13 16:19:06',126163,26),('2016-09-13 16:19:06','2016-09-13 16:19:06',126163,31),('2016-09-13 16:19:06','2016-09-13 16:19:06',126163,40),('2016-09-13 16:18:40','2016-09-13 16:18:40',127023,10),('2016-09-13 16:18:40','2016-09-13 16:18:40',127023,11),('2016-09-13 16:18:40','2016-09-13 16:18:40',127023,31),('2016-09-13 16:18:40','2016-09-13 16:18:40',127023,40),('2016-09-12 21:48:25','2016-09-12 21:48:25',128671,6),('2016-09-12 21:48:25','2016-09-12 21:48:25',128671,10),('2016-09-12 21:48:25','2016-09-12 21:48:25',128671,29),('2016-09-12 21:48:25','2016-09-12 21:48:25',128671,31),('2016-09-12 21:50:19','2016-09-12 21:50:19',129320,9),('2016-09-12 21:50:19','2016-09-12 21:50:19',129320,22),('2016-09-12 21:49:42','2016-09-12 21:49:42',129437,28),('2016-09-12 21:49:42','2016-09-12 21:49:42',129437,32),('2016-09-12 21:50:25','2016-09-12 21:50:25',131287,1),('2016-09-12 21:50:25','2016-09-12 21:50:25',131287,20),('2016-09-12 21:50:25','2016-09-12 21:50:25',131287,27),('2016-09-12 21:49:41','2016-09-12 21:49:41',131339,16),('2016-09-12 21:49:41','2016-09-12 21:49:41',131339,23),('2016-09-12 21:50:19','2016-09-12 21:50:19',131357,7),('2016-09-12 21:50:19','2016-09-12 21:50:19',131357,28),('2016-09-12 21:50:19','2016-09-12 21:50:19',131357,37),('2016-09-12 21:50:19','2016-09-12 21:50:19',131357,42),('2016-09-12 21:49:43','2016-09-12 21:49:43',131751,8),('2016-09-12 21:49:43','2016-09-12 21:49:43',131751,11),('2016-09-12 21:49:43','2016-09-12 21:49:43',131751,12),('2016-09-12 21:49:43','2016-09-12 21:49:43',131751,14),('2016-09-12 21:49:43','2016-09-12 21:49:43',131751,16),('2016-09-12 21:49:43','2016-09-12 21:49:43',131751,17),('2016-09-12 21:49:43','2016-09-12 21:49:43',131751,18),('2016-09-12 21:49:43','2016-09-12 21:49:43',131751,23),('2016-09-12 21:51:15','2016-09-12 21:51:15',132018,7),('2016-09-12 21:51:15','2016-09-12 21:51:15',132018,19),('2016-09-13 16:19:06','2016-09-13 16:19:06',132028,4),('2016-09-13 16:19:06','2016-09-13 16:19:06',132028,19),('2016-09-12 21:49:42','2016-09-12 21:49:42',132531,1),('2016-09-12 21:49:42','2016-09-12 21:49:42',132531,9),('2016-09-12 21:49:42','2016-09-12 21:49:42',132531,12),('2016-09-12 21:49:42','2016-09-12 21:49:42',132531,13),('2016-09-12 21:49:42','2016-09-12 21:49:42',132531,26),('2016-09-12 21:51:15','2016-09-12 21:51:15',132544,1),('2016-09-12 21:51:15','2016-09-12 21:51:15',132544,25),('2016-09-12 21:51:15','2016-09-12 21:51:15',132544,28),('2016-09-12 21:51:15','2016-09-12 21:51:15',132544,33),('2016-09-12 21:51:15','2016-09-12 21:51:15',132544,37),('2016-09-12 21:50:20','2016-09-12 21:50:20',133848,12),('2016-09-13 16:17:36','2016-09-13 16:17:36',134964,4),('2016-09-13 16:17:36','2016-09-13 16:17:36',134964,12),('2016-09-12 21:48:25','2016-09-12 21:48:25',136888,1),('2016-09-12 21:48:25','2016-09-12 21:48:25',136888,5),('2016-09-12 21:48:25','2016-09-12 21:48:25',136888,9),('2016-09-12 21:48:25','2016-09-12 21:48:25',136888,21),('2016-09-12 21:48:25','2016-09-12 21:48:25',136888,28),('2016-09-12 21:49:41','2016-09-12 21:49:41',136955,4),('2016-09-12 21:49:41','2016-09-12 21:49:41',136955,28),('2016-09-12 21:49:41','2016-09-12 21:49:41',136955,31),('2016-09-12 21:48:24','2016-09-12 21:48:24',138161,12),('2016-09-12 21:48:24','2016-09-12 21:48:24',138161,13),('2016-09-12 21:48:24','2016-09-12 21:48:24',138161,29),('2016-09-12 21:48:24','2016-09-12 21:48:24',138161,30),('2016-09-13 16:18:42','2016-09-13 16:18:42',140603,14),('2016-09-13 16:18:42','2016-09-13 16:18:42',140603,20),('2016-09-13 16:18:42','2016-09-13 16:18:42',140603,21),('2016-09-13 16:18:42','2016-09-13 16:18:42',140603,37),('2016-09-13 16:18:42','2016-09-13 16:18:42',140603,59),('2016-09-13 16:17:37','2016-09-13 16:17:37',140620,57),('2016-09-13 16:17:39','2016-09-13 16:17:39',141090,1),('2016-09-13 16:17:39','2016-09-13 16:17:39',141090,25),('2016-09-12 21:48:24','2016-09-12 21:48:24',141517,7),('2016-09-12 21:48:24','2016-09-12 21:48:24',141517,15),('2016-09-12 21:48:24','2016-09-12 21:48:24',141517,16),('2016-09-12 21:48:24','2016-09-12 21:48:24',141517,17),('2016-09-12 21:48:24','2016-09-12 21:48:24',141517,34),('2016-09-12 21:48:24','2016-09-12 21:48:24',141517,35),('2016-09-12 21:48:24','2016-09-12 21:48:24',141517,36),('2016-09-12 21:48:24','2016-09-12 21:48:24',143401,1),('2016-09-12 21:48:24','2016-09-12 21:48:24',143401,27),('2016-09-12 21:48:24','2016-09-12 21:48:24',143401,31),('2016-09-12 21:48:23','2016-09-12 21:48:23',143519,2),('2016-09-12 21:48:23','2016-09-12 21:48:23',143519,9),('2016-09-12 21:48:23','2016-09-12 21:48:23',143519,10),('2016-09-12 21:48:23','2016-09-12 21:48:23',143519,12),('2016-09-12 21:48:23','2016-09-12 21:48:23',143519,13),('2016-09-12 21:48:23','2016-09-12 21:48:23',143519,26),('2016-09-12 21:48:25','2016-09-12 21:48:25',143693,1),('2016-09-12 21:48:25','2016-09-12 21:48:25',143693,5),('2016-09-12 21:48:25','2016-09-12 21:48:25',143693,22),('2016-09-12 21:51:16','2016-09-12 21:51:16',143884,5),('2016-09-12 21:51:16','2016-09-12 21:51:16',143884,9),('2016-09-12 21:51:16','2016-09-12 21:51:16',143884,28),('2016-09-12 21:50:24','2016-09-12 21:50:24',144344,1),('2016-09-12 21:50:24','2016-09-12 21:50:24',144344,45),('2016-09-12 21:48:25','2016-09-12 21:48:25',144592,1),('2016-09-12 21:48:23','2016-09-12 21:48:23',144733,24),('2016-09-12 21:48:23','2016-09-12 21:48:23',144733,25),('2016-09-12 21:51:47','2016-09-12 21:51:47',146021,8),('2016-09-12 21:51:47','2016-09-12 21:51:47',146021,10),('2016-09-12 21:51:47','2016-09-12 21:51:47',146021,15),('2016-09-12 21:51:47','2016-09-12 21:51:47',146021,16),('2016-09-12 21:51:47','2016-09-12 21:51:47',146021,34),('2016-09-12 21:49:42','2016-09-12 21:49:42',146439,4),('2016-09-12 21:49:42','2016-09-12 21:49:42',146439,9),('2016-09-12 21:49:42','2016-09-12 21:49:42',146439,11),('2016-09-12 21:49:42','2016-09-12 21:49:42',146439,15),('2016-09-12 21:51:46','2016-09-12 21:51:46',146508,8),('2016-09-12 21:51:46','2016-09-12 21:51:46',146508,12),('2016-09-12 21:51:46','2016-09-12 21:51:46',146508,22),('2016-09-13 16:17:36','2016-09-13 16:17:36',146652,12),('2016-09-13 16:17:36','2016-09-13 16:17:36',146652,16),('2016-09-13 16:17:36','2016-09-13 16:17:36',146652,28),('2016-09-13 16:17:36','2016-09-13 16:17:36',146652,29),('2016-09-13 16:18:41','2016-09-13 16:18:41',146886,1),('2016-09-13 16:18:41','2016-09-13 16:18:41',146886,3),('2016-09-12 21:50:20','2016-09-12 21:50:20',147101,3),('2016-09-12 21:50:20','2016-09-12 21:50:20',147101,23),('2016-09-12 21:50:19','2016-09-12 21:50:19',148228,1),('2016-09-12 21:50:19','2016-09-12 21:50:19',148228,21),('2016-09-12 21:50:19','2016-09-12 21:50:19',148228,28),('2016-09-12 21:51:10','2016-09-12 21:51:10',150013,4),('2016-09-12 21:51:10','2016-09-12 21:51:10',150013,19),('2016-09-12 21:49:42','2016-09-12 21:49:42',150146,9),('2016-09-12 21:49:42','2016-09-12 21:49:42',150376,16),('2016-09-12 21:49:42','2016-09-12 21:49:42',150376,35),('2016-09-12 21:49:42','2016-09-12 21:49:42',150376,37),('2016-09-12 21:49:41','2016-09-12 21:49:41',154008,9),('2016-09-12 21:49:40','2016-09-12 21:49:40',154182,2),('2016-09-12 21:49:40','2016-09-12 21:49:40',154182,40),('2016-09-12 21:50:25','2016-09-12 21:50:25',154203,1),('2016-09-12 21:50:25','2016-09-12 21:50:25',154203,5),('2016-09-12 21:50:25','2016-09-12 21:50:25',154203,26),('2016-09-12 21:50:25','2016-09-12 21:50:25',154203,28),('2016-09-12 21:50:25','2016-09-12 21:50:25',154203,31),('2016-09-12 21:50:24','2016-09-12 21:50:24',155703,28),('2016-09-12 21:50:24','2016-09-12 21:50:24',155703,33),('2016-09-12 21:50:24','2016-09-12 21:50:24',155703,44),('2016-09-12 21:50:24','2016-09-12 21:50:24',155703,46),('2016-09-12 21:50:24','2016-09-12 21:50:24',155703,47),('2016-09-12 21:50:24','2016-09-12 21:50:24',155703,48),('2016-09-12 21:50:25','2016-09-12 21:50:25',157096,26),('2016-09-12 21:51:45','2016-09-12 21:51:45',157969,6),('2016-09-12 21:51:45','2016-09-12 21:51:45',157969,22),('2016-09-12 21:51:45','2016-09-12 21:51:45',157969,28),('2016-09-12 21:51:45','2016-09-12 21:51:45',157969,34),('2016-09-12 21:51:45','2016-09-12 21:51:45',157969,37),('2016-09-12 21:51:45','2016-09-12 21:51:45',157969,50),('2016-09-12 21:50:24','2016-09-12 21:50:24',158109,10),('2016-09-12 21:50:24','2016-09-12 21:50:24',158109,12),('2016-09-12 21:50:24','2016-09-12 21:50:24',158109,13),('2016-09-12 21:50:24','2016-09-12 21:50:24',158109,27),('2016-09-12 21:50:24','2016-09-12 21:50:24',158109,32),('2016-09-12 21:51:46','2016-09-12 21:51:46',159675,1),('2016-09-12 21:51:46','2016-09-12 21:51:46',159675,3),('2016-09-12 21:51:46','2016-09-12 21:51:46',159675,25),('2016-09-12 21:49:41','2016-09-12 21:49:41',161317,1),('2016-09-12 21:49:41','2016-09-12 21:49:41',161317,2),('2016-09-12 21:49:41','2016-09-12 21:49:41',161317,15),('2016-09-12 21:49:41','2016-09-12 21:49:41',161317,23),('2016-09-12 21:49:41','2016-09-12 21:49:41',161317,26),('2016-09-12 21:50:24','2016-09-12 21:50:24',161417,28),('2016-09-12 21:50:24','2016-09-12 21:50:24',161417,49),('2016-09-12 21:51:16','2016-09-12 21:51:16',161936,44),('2016-09-12 21:51:16','2016-09-12 21:51:16',161936,52),('2016-09-12 21:50:20','2016-09-12 21:50:20',161970,15),('2016-09-12 21:50:20','2016-09-12 21:50:20',161970,42),('2016-09-12 21:51:45','2016-09-12 21:51:45',163967,9),('2016-09-12 21:51:45','2016-09-12 21:51:45',163967,12),('2016-09-12 21:51:45','2016-09-12 21:51:45',163967,13),('2016-09-12 21:51:10','2016-09-12 21:51:10',164153,4),('2016-09-12 21:51:10','2016-09-12 21:51:10',164153,8),('2016-09-12 21:51:10','2016-09-12 21:51:10',164153,10),('2016-09-12 21:51:10','2016-09-12 21:51:10',164153,11),('2016-09-12 21:51:10','2016-09-12 21:51:10',164153,12),('2016-09-12 21:51:10','2016-09-12 21:51:10',164153,29),('2016-09-12 21:51:17','2016-09-12 21:51:17',164338,2),('2016-09-12 21:51:17','2016-09-12 21:51:17',164338,26),('2016-09-12 21:49:41','2016-09-12 21:49:41',166857,2),('2016-09-12 21:49:41','2016-09-12 21:49:41',166857,10),('2016-09-12 21:49:41','2016-09-12 21:49:41',166857,20),('2016-09-12 21:49:41','2016-09-12 21:49:41',166857,26),('2016-09-12 21:49:41','2016-09-12 21:49:41',166857,31),('2016-09-12 21:51:46','2016-09-12 21:51:46',167650,4),('2016-09-12 21:51:46','2016-09-12 21:51:46',167650,19),('2016-09-05 18:46:17','2016-09-05 18:46:17',168435,5),('2016-09-05 18:46:17','2016-09-05 18:46:17',168435,6),('2016-09-05 14:14:41','2016-09-05 14:14:41',169786,1),('2016-09-05 14:14:41','2016-09-05 14:14:41',169786,2),('2016-09-05 14:14:41','2016-09-05 14:14:41',169786,3),('2016-09-12 21:51:45','2016-09-12 21:51:45',170042,20),('2016-09-12 21:51:45','2016-09-12 21:51:45',170042,22),('2016-09-12 21:51:10','2016-09-12 21:51:10',170216,10),('2016-09-12 21:51:10','2016-09-12 21:51:10',170216,11),('2016-09-12 21:51:10','2016-09-12 21:51:10',170216,15),('2016-09-12 21:51:10','2016-09-12 21:51:10',170216,40),('2016-09-12 21:51:16','2016-09-12 21:51:16',172381,5),('2016-09-12 21:51:16','2016-09-12 21:51:16',172381,9),('2016-09-12 21:51:17','2016-09-12 21:51:17',172386,1),('2016-09-12 21:51:16','2016-09-12 21:51:16',172818,5),('2016-09-12 21:51:16','2016-09-12 21:51:16',172818,14),('2016-09-12 21:51:16','2016-09-12 21:51:16',172818,15),('2016-09-12 21:51:17','2016-09-12 21:51:17',174319,4),('2016-09-12 21:51:17','2016-09-12 21:51:17',174319,19),('2016-09-12 21:51:17','2016-09-12 21:51:17',174319,23),('2016-09-12 21:51:46','2016-09-12 21:51:46',174785,1),('2016-09-12 21:51:46','2016-09-12 21:51:46',174785,26),('2016-09-12 21:51:46','2016-09-12 21:51:46',174785,31),('2016-09-13 16:19:05','2016-09-13 16:19:05',175155,4),('2016-09-13 16:19:05','2016-09-13 16:19:05',175155,10),('2016-09-13 16:19:05','2016-09-13 16:19:05',175155,11),('2016-09-13 16:19:05','2016-09-13 16:19:05',175155,12),('2016-09-13 16:19:05','2016-09-13 16:19:05',175155,37),('2016-09-10 03:48:39','2016-09-10 03:48:39',180037,1),('2016-09-10 03:48:39','2016-09-10 03:48:39',180037,5),('2016-09-10 03:48:39','2016-09-10 03:48:39',180037,22),('2016-09-10 03:48:39','2016-09-10 03:48:39',180037,23),('2016-09-12 21:51:15','2016-09-12 21:51:15',180899,1),('2016-09-12 21:51:10','2016-09-12 21:51:10',181494,26),('2016-09-12 21:51:10','2016-09-12 21:51:10',181494,28),('2016-09-12 21:51:10','2016-09-12 21:51:10',181494,50),('2016-09-12 21:51:15','2016-09-12 21:51:15',182619,1),('2016-09-12 21:51:15','2016-09-12 21:51:15',182619,14),('2016-09-12 21:51:15','2016-09-12 21:51:15',182619,51),('2016-09-12 21:51:45','2016-09-12 21:51:45',187645,4),('2016-09-12 21:51:45','2016-09-12 21:51:45',187645,12),('2016-09-12 21:51:45','2016-09-12 21:51:45',187645,29),('2016-09-05 18:43:25','2016-09-05 18:43:25',199727,1),('2016-09-05 18:43:25','2016-09-05 18:43:25',199727,2),('2016-09-05 18:43:25','2016-09-05 18:43:25',199727,3),('2016-09-05 18:43:25','2016-09-05 18:43:25',199727,4),('2016-09-12 21:51:47','2016-09-12 21:51:47',200784,8),('2016-09-12 21:51:47','2016-09-12 21:51:47',200784,10),('2016-09-12 21:51:47','2016-09-12 21:51:47',200784,11),('2016-09-12 21:51:47','2016-09-12 21:51:47',200784,14),('2016-09-12 21:51:47','2016-09-12 21:51:47',200784,15),('2016-09-12 21:51:47','2016-09-12 21:51:47',200784,23),('2016-09-12 21:51:47','2016-09-12 21:51:47',200784,54),('2016-09-12 21:51:47','2016-09-12 21:51:47',200784,55),('2016-09-06 19:05:10','2016-09-06 19:05:10',205059,8),('2016-09-06 19:05:10','2016-09-06 19:05:10',205059,10),('2016-09-06 19:05:10','2016-09-06 19:05:10',205059,11),('2016-09-06 19:05:10','2016-09-06 19:05:10',205059,14),('2016-09-06 19:05:10','2016-09-06 19:05:10',205059,15),('2016-09-06 19:05:10','2016-09-06 19:05:10',205059,16),('2016-09-06 19:05:10','2016-09-06 19:05:10',205059,17),('2016-09-06 19:05:10','2016-09-06 19:05:10',205059,18);
/*!40000 ALTER TABLE `GameCategory` ENABLE KEYS */;
UNLOCK TABLES;

--
-- Table structure for table `GameDesigner`
--

DROP TABLE IF EXISTS `GameDesigner`;
/*!40101 SET @saved_cs_client     = @@character_set_client */;
/*!40101 SET character_set_client = utf8 */;
CREATE TABLE `GameDesigner` (
  `createdAt` datetime NOT NULL,
  `updatedAt` datetime NOT NULL,
  `GameId` int(11) NOT NULL,
  `DesignerId` int(11) NOT NULL,
  PRIMARY KEY (`GameId`,`DesignerId`),
  KEY `DesignerId` (`DesignerId`),
  CONSTRAINT `GameDesigner_ibfk_1` FOREIGN KEY (`GameId`) REFERENCES `Games` (`id`) ON DELETE CASCADE ON UPDATE CASCADE,
  CONSTRAINT `GameDesigner_ibfk_2` FOREIGN KEY (`DesignerId`) REFERENCES `Designers` (`id`) ON DELETE CASCADE ON UPDATE CASCADE
) ENGINE=InnoDB DEFAULT CHARSET=utf8 COLLATE=utf8_unicode_ci;
/*!40101 SET character_set_client = @saved_cs_client */;

--
-- Dumping data for table `GameDesigner`
--

LOCK TABLES `GameDesigner` WRITE;
/*!40000 ALTER TABLE `GameDesigner` DISABLE KEYS */;
INSERT INTO `GameDesigner` VALUES ('2016-09-05 20:14:23','2016-09-05 20:14:23',1,5),('2016-09-13 16:17:35','2016-09-13 16:17:35',50,56),('2016-09-12 21:49:41','2016-09-12 21:49:41',118,56),('2016-09-13 16:19:06','2016-09-13 16:19:06',121,148),('2016-09-13 16:19:06','2016-09-13 16:19:06',121,149),('2016-09-13 16:19:06','2016-09-13 16:19:06',121,150),('2016-09-13 16:17:39','2016-09-13 16:17:39',432,134),('2016-09-12 21:48:24','2016-09-12 21:48:24',619,31),('2016-09-06 19:07:33','2016-09-06 19:07:33',730,9),('2016-09-06 19:07:33','2016-09-06 19:07:33',730,10),('2016-09-13 16:17:39','2016-09-13 16:17:39',1017,74),('2016-09-12 21:51:15','2016-09-12 21:51:15',1041,99),('2016-09-12 21:51:15','2016-09-12 21:51:15',1041,100),('2016-09-12 21:50:20','2016-09-12 21:50:20',1942,74),('2016-09-13 16:18:42','2016-09-13 16:18:42',2955,134),('2016-09-13 16:18:42','2016-09-13 16:18:42',2955,143),('2016-09-13 16:17:39','2016-09-13 16:17:39',3076,133),('2016-09-12 21:51:10','2016-09-12 21:51:10',3685,92),('2016-09-12 21:51:10','2016-09-12 21:51:10',3685,93),('2016-09-12 21:51:16','2016-09-12 21:51:16',4098,22),('2016-09-13 16:18:40','2016-09-13 16:18:40',8045,22),('2016-09-12 21:50:24','2016-09-12 21:50:24',9216,86),('2016-09-13 16:18:41','2016-09-13 16:18:41',9625,22),('2016-09-13 16:18:42','2016-09-13 16:18:42',12333,140),('2016-09-13 16:18:42','2016-09-13 16:18:42',12333,141),('2016-09-12 21:48:23','2016-09-12 21:48:23',13780,21),('2016-09-12 21:49:42','2016-09-12 21:49:42',15363,63),('2016-09-12 21:49:42','2016-09-12 21:49:42',15363,64),('2016-09-12 21:49:42','2016-09-12 21:49:42',17651,65),('2016-09-12 21:48:25','2016-09-12 21:48:25',19777,38),('2016-09-12 21:48:25','2016-09-12 21:48:25',19777,39),('2016-09-13 16:17:36','2016-09-13 16:17:36',21241,125),('2016-09-12 21:48:24','2016-09-12 21:48:24',25613,29),('2016-09-13 16:18:42','2016-09-13 16:18:42',27708,141),('2016-09-13 16:18:42','2016-09-13 16:18:42',27708,145),('2016-09-12 21:50:24','2016-09-12 21:50:24',27833,22),('2016-09-13 16:19:06','2016-09-13 16:19:06',30380,151),('2016-09-13 16:19:06','2016-09-13 16:19:06',30380,152),('2016-09-12 21:51:46','2016-09-12 21:51:46',31481,29),('2016-09-12 21:49:41','2016-09-12 21:49:41',33160,51),('2016-09-12 21:49:41','2016-09-12 21:49:41',33160,52),('2016-09-12 21:49:25','2016-09-12 21:49:25',35285,40),('2016-09-13 16:18:44','2016-09-13 16:18:44',37111,70),('2016-09-13 16:18:41','2016-09-13 16:18:41',39351,22),('2016-09-12 21:51:17','2016-09-12 21:51:17',41066,107),('2016-09-12 21:48:23','2016-09-12 21:48:23',41749,16),('2016-09-12 21:50:24','2016-09-12 21:50:24',42052,77),('2016-09-13 16:17:37','2016-09-13 16:17:37',43015,130),('2016-09-12 21:50:25','2016-09-12 21:50:25',45315,29),('2016-09-13 16:17:35','2016-09-13 16:17:35',54043,121),('2016-09-12 21:50:20','2016-09-12 21:50:20',62222,66),('2016-09-13 16:18:41','2016-09-13 16:18:41',62227,137),('2016-09-12 21:48:23','2016-09-12 21:48:23',65901,22),('2016-09-12 21:48:25','2016-09-12 21:48:25',67917,34),('2016-09-13 16:17:36','2016-09-13 16:17:36',68448,122),('2016-09-12 21:51:39','2016-09-12 21:51:39',70149,36),('2016-09-12 21:49:25','2016-09-12 21:49:25',70512,37),('2016-09-12 21:50:20','2016-09-12 21:50:20',72225,77),('2016-09-12 21:49:41','2016-09-12 21:49:41',73439,45),('2016-09-12 21:49:41','2016-09-12 21:49:41',73439,46),('2016-09-12 21:49:41','2016-09-12 21:49:41',73439,47),('2016-09-13 16:17:35','2016-09-13 16:17:35',84876,37),('2016-09-12 21:49:41','2016-09-12 21:49:41',94104,44),('2016-09-12 21:48:24','2016-09-12 21:48:24',95527,32),('2016-09-12 21:48:24','2016-09-12 21:48:24',95527,33),('2016-09-13 16:17:39','2016-09-13 16:17:39',96913,78),('2016-09-13 16:17:35','2016-09-13 16:17:35',97903,122),('2016-09-13 16:17:35','2016-09-13 16:17:35',97903,123),('2016-09-13 16:18:42','2016-09-13 16:18:42',97915,144),('2016-09-13 16:17:36','2016-09-13 16:17:36',102794,36),('2016-09-12 21:49:41','2016-09-12 21:49:41',104006,48),('2016-09-12 21:49:41','2016-09-12 21:49:41',104006,49),('2016-09-13 16:17:36','2016-09-13 16:17:36',105134,105),('2016-09-13 16:17:36','2016-09-13 16:17:36',105134,124),('2016-09-12 21:51:47','2016-09-12 21:51:47',110327,119),('2016-09-12 21:51:47','2016-09-12 21:51:47',110327,120),('2016-09-13 16:17:39','2016-09-13 16:17:39',120677,53),('2016-09-13 16:17:39','2016-09-13 16:17:39',120677,54),('2016-09-12 21:51:16','2016-09-12 21:51:16',121408,103),('2016-09-13 16:17:37','2016-09-13 16:17:37',121921,87),('2016-09-12 21:48:24','2016-09-12 21:48:24',122298,30),('2016-09-07 11:51:33','2016-09-07 11:51:33',122515,11),('2016-09-07 11:51:33','2016-09-07 11:51:33',122515,12),('2016-09-12 21:49:41','2016-09-12 21:49:41',123499,43),('2016-09-13 16:18:41','2016-09-13 16:18:41',124361,58),('2016-09-05 23:18:44','2016-09-05 23:18:44',124827,6),('2016-09-05 23:18:44','2016-09-05 23:18:44',124827,7),('2016-09-12 21:51:46','2016-09-12 21:51:46',125153,77),('2016-09-12 21:48:24','2016-09-12 21:48:24',125678,27),('2016-09-12 21:48:24','2016-09-12 21:48:24',125678,28),('2016-09-12 21:48:23','2016-09-12 21:48:23',126042,17),('2016-09-12 21:48:23','2016-09-12 21:48:23',126042,18),('2016-09-12 21:48:23','2016-09-12 21:48:23',126042,19),('2016-09-12 21:48:23','2016-09-12 21:48:23',126042,20),('2016-09-13 16:19:06','2016-09-13 16:19:06',126163,153),('2016-09-13 16:19:06','2016-09-13 16:19:06',126163,154),('2016-09-13 16:18:40','2016-09-13 16:18:40',127023,135),('2016-09-13 16:18:40','2016-09-13 16:18:40',127023,136),('2016-09-12 21:48:25','2016-09-12 21:48:25',128671,23),('2016-09-12 21:48:25','2016-09-12 21:48:25',128671,24),('2016-09-12 21:48:25','2016-09-12 21:48:25',128671,25),('2016-09-12 21:50:19','2016-09-12 21:50:19',129320,73),('2016-09-12 21:49:42','2016-09-12 21:49:42',129437,68),('2016-09-12 21:50:25','2016-09-12 21:50:25',131287,32),('2016-09-12 21:50:25','2016-09-12 21:50:25',131287,33),('2016-09-12 21:50:25','2016-09-12 21:50:25',131287,88),('2016-09-12 21:49:41','2016-09-12 21:49:41',131339,50),('2016-09-12 21:50:19','2016-09-12 21:50:19',131357,72),('2016-09-12 21:49:43','2016-09-12 21:49:43',131751,70),('2016-09-12 21:51:15','2016-09-12 21:51:15',132018,98),('2016-09-13 16:19:06','2016-09-13 16:19:06',132028,155),('2016-09-12 21:49:42','2016-09-12 21:49:42',132531,61),('2016-09-12 21:49:42','2016-09-12 21:49:42',132531,62),('2016-09-12 21:51:15','2016-09-12 21:51:15',132544,97),('2016-09-12 21:50:20','2016-09-12 21:50:20',133848,1),('2016-09-12 21:50:20','2016-09-12 21:50:20',133848,76),('2016-09-13 16:17:36','2016-09-13 16:17:36',134964,126),('2016-09-12 21:48:25','2016-09-12 21:48:25',136888,37),('2016-09-12 21:49:41','2016-09-12 21:49:41',136955,55),('2016-09-12 21:48:24','2016-09-12 21:48:24',138161,23),('2016-09-12 21:48:24','2016-09-12 21:48:24',138161,24),('2016-09-12 21:48:24','2016-09-12 21:48:24',138161,25),('2016-09-13 16:18:42','2016-09-13 16:18:42',140603,142),('2016-09-13 16:17:37','2016-09-13 16:17:37',140620,129),('2016-09-13 16:17:39','2016-09-13 16:17:39',141090,131),('2016-09-13 16:17:39','2016-09-13 16:17:39',141090,132),('2016-09-12 21:48:25','2016-09-12 21:48:25',141517,22),('2016-09-12 21:48:24','2016-09-12 21:48:24',143401,26),('2016-09-12 21:48:23','2016-09-12 21:48:23',143519,15),('2016-09-12 21:48:25','2016-09-12 21:48:25',143693,36),('2016-09-12 21:51:16','2016-09-12 21:51:16',143884,104),('2016-09-12 21:50:24','2016-09-12 21:50:24',144344,78),('2016-09-12 21:50:24','2016-09-12 21:50:24',144344,79),('2016-09-12 21:50:24','2016-09-12 21:50:24',144344,80),('2016-09-12 21:48:25','2016-09-12 21:48:25',144592,35),('2016-09-12 21:48:23','2016-09-12 21:48:23',144733,13),('2016-09-12 21:48:23','2016-09-12 21:48:23',144733,14),('2016-09-12 21:51:47','2016-09-12 21:51:47',146021,8),('2016-09-12 21:51:47','2016-09-12 21:51:47',146021,70),('2016-09-12 21:49:42','2016-09-12 21:49:42',146439,66),('2016-09-12 21:49:42','2016-09-12 21:49:42',146439,67),('2016-09-12 21:51:46','2016-09-12 21:51:46',146508,115),('2016-09-12 21:51:46','2016-09-12 21:51:46',146508,116),('2016-09-13 16:17:37','2016-09-13 16:17:37',146652,127),('2016-09-13 16:17:37','2016-09-13 16:17:37',146652,128),('2016-09-13 16:18:41','2016-09-13 16:18:41',146886,138),('2016-09-13 16:18:41','2016-09-13 16:18:41',146886,139),('2016-09-12 21:50:20','2016-09-12 21:50:20',147101,1),('2016-09-12 21:50:20','2016-09-12 21:50:20',147101,3),('2016-09-12 21:50:20','2016-09-12 21:50:20',147101,76),('2016-09-12 21:50:19','2016-09-12 21:50:19',148228,71),('2016-09-12 21:51:10','2016-09-12 21:51:10',150013,95),('2016-09-12 21:49:42','2016-09-12 21:49:42',150146,69),('2016-09-12 21:49:42','2016-09-12 21:49:42',150376,59),('2016-09-12 21:49:42','2016-09-12 21:49:42',150376,60),('2016-09-12 21:49:41','2016-09-12 21:49:41',154008,57),('2016-09-12 21:49:40','2016-09-12 21:49:40',154182,41),('2016-09-12 21:49:40','2016-09-12 21:49:40',154182,42),('2016-09-12 21:50:25','2016-09-12 21:50:25',154203,87),('2016-09-12 21:50:24','2016-09-12 21:50:24',155703,81),('2016-09-12 21:50:24','2016-09-12 21:50:24',155703,82),('2016-09-12 21:50:24','2016-09-12 21:50:24',155703,83),('2016-09-12 21:50:25','2016-09-12 21:50:25',157096,89),('2016-09-12 21:51:45','2016-09-12 21:51:45',157969,112),('2016-09-12 21:51:45','2016-09-12 21:51:45',157969,113),('2016-09-12 21:50:24','2016-09-12 21:50:24',158109,22),('2016-09-12 21:51:46','2016-09-12 21:51:46',159675,36),('2016-09-12 21:49:41','2016-09-12 21:49:41',161317,53),('2016-09-12 21:49:41','2016-09-12 21:49:41',161317,54),('2016-09-12 21:50:24','2016-09-12 21:50:24',161417,84),('2016-09-12 21:50:24','2016-09-12 21:50:24',161417,85),('2016-09-12 21:51:16','2016-09-12 21:51:16',161936,105),('2016-09-12 21:51:16','2016-09-12 21:51:16',161936,106),('2016-09-12 21:50:20','2016-09-12 21:50:20',161970,75),('2016-09-12 21:51:45','2016-09-12 21:51:45',163967,114),('2016-09-12 21:51:10','2016-09-12 21:51:10',164153,70),('2016-09-12 21:51:10','2016-09-12 21:51:10',164153,90),('2016-09-12 21:51:10','2016-09-12 21:51:10',164153,91),('2016-09-12 21:51:17','2016-09-12 21:51:17',164338,109),('2016-09-12 21:49:41','2016-09-12 21:49:41',166857,58),('2016-09-12 21:51:46','2016-09-12 21:51:46',167650,117),('2016-09-05 18:46:17','2016-09-05 18:46:17',168435,2),('2016-09-05 18:46:17','2016-09-05 18:46:17',168435,3),('2016-09-05 18:46:17','2016-09-05 18:46:17',168435,4),('2016-09-05 14:14:41','2016-09-05 14:14:41',169786,1),('2016-09-12 21:51:45','2016-09-12 21:51:45',170042,111),('2016-09-12 21:51:10','2016-09-12 21:51:10',170216,94),('2016-09-12 21:51:16','2016-09-12 21:51:16',172381,48),('2016-09-12 21:51:16','2016-09-12 21:51:16',172381,49),('2016-09-12 21:51:17','2016-09-12 21:51:17',172386,108),('2016-09-12 21:51:16','2016-09-12 21:51:16',172818,43),('2016-09-12 21:51:17','2016-09-12 21:51:17',174319,110),('2016-09-12 21:51:46','2016-09-12 21:51:46',174785,118),('2016-09-13 16:19:05','2016-09-13 16:19:05',175155,70),('2016-09-13 16:19:05','2016-09-13 16:19:05',175155,146),('2016-09-13 16:19:05','2016-09-13 16:19:05',175155,147),('2016-09-10 03:48:39','2016-09-10 03:48:39',180037,11),('2016-09-10 03:48:39','2016-09-10 03:48:39',180037,12),('2016-09-12 21:51:15','2016-09-12 21:51:15',180899,102),('2016-09-12 21:51:10','2016-09-12 21:51:10',181494,96),('2016-09-12 21:51:15','2016-09-12 21:51:15',182619,101),('2016-09-12 21:51:45','2016-09-12 21:51:45',187645,70),('2016-09-05 18:43:25','2016-09-05 18:43:25',199727,1),('2016-09-06 19:05:10','2016-09-06 19:05:10',205059,8);
/*!40000 ALTER TABLE `GameDesigner` ENABLE KEYS */;
UNLOCK TABLES;

--
-- Table structure for table `GameMechanic`
--

DROP TABLE IF EXISTS `GameMechanic`;
/*!40101 SET @saved_cs_client     = @@character_set_client */;
/*!40101 SET character_set_client = utf8 */;
CREATE TABLE `GameMechanic` (
  `createdAt` datetime NOT NULL,
  `updatedAt` datetime NOT NULL,
  `GameId` int(11) NOT NULL,
  `MechanicId` int(11) NOT NULL,
  PRIMARY KEY (`GameId`,`MechanicId`),
  KEY `MechanicId` (`MechanicId`),
  CONSTRAINT `GameMechanic_ibfk_1` FOREIGN KEY (`GameId`) REFERENCES `Games` (`id`) ON DELETE CASCADE ON UPDATE CASCADE,
  CONSTRAINT `GameMechanic_ibfk_2` FOREIGN KEY (`MechanicId`) REFERENCES `Mechanics` (`id`) ON DELETE CASCADE ON UPDATE CASCADE
) ENGINE=InnoDB DEFAULT CHARSET=utf8 COLLATE=utf8_unicode_ci;
/*!40101 SET character_set_client = @saved_cs_client */;

--
-- Dumping data for table `GameMechanic`
--

LOCK TABLES `GameMechanic` WRITE;
/*!40000 ALTER TABLE `GameMechanic` DISABLE KEYS */;
INSERT INTO `GameMechanic` VALUES ('2016-09-05 20:14:23','2016-09-05 20:14:23',1,1),('2016-09-05 20:14:23','2016-09-05 20:14:23',1,8),('2016-09-05 20:14:23','2016-09-05 20:14:23',1,9),('2016-09-05 20:14:23','2016-09-05 20:14:23',1,10),('2016-09-05 20:14:23','2016-09-05 20:14:23',1,11),('2016-09-13 16:17:35','2016-09-13 16:17:35',50,6),('2016-09-13 16:17:35','2016-09-13 16:17:35',50,10),('2016-09-12 21:49:41','2016-09-12 21:49:41',118,8),('2016-09-12 21:49:41','2016-09-12 21:49:41',118,10),('2016-09-12 21:49:41','2016-09-12 21:49:41',118,32),('2016-09-13 16:19:05','2016-09-13 16:19:05',121,1),('2016-09-13 16:19:05','2016-09-13 16:19:05',121,2),('2016-09-13 16:19:06','2016-09-13 16:19:06',121,3),('2016-09-13 16:19:06','2016-09-13 16:19:06',121,5),('2016-09-13 16:19:05','2016-09-13 16:19:05',121,8),('2016-09-13 16:19:05','2016-09-13 16:19:05',121,10),('2016-09-13 16:17:39','2016-09-13 16:17:39',432,10),('2016-09-13 16:17:39','2016-09-13 16:17:39',432,11),('2016-09-12 21:48:24','2016-09-12 21:48:24',619,27),('2016-09-06 19:07:33','2016-09-06 19:07:33',730,17),('2016-09-13 16:17:39','2016-09-13 16:17:39',1017,7),('2016-09-12 21:51:15','2016-09-12 21:51:15',1041,1),('2016-09-12 21:51:15','2016-09-12 21:51:15',1041,4),('2016-09-12 21:50:20','2016-09-12 21:50:20',1942,10),('2016-09-12 21:50:20','2016-09-12 21:50:20',1942,27),('2016-09-13 16:18:42','2016-09-13 16:18:42',2955,1),('2016-09-13 16:18:42','2016-09-13 16:18:42',2955,7),('2016-09-13 16:18:42','2016-09-13 16:18:42',2955,12),('2016-09-13 16:18:42','2016-09-13 16:18:42',2955,21),('2016-09-13 16:18:42','2016-09-13 16:18:42',2955,42),('2016-09-13 16:17:39','2016-09-13 16:17:39',3076,30),('2016-09-12 21:51:10','2016-09-12 21:51:10',3685,2),('2016-09-12 21:51:10','2016-09-12 21:51:10',3685,9),('2016-09-12 21:51:10','2016-09-12 21:51:10',3685,10),('2016-09-12 21:51:10','2016-09-12 21:51:10',3685,11),('2016-09-12 21:51:10','2016-09-12 21:51:10',3685,17),('2016-09-12 21:51:10','2016-09-12 21:51:10',3685,29),('2016-09-12 21:51:10','2016-09-12 21:51:10',3685,39),('2016-09-12 21:51:16','2016-09-12 21:51:16',4098,7),('2016-09-12 21:51:16','2016-09-12 21:51:16',4098,8),('2016-09-12 21:51:16','2016-09-12 21:51:16',4098,9),('2016-09-12 21:51:16','2016-09-12 21:51:16',4098,19),('2016-09-13 16:18:40','2016-09-13 16:18:40',8045,1),('2016-09-13 16:18:40','2016-09-13 16:18:40',8045,3),('2016-09-13 16:18:40','2016-09-13 16:18:40',8045,8),('2016-09-13 16:18:40','2016-09-13 16:18:40',8045,9),('2016-09-12 21:50:24','2016-09-12 21:50:24',9216,8),('2016-09-12 21:50:24','2016-09-12 21:50:24',9216,10),('2016-09-12 21:50:24','2016-09-12 21:50:24',9216,38),('2016-09-13 16:18:41','2016-09-13 16:18:41',9625,1),('2016-09-13 16:18:41','2016-09-13 16:18:41',9625,2),('2016-09-13 16:18:41','2016-09-13 16:18:41',9625,8),('2016-09-13 16:18:41','2016-09-13 16:18:41',9625,9),('2016-09-13 16:18:42','2016-09-13 16:18:42',12333,1),('2016-09-13 16:18:42','2016-09-13 16:18:42',12333,9),('2016-09-13 16:18:42','2016-09-13 16:18:42',12333,10),('2016-09-13 16:18:42','2016-09-13 16:18:42',12333,11),('2016-09-13 16:18:42','2016-09-13 16:18:42',12333,29),('2016-09-12 21:48:23','2016-09-12 21:48:23',13780,1),('2016-09-12 21:48:23','2016-09-12 21:48:23',13780,4),('2016-09-12 21:48:23','2016-09-12 21:48:23',13780,23),('2016-09-12 21:49:42','2016-09-12 21:49:42',15363,1),('2016-09-12 21:49:42','2016-09-12 21:49:42',15363,9),('2016-09-12 21:49:42','2016-09-12 21:49:42',15363,10),('2016-09-12 21:49:42','2016-09-12 21:49:42',15363,14),('2016-09-12 21:49:42','2016-09-12 21:49:42',17651,9),('2016-09-12 21:49:42','2016-09-12 21:49:42',17651,34),('2016-09-12 21:49:42','2016-09-12 21:49:42',17651,35),('2016-09-12 21:48:25','2016-09-12 21:48:25',19777,1),('2016-09-12 21:48:25','2016-09-12 21:48:25',19777,8),('2016-09-12 21:48:25','2016-09-12 21:48:25',19777,15),('2016-09-12 21:48:25','2016-09-12 21:48:25',19777,22),('2016-09-13 16:17:36','2016-09-13 16:17:36',21241,3),('2016-09-13 16:17:36','2016-09-13 16:17:36',21241,7),('2016-09-13 16:17:36','2016-09-13 16:17:36',21241,10),('2016-09-13 16:17:36','2016-09-13 16:17:36',21241,34),('2016-09-13 16:17:36','2016-09-13 16:17:36',21241,37),('2016-09-12 21:48:24','2016-09-12 21:48:24',25613,4),('2016-09-12 21:48:24','2016-09-12 21:48:24',25613,8),('2016-09-12 21:48:24','2016-09-12 21:48:24',25613,10),('2016-09-12 21:48:24','2016-09-12 21:48:24',25613,12),('2016-09-13 16:18:42','2016-09-13 16:18:42',27708,1),('2016-09-13 16:18:42','2016-09-13 16:18:42',27708,10),('2016-09-13 16:18:42','2016-09-13 16:18:42',27708,29),('2016-09-12 21:50:24','2016-09-12 21:50:24',27833,7),('2016-09-12 21:50:24','2016-09-12 21:50:24',27833,8),('2016-09-12 21:50:23','2016-09-12 21:50:23',27833,19),('2016-09-13 16:19:06','2016-09-13 16:19:06',30380,8),('2016-09-13 16:19:06','2016-09-13 16:19:06',30380,10),('2016-09-13 16:19:06','2016-09-13 16:19:06',30380,23),('2016-09-13 16:19:06','2016-09-13 16:19:06',30380,30),('2016-09-12 21:51:46','2016-09-12 21:51:46',31481,7),('2016-09-12 21:51:46','2016-09-12 21:51:46',31481,9),('2016-09-12 21:49:41','2016-09-12 21:49:41',33160,1),('2016-09-12 21:49:41','2016-09-12 21:49:41',33160,4),('2016-09-12 21:49:41','2016-09-12 21:49:41',33160,6),('2016-09-12 21:49:25','2016-09-12 21:49:25',35285,8),('2016-09-12 21:49:25','2016-09-12 21:49:25',35285,19),('2016-09-12 21:49:25','2016-09-12 21:49:25',35285,22),('2016-09-13 16:18:44','2016-09-13 16:18:44',37111,2),('2016-09-13 16:18:44','2016-09-13 16:18:44',37111,3),('2016-09-13 16:18:44','2016-09-13 16:18:44',37111,5),('2016-09-13 16:18:44','2016-09-13 16:18:44',37111,9),('2016-09-13 16:18:44','2016-09-13 16:18:44',37111,10),('2016-09-13 16:18:44','2016-09-13 16:18:44',37111,16),('2016-09-13 16:18:41','2016-09-13 16:18:41',39351,3),('2016-09-13 16:18:41','2016-09-13 16:18:41',39351,32),('2016-09-12 21:51:17','2016-09-12 21:51:17',41066,3),('2016-09-12 21:51:16','2016-09-12 21:51:16',41066,5),('2016-09-12 21:51:16','2016-09-12 21:51:16',41066,9),('2016-09-12 21:51:16','2016-09-12 21:51:16',41066,28),('2016-09-12 21:51:16','2016-09-12 21:51:16',41066,29),('2016-09-12 21:51:16','2016-09-12 21:51:16',41066,30),('2016-09-12 21:48:23','2016-09-12 21:48:23',41749,8),('2016-09-12 21:48:23','2016-09-12 21:48:23',41749,19),('2016-09-12 21:48:23','2016-09-12 21:48:23',41749,20),('2016-09-12 21:48:23','2016-09-12 21:48:23',41749,22),('2016-09-12 21:50:24','2016-09-12 21:50:24',42052,1),('2016-09-12 21:50:24','2016-09-12 21:50:24',42052,20),('2016-09-13 16:17:37','2016-09-13 16:17:37',43015,1),('2016-09-13 16:17:37','2016-09-13 16:17:37',43015,12),('2016-09-13 16:17:37','2016-09-13 16:17:37',43015,19),('2016-09-13 16:17:37','2016-09-13 16:17:37',43015,28),('2016-09-12 21:50:25','2016-09-12 21:50:25',45315,7),('2016-09-12 21:50:25','2016-09-12 21:50:25',45315,10),('2016-09-12 21:50:25','2016-09-12 21:50:25',45315,11),('2016-09-12 21:50:25','2016-09-12 21:50:25',45315,20),('2016-09-12 21:50:25','2016-09-12 21:50:25',45315,40),('2016-09-13 16:17:35','2016-09-13 16:17:35',54043,4),('2016-09-13 16:17:35','2016-09-13 16:17:35',54043,6),('2016-09-13 16:17:35','2016-09-13 16:17:35',54043,10),('2016-09-12 21:50:20','2016-09-12 21:50:20',62222,9),('2016-09-12 21:50:20','2016-09-12 21:50:20',62222,10),('2016-09-12 21:50:20','2016-09-12 21:50:20',62222,14),('2016-09-12 21:50:20','2016-09-12 21:50:20',62222,29),('2016-09-12 21:50:20','2016-09-12 21:50:20',62222,34),('2016-09-13 16:18:40','2016-09-13 16:18:40',62227,1),('2016-09-13 16:18:41','2016-09-13 16:18:41',62227,3),('2016-09-13 16:18:40','2016-09-13 16:18:40',62227,9),('2016-09-13 16:18:40','2016-09-13 16:18:40',62227,10),('2016-09-13 16:18:40','2016-09-13 16:18:40',62227,28),('2016-09-13 16:18:40','2016-09-13 16:18:40',62227,29),('2016-09-12 21:48:23','2016-09-12 21:48:23',65901,4),('2016-09-12 21:48:23','2016-09-12 21:48:23',65901,10),('2016-09-12 21:48:23','2016-09-12 21:48:23',65901,19),('2016-09-12 21:48:25','2016-09-12 21:48:25',67917,1),('2016-09-12 21:48:25','2016-09-12 21:48:25',67917,10),('2016-09-12 21:48:25','2016-09-12 21:48:25',67917,12),('2016-09-12 21:48:25','2016-09-12 21:48:25',67917,29),('2016-09-13 16:17:36','2016-09-13 16:17:36',68448,3),('2016-09-13 16:17:36','2016-09-13 16:17:36',68448,4),('2016-09-13 16:17:36','2016-09-13 16:17:36',68448,6),('2016-09-13 16:17:36','2016-09-13 16:17:36',68448,11),('2016-09-12 21:51:39','2016-09-12 21:51:39',70149,6),('2016-09-12 21:51:39','2016-09-12 21:51:39',70149,7),('2016-09-12 21:51:39','2016-09-12 21:51:39',70149,14),('2016-09-12 21:51:39','2016-09-12 21:51:39',70149,20),('2016-09-12 21:51:39','2016-09-12 21:51:39',70149,41),('2016-09-12 21:49:25','2016-09-12 21:49:25',70512,1),('2016-09-12 21:49:25','2016-09-12 21:49:25',70512,7),('2016-09-12 21:49:25','2016-09-12 21:49:25',70512,14),('2016-09-12 21:49:25','2016-09-12 21:49:25',70512,20),('2016-09-12 21:49:25','2016-09-12 21:49:25',70512,28),('2016-09-12 21:50:20','2016-09-12 21:50:20',72225,1),('2016-09-12 21:50:20','2016-09-12 21:50:20',72225,4),('2016-09-12 21:50:20','2016-09-12 21:50:20',72225,20),('2016-09-12 21:49:41','2016-09-12 21:49:41',73439,1),('2016-09-12 21:49:41','2016-09-12 21:49:41',73439,9),('2016-09-13 16:17:35','2016-09-13 16:17:35',84876,6),('2016-09-13 16:17:35','2016-09-13 16:17:35',84876,7),('2016-09-13 16:17:35','2016-09-13 16:17:35',84876,9),('2016-09-12 21:49:41','2016-09-12 21:49:41',94104,1),('2016-09-12 21:49:41','2016-09-12 21:49:41',94104,3),('2016-09-12 21:49:41','2016-09-12 21:49:41',94104,4),('2016-09-12 21:49:41','2016-09-12 21:49:41',94104,10),('2016-09-12 21:48:24','2016-09-12 21:48:24',95527,1),('2016-09-12 21:48:24','2016-09-12 21:48:24',95527,9),('2016-09-12 21:48:24','2016-09-12 21:48:24',95527,20),('2016-09-13 16:17:39','2016-09-13 16:17:39',96913,1),('2016-09-13 16:17:39','2016-09-13 16:17:39',96913,8),('2016-09-13 16:17:39','2016-09-13 16:17:39',96913,20),('2016-09-13 16:17:39','2016-09-13 16:17:39',96913,23),('2016-09-13 16:17:35','2016-09-13 16:17:35',97903,2),('2016-09-13 16:17:35','2016-09-13 16:17:35',97903,3),('2016-09-13 16:17:35','2016-09-13 16:17:35',97903,6),('2016-09-13 16:18:42','2016-09-13 16:18:42',97915,1),('2016-09-13 16:18:42','2016-09-13 16:18:42',97915,3),('2016-09-13 16:18:42','2016-09-13 16:18:42',97915,4),('2016-09-13 16:18:42','2016-09-13 16:18:42',97915,35),('2016-09-13 16:17:36','2016-09-13 16:17:36',102794,7),('2016-09-13 16:17:36','2016-09-13 16:17:36',102794,20),('2016-09-12 21:49:41','2016-09-12 21:49:41',104006,6),('2016-09-12 21:49:41','2016-09-12 21:49:41',104006,20),('2016-09-13 16:17:36','2016-09-13 16:17:36',105134,2),('2016-09-13 16:17:36','2016-09-13 16:17:36',105134,3),('2016-09-13 16:17:36','2016-09-13 16:17:36',105134,4),('2016-09-13 16:17:36','2016-09-13 16:17:36',105134,9),('2016-09-13 16:17:36','2016-09-13 16:17:36',105134,37),('2016-09-12 21:51:47','2016-09-12 21:51:47',110327,6),('2016-09-12 21:51:47','2016-09-12 21:51:47',110327,20),('2016-09-12 21:51:47','2016-09-12 21:51:47',110327,24),('2016-09-13 16:17:39','2016-09-13 16:17:39',120677,3),('2016-09-13 16:17:38','2016-09-13 16:17:38',120677,19),('2016-09-13 16:17:39','2016-09-13 16:17:39',120677,20),('2016-09-12 21:51:16','2016-09-12 21:51:16',121408,4),('2016-09-12 21:51:16','2016-09-12 21:51:16',121408,10),('2016-09-12 21:51:16','2016-09-12 21:51:16',121408,19),('2016-09-12 21:51:16','2016-09-12 21:51:16',121408,26),('2016-09-13 16:17:37','2016-09-13 16:17:37',121921,3),('2016-09-13 16:17:37','2016-09-13 16:17:37',121921,7),('2016-09-13 16:17:37','2016-09-13 16:17:37',121921,9),('2016-09-13 16:17:37','2016-09-13 16:17:37',121921,11),('2016-09-13 16:17:37','2016-09-13 16:17:37',121921,13),('2016-09-13 16:17:37','2016-09-13 16:17:37',121921,14),('2016-09-13 16:17:37','2016-09-13 16:17:37',121921,20),('2016-09-12 21:48:24','2016-09-12 21:48:24',122298,4),('2016-09-12 21:48:24','2016-09-12 21:48:24',122298,6),('2016-09-12 21:48:24','2016-09-12 21:48:24',122298,10),('2016-09-12 21:48:24','2016-09-12 21:48:24',122298,18),('2016-09-07 11:51:33','2016-09-07 11:51:33',122515,6),('2016-09-07 11:51:33','2016-09-07 11:51:33',122515,7),('2016-09-07 11:51:33','2016-09-07 11:51:33',122515,8),('2016-09-07 11:51:33','2016-09-07 11:51:33',122515,14),('2016-09-07 11:51:33','2016-09-07 11:51:33',122515,15),('2016-09-07 11:51:33','2016-09-07 11:51:33',122515,18),('2016-09-07 11:51:33','2016-09-07 11:51:33',122515,19),('2016-09-07 11:51:33','2016-09-07 11:51:33',122515,20),('2016-09-12 21:49:40','2016-09-12 21:49:40',123499,1),('2016-09-12 21:49:40','2016-09-12 21:49:40',123499,3),('2016-09-12 21:49:40','2016-09-12 21:49:40',123499,4),('2016-09-12 21:49:40','2016-09-12 21:49:40',123499,10),('2016-09-12 21:49:40','2016-09-12 21:49:40',123499,12),('2016-09-12 21:49:40','2016-09-12 21:49:40',123499,26),('2016-09-13 16:18:41','2016-09-13 16:18:41',124361,4),('2016-09-13 16:18:41','2016-09-13 16:18:41',124361,10),('2016-09-13 16:18:41','2016-09-13 16:18:41',124361,26),('2016-09-13 16:18:41','2016-09-13 16:18:41',124361,28),('2016-09-05 23:18:44','2016-09-05 23:18:44',124827,3),('2016-09-05 23:18:44','2016-09-05 23:18:44',124827,5),('2016-09-05 23:18:44','2016-09-05 23:18:44',124827,9),('2016-09-05 23:18:44','2016-09-05 23:18:44',124827,12),('2016-09-05 23:18:44','2016-09-05 23:18:44',124827,13),('2016-09-05 23:18:44','2016-09-05 23:18:44',124827,14),('2016-09-12 21:51:46','2016-09-12 21:51:46',125153,6),('2016-09-12 21:51:46','2016-09-12 21:51:46',125153,20),('2016-09-12 21:51:46','2016-09-12 21:51:46',125153,32),('2016-09-12 21:48:24','2016-09-12 21:48:24',125678,26),('2016-09-12 21:48:23','2016-09-12 21:48:23',126042,3),('2016-09-12 21:48:23','2016-09-12 21:48:23',126042,4),('2016-09-13 16:19:06','2016-09-13 16:19:06',126163,6),('2016-09-13 16:19:06','2016-09-13 16:19:06',126163,20),('2016-09-13 16:18:40','2016-09-13 16:18:40',127023,1),('2016-09-13 16:18:40','2016-09-13 16:18:40',127023,2),('2016-09-13 16:18:40','2016-09-13 16:18:40',127023,4),('2016-09-13 16:18:40','2016-09-13 16:18:40',127023,12),('2016-09-13 16:18:40','2016-09-13 16:18:40',127023,29),('2016-09-12 21:48:25','2016-09-12 21:48:25',128671,3),('2016-09-12 21:48:25','2016-09-12 21:48:25',128671,8),('2016-09-12 21:48:25','2016-09-12 21:48:25',128671,9),('2016-09-12 21:48:25','2016-09-12 21:48:25',128671,10),('2016-09-12 21:48:25','2016-09-12 21:48:25',128671,21),('2016-09-12 21:48:25','2016-09-12 21:48:25',128671,25),('2016-09-12 21:48:25','2016-09-12 21:48:25',128671,31),('2016-09-12 21:50:19','2016-09-12 21:50:19',129320,6),('2016-09-12 21:50:19','2016-09-12 21:50:19',129320,9),('2016-09-12 21:49:42','2016-09-12 21:49:42',129437,4),('2016-09-12 21:49:42','2016-09-12 21:49:42',129437,13),('2016-09-12 21:49:42','2016-09-12 21:49:42',129437,26),('2016-09-12 21:50:25','2016-09-12 21:50:25',131287,1),('2016-09-12 21:50:25','2016-09-12 21:50:25',131287,9),('2016-09-12 21:50:25','2016-09-12 21:50:25',131287,15),('2016-09-12 21:50:25','2016-09-12 21:50:25',131287,20),('2016-09-12 21:50:25','2016-09-12 21:50:25',131287,22),('2016-09-12 21:50:25','2016-09-12 21:50:25',131287,28),('2016-09-12 21:50:19','2016-09-12 21:50:19',131357,3),('2016-09-12 21:50:19','2016-09-12 21:50:19',131357,18),('2016-09-12 21:50:19','2016-09-12 21:50:19',131357,24),('2016-09-12 21:50:19','2016-09-12 21:50:19',131357,37),('2016-09-12 21:49:43','2016-09-12 21:49:43',131751,2),('2016-09-12 21:49:43','2016-09-12 21:49:43',131751,3),('2016-09-12 21:49:43','2016-09-12 21:49:43',131751,5),('2016-09-12 21:49:43','2016-09-12 21:49:43',131751,9),('2016-09-12 21:49:43','2016-09-12 21:49:43',131751,10),('2016-09-12 21:49:43','2016-09-12 21:49:43',131751,13),('2016-09-12 21:49:43','2016-09-12 21:49:43',131751,14),('2016-09-12 21:49:43','2016-09-12 21:49:43',131751,15),('2016-09-12 21:49:43','2016-09-12 21:49:43',131751,16),('2016-09-12 21:51:15','2016-09-12 21:51:15',132018,29),('2016-09-13 16:19:06','2016-09-13 16:19:06',132028,9),('2016-09-13 16:19:06','2016-09-13 16:19:06',132028,12),('2016-09-13 16:19:06','2016-09-13 16:19:06',132028,14),('2016-09-13 16:19:06','2016-09-13 16:19:06',132028,34),('2016-09-13 16:19:06','2016-09-13 16:19:06',132028,35),('2016-09-12 21:49:42','2016-09-12 21:49:42',132531,3),('2016-09-12 21:49:42','2016-09-12 21:49:42',132531,9),('2016-09-12 21:49:42','2016-09-12 21:49:42',132531,11),('2016-09-12 21:49:42','2016-09-12 21:49:42',132531,26),('2016-09-12 21:49:42','2016-09-12 21:49:42',132531,30),('2016-09-12 21:51:15','2016-09-12 21:51:15',132544,3),('2016-09-12 21:51:15','2016-09-12 21:51:15',132544,10),('2016-09-12 21:51:15','2016-09-12 21:51:15',132544,12),('2016-09-12 21:51:15','2016-09-12 21:51:15',132544,19),('2016-09-12 21:51:15','2016-09-12 21:51:15',132544,22),('2016-09-12 21:51:15','2016-09-12 21:51:15',132544,32),('2016-09-12 21:50:20','2016-09-12 21:50:20',133848,3),('2016-09-12 21:50:20','2016-09-12 21:50:20',133848,6),('2016-09-12 21:50:20','2016-09-12 21:50:20',133848,9),('2016-09-12 21:50:20','2016-09-12 21:50:20',133848,10),('2016-09-12 21:50:20','2016-09-12 21:50:20',133848,20),('2016-09-13 16:17:36','2016-09-13 16:17:36',134964,2),('2016-09-13 16:17:36','2016-09-13 16:17:36',134964,9),('2016-09-13 16:17:36','2016-09-13 16:17:36',134964,34),('2016-09-12 21:48:25','2016-09-12 21:48:25',136888,9),('2016-09-12 21:48:25','2016-09-12 21:48:25',136888,10),('2016-09-12 21:49:41','2016-09-12 21:49:41',136955,26),('2016-09-12 21:48:24','2016-09-12 21:48:24',138161,2),('2016-09-12 21:48:24','2016-09-12 21:48:24',138161,3),('2016-09-12 21:48:24','2016-09-12 21:48:24',138161,4),('2016-09-12 21:48:24','2016-09-12 21:48:24',138161,9),('2016-09-12 21:48:24','2016-09-12 21:48:24',138161,15),('2016-09-12 21:48:24','2016-09-12 21:48:24',138161,24),('2016-09-12 21:48:24','2016-09-12 21:48:24',138161,25),('2016-09-13 16:18:42','2016-09-13 16:18:42',140603,6),('2016-09-13 16:18:42','2016-09-13 16:18:42',140603,9),('2016-09-13 16:18:42','2016-09-13 16:18:42',140603,20),('2016-09-13 16:18:42','2016-09-13 16:18:42',140603,38),('2016-09-13 16:18:42','2016-09-13 16:18:42',140603,39),('2016-09-13 16:17:37','2016-09-13 16:17:37',140620,4),('2016-09-13 16:17:37','2016-09-13 16:17:37',140620,10),('2016-09-13 16:17:37','2016-09-13 16:17:37',140620,20),('2016-09-13 16:17:37','2016-09-13 16:17:37',140620,26),('2016-09-13 16:17:39','2016-09-13 16:17:39',141090,8),('2016-09-12 21:48:24','2016-09-12 21:48:24',141517,1),('2016-09-12 21:48:24','2016-09-12 21:48:24',141517,4),('2016-09-12 21:48:25','2016-09-12 21:48:25',141517,5),('2016-09-12 21:48:24','2016-09-12 21:48:24',141517,8),('2016-09-12 21:48:24','2016-09-12 21:48:24',141517,10),('2016-09-12 21:48:24','2016-09-12 21:48:24',141517,26),('2016-09-12 21:48:25','2016-09-12 21:48:25',141517,28),('2016-09-12 21:48:24','2016-09-12 21:48:24',143401,2),('2016-09-12 21:48:24','2016-09-12 21:48:24',143401,8),('2016-09-12 21:48:24','2016-09-12 21:48:24',143401,19),('2016-09-12 21:48:24','2016-09-12 21:48:24',143401,20),('2016-09-12 21:48:23','2016-09-12 21:48:23',143519,1),('2016-09-12 21:48:23','2016-09-12 21:48:23',143519,3),('2016-09-12 21:48:23','2016-09-12 21:48:23',143519,9),('2016-09-12 21:48:23','2016-09-12 21:48:23',143519,14),('2016-09-12 21:48:23','2016-09-12 21:48:23',143519,21),('2016-09-12 21:48:25','2016-09-12 21:48:25',143693,4),('2016-09-12 21:48:25','2016-09-12 21:48:25',143693,6),('2016-09-12 21:48:25','2016-09-12 21:48:25',143693,7),('2016-09-12 21:48:25','2016-09-12 21:48:25',143693,11),('2016-09-12 21:48:25','2016-09-12 21:48:25',143693,30),('2016-09-12 21:51:16','2016-09-12 21:51:16',143884,4),('2016-09-12 21:51:16','2016-09-12 21:51:16',143884,9),('2016-09-12 21:50:24','2016-09-12 21:50:24',144344,1),('2016-09-12 21:50:24','2016-09-12 21:50:24',144344,4),('2016-09-12 21:50:24','2016-09-12 21:50:24',144344,6),('2016-09-12 21:50:24','2016-09-12 21:50:24',144344,10),('2016-09-12 21:50:24','2016-09-12 21:50:24',144344,26),('2016-09-12 21:48:25','2016-09-12 21:48:25',144592,4),('2016-09-12 21:48:25','2016-09-12 21:48:25',144592,8),('2016-09-12 21:48:25','2016-09-12 21:48:25',144592,14),('2016-09-12 21:48:25','2016-09-12 21:48:25',144592,20),('2016-09-12 21:48:23','2016-09-12 21:48:23',144733,20),('2016-09-12 21:51:47','2016-09-12 21:51:47',146021,3),('2016-09-12 21:51:47','2016-09-12 21:51:47',146021,9),('2016-09-12 21:51:47','2016-09-12 21:51:47',146021,13),('2016-09-12 21:51:47','2016-09-12 21:51:47',146021,28),('2016-09-12 21:49:42','2016-09-12 21:49:42',146439,3),('2016-09-12 21:49:42','2016-09-12 21:49:42',146439,9),('2016-09-12 21:49:42','2016-09-12 21:49:42',146439,14),('2016-09-12 21:49:42','2016-09-12 21:49:42',146439,21),('2016-09-12 21:49:42','2016-09-12 21:49:42',146439,29),('2016-09-12 21:51:46','2016-09-12 21:51:46',146508,3),('2016-09-12 21:51:46','2016-09-12 21:51:46',146508,9),('2016-09-12 21:51:46','2016-09-12 21:51:46',146508,13),('2016-09-12 21:51:46','2016-09-12 21:51:46',146508,16),('2016-09-12 21:51:46','2016-09-12 21:51:46',146508,23),('2016-09-12 21:51:46','2016-09-12 21:51:46',146508,33),('2016-09-13 16:17:37','2016-09-13 16:17:37',146652,3),('2016-09-13 16:17:36','2016-09-13 16:17:36',146652,4),('2016-09-13 16:17:37','2016-09-13 16:17:37',146652,13),('2016-09-13 16:17:37','2016-09-13 16:17:37',146652,26),('2016-09-13 16:17:37','2016-09-13 16:17:37',146652,37),('2016-09-13 16:18:41','2016-09-13 16:18:41',146886,1),('2016-09-13 16:18:41','2016-09-13 16:18:41',146886,9),('2016-09-13 16:18:41','2016-09-13 16:18:41',146886,10),('2016-09-13 16:18:41','2016-09-13 16:18:41',146886,11),('2016-09-12 21:50:20','2016-09-12 21:50:20',147101,3),('2016-09-12 21:50:20','2016-09-12 21:50:20',147101,20),('2016-09-12 21:50:19','2016-09-12 21:50:19',148228,4),('2016-09-12 21:50:19','2016-09-12 21:50:19',148228,6),('2016-09-12 21:51:10','2016-09-12 21:51:10',150013,34),('2016-09-12 21:49:42','2016-09-12 21:49:42',150146,9),('2016-09-12 21:49:42','2016-09-12 21:49:42',150146,14),('2016-09-12 21:49:42','2016-09-12 21:49:42',150146,26),('2016-09-12 21:49:42','2016-09-12 21:49:42',150146,36),('2016-09-12 21:49:42','2016-09-12 21:49:42',150376,2),('2016-09-12 21:49:42','2016-09-12 21:49:42',150376,3),('2016-09-12 21:49:42','2016-09-12 21:49:42',150376,9),('2016-09-12 21:49:42','2016-09-12 21:49:42',150376,10),('2016-09-12 21:49:42','2016-09-12 21:49:42',150376,12),('2016-09-12 21:49:42','2016-09-12 21:49:42',150376,13),('2016-09-12 21:49:42','2016-09-12 21:49:42',150376,23),('2016-09-12 21:49:42','2016-09-12 21:49:42',150376,33),('2016-09-12 21:49:41','2016-09-12 21:49:41',154008,9),('2016-09-12 21:49:40','2016-09-12 21:49:40',154182,7),('2016-09-12 21:49:40','2016-09-12 21:49:40',154182,12),('2016-09-12 21:50:25','2016-09-12 21:50:25',154203,3),('2016-09-12 21:50:25','2016-09-12 21:50:25',154203,4),('2016-09-12 21:50:25','2016-09-12 21:50:25',154203,10),('2016-09-12 21:50:25','2016-09-12 21:50:25',154203,24),('2016-09-12 21:50:24','2016-09-12 21:50:24',155703,10),('2016-09-12 21:50:24','2016-09-12 21:50:24',155703,11),('2016-09-12 21:50:24','2016-09-12 21:50:24',155703,12),('2016-09-12 21:50:24','2016-09-12 21:50:24',155703,35),('2016-09-12 21:50:24','2016-09-12 21:50:24',155703,38),('2016-09-12 21:50:24','2016-09-12 21:50:24',155703,39),('2016-09-12 21:50:25','2016-09-12 21:50:25',157096,1),('2016-09-12 21:50:25','2016-09-12 21:50:25',157096,10),('2016-09-12 21:50:25','2016-09-12 21:50:25',157096,11),('2016-09-12 21:51:45','2016-09-12 21:51:45',157969,6),('2016-09-12 21:51:45','2016-09-12 21:51:45',157969,10),('2016-09-12 21:51:45','2016-09-12 21:51:45',157969,16),('2016-09-12 21:50:24','2016-09-12 21:50:24',158109,1),('2016-09-12 21:50:24','2016-09-12 21:50:24',158109,9),('2016-09-12 21:50:24','2016-09-12 21:50:24',158109,10),('2016-09-12 21:50:24','2016-09-12 21:50:24',158109,28),('2016-09-12 21:51:46','2016-09-12 21:51:46',159675,20),('2016-09-12 21:49:41','2016-09-12 21:49:41',161317,3),('2016-09-12 21:49:41','2016-09-12 21:49:41',161317,19),('2016-09-12 21:49:41','2016-09-12 21:49:41',161317,30),('2016-09-12 21:50:24','2016-09-12 21:50:24',161417,6),('2016-09-12 21:50:24','2016-09-12 21:50:24',161417,10),('2016-09-12 21:50:24','2016-09-12 21:50:24',161417,37),('2016-09-12 21:51:16','2016-09-12 21:51:16',161936,3),('2016-09-12 21:51:16','2016-09-12 21:51:16',161936,6),('2016-09-12 21:51:16','2016-09-12 21:51:16',161936,10),('2016-09-12 21:51:16','2016-09-12 21:51:16',161936,12),('2016-09-12 21:51:16','2016-09-12 21:51:16',161936,13),('2016-09-12 21:51:16','2016-09-12 21:51:16',161936,25),('2016-09-12 21:51:16','2016-09-12 21:51:16',161936,28),('2016-09-12 21:50:20','2016-09-12 21:50:20',161970,4),('2016-09-12 21:50:20','2016-09-12 21:50:20',161970,10),('2016-09-12 21:50:20','2016-09-12 21:50:20',161970,12),('2016-09-12 21:50:20','2016-09-12 21:50:20',161970,18),('2016-09-12 21:50:20','2016-09-12 21:50:20',161970,20),('2016-09-12 21:51:45','2016-09-12 21:51:45',163967,1),('2016-09-12 21:51:45','2016-09-12 21:51:45',163967,9),('2016-09-12 21:51:45','2016-09-12 21:51:45',163967,40),('2016-09-12 21:51:10','2016-09-12 21:51:10',164153,5),('2016-09-12 21:51:10','2016-09-12 21:51:10',164153,9),('2016-09-12 21:51:10','2016-09-12 21:51:10',164153,14),('2016-09-12 21:51:10','2016-09-12 21:51:10',164153,16),('2016-09-12 21:51:10','2016-09-12 21:51:10',164153,21),('2016-09-12 21:51:17','2016-09-12 21:51:17',164338,1),('2016-09-12 21:51:17','2016-09-12 21:51:17',164338,4),('2016-09-12 21:51:17','2016-09-12 21:51:17',164338,7),('2016-09-12 21:51:17','2016-09-12 21:51:17',164338,14),('2016-09-12 21:51:17','2016-09-12 21:51:17',164338,20),('2016-09-12 21:49:41','2016-09-12 21:49:41',166857,1),('2016-09-12 21:49:41','2016-09-12 21:49:41',166857,2),('2016-09-12 21:51:46','2016-09-12 21:51:46',167650,17),('2016-09-05 18:46:17','2016-09-05 18:46:17',168435,4),('2016-09-05 18:46:17','2016-09-05 18:46:17',168435,5),('2016-09-05 18:46:17','2016-09-05 18:46:17',168435,6),('2016-09-05 18:46:17','2016-09-05 18:46:17',168435,7),('2016-09-05 14:14:41','2016-09-05 14:14:41',169786,1),('2016-09-05 14:14:41','2016-09-05 14:14:41',169786,2),('2016-09-05 14:14:41','2016-09-05 14:14:41',169786,3),('2016-09-12 21:51:45','2016-09-12 21:51:45',170042,6),('2016-09-12 21:51:45','2016-09-12 21:51:45',170042,10),('2016-09-12 21:51:45','2016-09-12 21:51:45',170042,20),('2016-09-12 21:51:10','2016-09-12 21:51:10',170216,1),('2016-09-12 21:51:10','2016-09-12 21:51:10',170216,2),('2016-09-12 21:51:10','2016-09-12 21:51:10',170216,3),('2016-09-12 21:51:10','2016-09-12 21:51:10',170216,4),('2016-09-12 21:51:10','2016-09-12 21:51:10',170216,12),('2016-09-12 21:51:16','2016-09-12 21:51:16',172381,4),('2016-09-12 21:51:16','2016-09-12 21:51:16',172381,9),('2016-09-12 21:51:17','2016-09-12 21:51:17',172386,1),('2016-09-12 21:51:17','2016-09-12 21:51:17',172386,3),('2016-09-12 21:51:17','2016-09-12 21:51:17',172386,4),('2016-09-12 21:51:17','2016-09-12 21:51:17',172386,10),('2016-09-12 21:51:17','2016-09-12 21:51:17',172386,11),('2016-09-12 21:51:17','2016-09-12 21:51:17',172386,20),('2016-09-12 21:51:17','2016-09-12 21:51:17',172386,22),('2016-09-12 21:51:17','2016-09-12 21:51:17',172386,26),('2016-09-12 21:51:17','2016-09-12 21:51:17',172386,40),('2016-09-12 21:51:16','2016-09-12 21:51:16',172818,4),('2016-09-12 21:51:16','2016-09-12 21:51:16',172818,6),('2016-09-12 21:51:16','2016-09-12 21:51:16',172818,9),('2016-09-12 21:51:16','2016-09-12 21:51:16',172818,12),('2016-09-12 21:51:16','2016-09-12 21:51:16',172818,25),('2016-09-12 21:51:16','2016-09-12 21:51:16',172818,26),('2016-09-12 21:51:16','2016-09-12 21:51:16',172818,33),('2016-09-12 21:51:46','2016-09-12 21:51:46',174785,1),('2016-09-12 21:51:46','2016-09-12 21:51:46',174785,3),('2016-09-12 21:51:46','2016-09-12 21:51:46',174785,6),('2016-09-12 21:51:46','2016-09-12 21:51:46',174785,9),('2016-09-12 21:51:46','2016-09-12 21:51:46',174785,25),('2016-09-13 16:19:05','2016-09-13 16:19:05',175155,1),('2016-09-13 16:19:05','2016-09-13 16:19:05',175155,3),('2016-09-13 16:19:05','2016-09-13 16:19:05',175155,9),('2016-09-13 16:19:05','2016-09-13 16:19:05',175155,10),('2016-09-13 16:19:05','2016-09-13 16:19:05',175155,14),('2016-09-10 03:48:39','2016-09-10 03:48:39',180037,6),('2016-09-10 03:48:39','2016-09-10 03:48:39',180037,8),('2016-09-10 03:48:39','2016-09-10 03:48:39',180037,14),('2016-09-10 03:48:39','2016-09-10 03:48:39',180037,15),('2016-09-10 03:48:39','2016-09-10 03:48:39',180037,19),('2016-09-10 03:48:39','2016-09-10 03:48:39',180037,20),('2016-09-12 21:51:15','2016-09-12 21:51:15',180899,4),('2016-09-12 21:51:15','2016-09-12 21:51:15',180899,6),('2016-09-12 21:51:15','2016-09-12 21:51:15',180899,22),('2016-09-12 21:51:15','2016-09-12 21:51:15',180899,25),('2016-09-12 21:51:10','2016-09-12 21:51:10',181494,10),('2016-09-12 21:51:10','2016-09-12 21:51:10',181494,40),('2016-09-12 21:51:15','2016-09-12 21:51:15',182619,3),('2016-09-12 21:51:15','2016-09-12 21:51:15',182619,8),('2016-09-12 21:51:15','2016-09-12 21:51:15',182619,12),('2016-09-12 21:51:15','2016-09-12 21:51:15',182619,20),('2016-09-12 21:51:15','2016-09-12 21:51:15',182619,25),('2016-09-12 21:51:15','2016-09-12 21:51:15',182619,32),('2016-09-12 21:51:45','2016-09-12 21:51:45',187645,2),('2016-09-12 21:51:45','2016-09-12 21:51:45',187645,9),('2016-09-12 21:51:45','2016-09-12 21:51:45',187645,10),('2016-09-05 18:43:25','2016-09-05 18:43:25',199727,1),('2016-09-12 21:51:47','2016-09-12 21:51:47',200784,3),('2016-09-12 21:51:47','2016-09-12 21:51:47',200784,9),('2016-09-12 21:51:47','2016-09-12 21:51:47',200784,13),('2016-09-12 21:51:47','2016-09-12 21:51:47',200784,14),('2016-09-12 21:51:47','2016-09-12 21:51:47',200784,16),('2016-09-12 21:51:47','2016-09-12 21:51:47',200784,21),('2016-09-06 19:05:10','2016-09-06 19:05:10',205059,2),('2016-09-06 19:05:10','2016-09-06 19:05:10',205059,3),('2016-09-06 19:05:10','2016-09-06 19:05:10',205059,5),('2016-09-06 19:05:10','2016-09-06 19:05:10',205059,9),('2016-09-06 19:05:10','2016-09-06 19:05:10',205059,10),('2016-09-06 19:05:10','2016-09-06 19:05:10',205059,13),('2016-09-06 19:05:10','2016-09-06 19:05:10',205059,14),('2016-09-06 19:05:10','2016-09-06 19:05:10',205059,15),('2016-09-06 19:05:10','2016-09-06 19:05:10',205059,16);
/*!40000 ALTER TABLE `GameMechanic` ENABLE KEYS */;
UNLOCK TABLES;

--
-- Table structure for table `GameplayScores`
--

DROP TABLE IF EXISTS `GameplayScores`;
/*!40101 SET @saved_cs_client     = @@character_set_client */;
/*!40101 SET character_set_client = utf8 */;
CREATE TABLE `GameplayScores` (
  `id` int(11) NOT NULL AUTO_INCREMENT,
  `points` float DEFAULT NULL,
  `rank` int(11) DEFAULT NULL,
  `createdAt` datetime NOT NULL,
  `updatedAt` datetime NOT NULL,
  `GameplayId` int(11) DEFAULT NULL,
  `PlayerId` int(11) DEFAULT NULL,
  PRIMARY KEY (`id`),
  KEY `GameplayId` (`GameplayId`),
  KEY `PlayerId` (`PlayerId`),
  KEY `gameplay_scores_points` (`points`),
  CONSTRAINT `GameplayScores_ibfk_1` FOREIGN KEY (`GameplayId`) REFERENCES `Gameplays` (`id`) ON DELETE SET NULL ON UPDATE CASCADE,
  CONSTRAINT `GameplayScores_ibfk_2` FOREIGN KEY (`PlayerId`) REFERENCES `Users` (`id`) ON DELETE SET NULL ON UPDATE CASCADE
) ENGINE=InnoDB AUTO_INCREMENT=3911 DEFAULT CHARSET=utf8 COLLATE=utf8_unicode_ci;
/*!40101 SET character_set_client = @saved_cs_client */;

--
-- Dumping data for table `GameplayScores`
--

LOCK TABLES `GameplayScores` WRITE;
/*!40000 ALTER TABLE `GameplayScores` DISABLE KEYS */;
INSERT INTO `GameplayScores` VALUES (1,58,1,'2016-09-05 23:18:19','2016-09-05 23:18:19',1,1),(2,58,1,'2016-09-05 23:18:19','2016-09-05 23:18:19',1,2),(3,58,1,'2016-09-05 23:18:19','2016-09-05 23:18:19',1,3),(4,54,4,'2016-09-05 23:18:19','2016-09-05 23:18:19',1,4),(5,54,4,'2016-09-05 23:18:19','2016-09-05 23:18:19',1,5),(6,0,2,'2016-09-05 23:19:14','2016-09-05 23:19:14',2,1),(7,0,2,'2016-09-05 23:19:14','2016-09-05 23:19:14',2,6),(8,1,1,'2016-09-05 23:19:14','2016-09-05 23:19:14',2,7),(9,0,2,'2016-09-05 23:19:14','2016-09-05 23:19:14',2,4),(10,0,2,'2016-09-06 19:06:30','2016-09-06 19:06:30',3,6),(11,0,2,'2016-09-06 19:06:30','2016-09-06 19:06:30',3,9),(12,0,2,'2016-09-06 19:06:30','2016-09-06 19:06:30',3,10),(13,1,1,'2016-09-06 19:06:30','2016-09-06 19:06:30',3,11),(14,0,2,'2016-09-06 19:06:30','2016-09-06 19:06:30',3,8),(15,0,2,'2016-09-06 19:08:08','2016-09-06 19:08:08',4,6),(16,10,1,'2016-09-06 19:08:08','2016-09-06 19:08:08',4,8),(17,56,1,'2016-09-07 11:55:20','2016-09-07 11:55:20',5,4),(18,56,1,'2016-09-07 11:55:20','2016-09-07 11:55:20',5,12),(19,53,3,'2016-09-07 11:55:20','2016-09-07 11:55:20',5,13),(20,59,2,'2016-09-10 03:41:17','2016-09-10 03:41:17',6,1),(21,51,3,'2016-09-10 03:41:17','2016-09-10 03:41:17',6,5),(22,63,1,'2016-09-10 03:41:17','2016-09-10 03:41:17',6,12),(23,49,4,'2016-09-10 03:41:17','2016-09-10 03:41:17',6,2),(2976,0,2,'2016-09-13 21:27:17','2016-09-13 21:27:17',836,107),(2977,1,1,'2016-09-13 21:27:17','2016-09-13 21:27:17',836,6),(2978,0,1,'2016-09-13 21:28:03','2016-09-13 21:28:03',837,6),(2979,0,1,'2016-09-13 21:28:03','2016-09-13 21:28:03',837,8),(2980,314,1,'2016-09-13 23:06:30','2016-09-13 23:06:30',838,1),(2981,307,2,'2016-09-13 23:06:30','2016-09-13 23:06:30',838,6),(2982,260,4,'2016-09-13 23:06:30','2016-09-13 23:06:30',838,12),(2983,283,3,'2016-09-13 23:06:30','2016-09-13 23:06:30',838,5),(2984,31,1,'2016-09-13 23:06:32','2016-09-13 23:06:32',839,5),(2985,28,2,'2016-09-13 23:06:32','2016-09-13 23:06:32',839,1),(2986,21,3,'2016-09-13 23:06:32','2016-09-13 23:06:32',839,12),(2987,17,4,'2016-09-13 23:06:32','2016-09-13 23:06:32',839,6),(2988,41,1,'2016-09-13 23:06:34','2016-09-13 23:06:34',840,5),(2989,33,2,'2016-09-13 23:06:34','2016-09-13 23:06:34',840,12),(2990,30,3,'2016-09-13 23:06:34','2016-09-13 23:06:34',840,6),(2991,26,4,'2016-09-13 23:06:34','2016-09-13 23:06:34',840,1),(2992,197,1,'2016-09-13 23:06:36','2016-09-13 23:06:36',841,5),(2993,153,2,'2016-09-13 23:06:36','2016-09-13 23:06:36',841,12),(2994,132,3,'2016-09-13 23:06:36','2016-09-13 23:06:36',841,1),(2995,129,4,'2016-09-13 23:06:36','2016-09-13 23:06:36',841,6),(2996,42,1,'2016-09-13 23:06:53','2016-09-13 23:06:53',842,1),(2997,24,4,'2016-09-13 23:06:53','2016-09-13 23:06:53',842,12),(2998,26,3,'2016-09-13 23:06:53','2016-09-13 23:06:53',842,5),(2999,31,2,'2016-09-13 23:06:53','2016-09-13 23:06:53',842,6),(3000,53,1,'2016-09-13 23:06:55','2016-09-13 23:06:55',843,5),(3001,49,2,'2016-09-13 23:06:55','2016-09-13 23:06:55',843,1),(3002,10400,1,'2016-09-13 23:06:56','2016-09-13 23:06:56',844,12),(3003,3700,2,'2016-09-13 23:06:56','2016-09-13 23:06:56',844,14),(3004,2100,3,'2016-09-13 23:06:56','2016-09-13 23:06:56',844,5),(3005,0,4,'2016-09-13 23:06:56','2016-09-13 23:06:56',844,1),(3006,6,1,'2016-09-13 23:06:59','2016-09-13 23:06:59',845,1),(3007,5,2,'2016-09-13 23:06:59','2016-09-13 23:06:59',845,12),(3008,4,3,'2016-09-13 23:06:59','2016-09-13 23:06:59',845,5),(3009,3,4,'2016-09-13 23:06:59','2016-09-13 23:06:59',845,6),(3010,84,2,'2016-09-13 23:06:59','2016-09-13 23:06:59',846,5),(3011,46,4,'2016-09-13 23:06:59','2016-09-13 23:06:59',846,12),(3012,80,3,'2016-09-13 23:06:59','2016-09-13 23:06:59',846,1),(3013,88,1,'2016-09-13 23:06:59','2016-09-13 23:06:59',846,4),(3014,85,3,'2016-09-13 23:07:00','2016-09-13 23:07:00',847,5),(3015,94,2,'2016-09-13 23:07:00','2016-09-13 23:07:00',847,6),(3016,144,1,'2016-09-13 23:07:00','2016-09-13 23:07:00',847,1),(3017,45,2,'2016-09-13 23:07:01','2016-09-13 23:07:01',848,4),(3018,50,1,'2016-09-13 23:07:01','2016-09-13 23:07:01',848,5),(3019,40,3,'2016-09-13 23:07:01','2016-09-13 23:07:01',848,13),(3020,22,2,'2016-09-13 23:07:03','2016-09-13 23:07:03',849,15),(3021,29,1,'2016-09-13 23:07:03','2016-09-13 23:07:03',849,5),(3022,87,4,'2016-09-13 23:07:04','2016-09-13 23:07:04',850,5),(3023,93,3,'2016-09-13 23:07:04','2016-09-13 23:07:04',850,4),(3024,166,1,'2016-09-13 23:07:04','2016-09-13 23:07:04',850,13),(3025,108,2,'2016-09-13 23:07:04','2016-09-13 23:07:04',850,1),(3026,60,1,'2016-09-13 23:07:05','2016-09-13 23:07:05',851,5),(3027,47,3,'2016-09-13 23:07:05','2016-09-13 23:07:05',851,13),(3028,51,2,'2016-09-13 23:07:05','2016-09-13 23:07:05',851,1),(3029,1,4,'2016-09-13 23:07:07','2016-09-13 23:07:07',852,12),(3030,5,2,'2016-09-13 23:07:07','2016-09-13 23:07:07',852,4),(3031,4,3,'2016-09-13 23:07:07','2016-09-13 23:07:07',852,21),(3032,7,1,'2016-09-13 23:07:07','2016-09-13 23:07:07',852,1),(3033,-12,3,'2016-09-13 23:07:08','2016-09-13 23:07:08',853,4),(3034,12,2,'2016-09-13 23:07:08','2016-09-13 23:07:08',853,13),(3035,-32,4,'2016-09-13 23:07:08','2016-09-13 23:07:08',853,19),(3036,13,1,'2016-09-13 23:07:08','2016-09-13 23:07:08',853,20),(3037,-12,3,'2016-09-13 23:07:08','2016-09-13 23:07:08',853,1),(3038,58,1,'2016-09-13 23:07:09','2016-09-13 23:07:09',854,4),(3039,42,2,'2016-09-13 23:07:09','2016-09-13 23:07:09',854,5),(3040,35,3,'2016-09-13 23:07:09','2016-09-13 23:07:09',854,12),(3041,56,1,'2016-09-13 23:07:10','2016-09-13 23:07:10',855,12),(3042,53,2,'2016-09-13 23:07:10','2016-09-13 23:07:10',855,1),(3043,1600,4,'2016-09-13 23:07:11','2016-09-13 23:07:11',856,22),(3044,1930,2,'2016-09-13 23:07:11','2016-09-13 23:07:11',856,23),(3045,1800,3,'2016-09-13 23:07:11','2016-09-13 23:07:11',856,24),(3046,2031,1,'2016-09-13 23:07:11','2016-09-13 23:07:11',856,6),(3047,229,1,'2016-09-13 23:07:12','2016-09-13 23:07:12',857,5),(3048,206,3,'2016-09-13 23:07:12','2016-09-13 23:07:12',857,25),(3049,207,2,'2016-09-13 23:07:12','2016-09-13 23:07:12',857,27),(3050,197,4,'2016-09-13 23:07:12','2016-09-13 23:07:12',857,28),(3051,10,2,'2016-09-13 23:07:37','2016-09-13 23:07:37',858,12),(3052,10,2,'2016-09-13 23:07:37','2016-09-13 23:07:37',858,5),(3053,9,3,'2016-09-13 23:07:37','2016-09-13 23:07:37',858,1),(3054,12,1,'2016-09-13 23:07:37','2016-09-13 23:07:37',858,13),(3055,55,2,'2016-09-13 23:07:38','2016-09-13 23:07:38',859,12),(3056,58,1,'2016-09-13 23:07:38','2016-09-13 23:07:38',859,1),(3057,0,2,'2016-09-13 23:07:39','2016-09-13 23:07:39',860,1),(3058,2,1,'2016-09-13 23:07:39','2016-09-13 23:07:39',860,12),(3059,27,2,'2016-09-13 23:07:40','2016-09-13 23:07:40',861,25),(3060,76,1,'2016-09-13 23:07:40','2016-09-13 23:07:40',861,29),(3061,1,3,'2016-09-13 23:07:40','2016-09-13 23:07:40',862,1),(3062,2,2,'2016-09-13 23:07:40','2016-09-13 23:07:40',862,21),(3063,4,1,'2016-09-13 23:07:40','2016-09-13 23:07:40',862,5),(3064,0,4,'2016-09-13 23:07:40','2016-09-13 23:07:40',862,4),(3065,1,3,'2016-09-13 23:07:40','2016-09-13 23:07:40',862,12),(3066,58,2,'2016-09-13 23:07:41','2016-09-13 23:07:41',863,1),(3067,34,5,'2016-09-13 23:07:41','2016-09-13 23:07:41',863,21),(3068,45,4,'2016-09-13 23:07:41','2016-09-13 23:07:41',863,5),(3069,54,3,'2016-09-13 23:07:41','2016-09-13 23:07:41',863,12),(3070,68,1,'2016-09-13 23:07:41','2016-09-13 23:07:41',863,4),(3071,1400,2,'2016-09-13 23:07:42','2016-09-13 23:07:42',864,1),(3072,1600,1,'2016-09-13 23:07:42','2016-09-13 23:07:42',864,5),(3073,14,1,'2016-09-13 23:07:44','2016-09-13 23:07:44',865,5),(3074,7,3,'2016-09-13 23:07:44','2016-09-13 23:07:44',865,2),(3075,8,2,'2016-09-13 23:07:44','2016-09-13 23:07:44',865,13),(3076,75,2,'2016-09-13 23:07:44','2016-09-13 23:07:44',866,12),(3077,71,4,'2016-09-13 23:07:44','2016-09-13 23:07:44',866,5),(3078,77,1,'2016-09-13 23:07:44','2016-09-13 23:07:44',866,1),(3079,72,3,'2016-09-13 23:07:44','2016-09-13 23:07:44',866,13),(3080,0,2,'2016-09-13 23:07:45','2016-09-13 23:07:45',867,1),(3081,0,2,'2016-09-13 23:07:45','2016-09-13 23:07:45',867,4),(3082,0,2,'2016-09-13 23:07:45','2016-09-13 23:07:45',867,12),(3083,0,2,'2016-09-13 23:07:45','2016-09-13 23:07:45',867,6),(3084,1,1,'2016-09-13 23:07:45','2016-09-13 23:07:45',867,31),(3085,0,2,'2016-09-13 23:07:45','2016-09-13 23:07:45',867,5),(3086,-1,1,'2016-09-13 23:07:47','2016-09-13 23:07:47',868,4),(3087,-1,1,'2016-09-13 23:07:47','2016-09-13 23:07:47',868,5),(3088,-1,1,'2016-09-13 23:07:47','2016-09-13 23:07:47',868,1),(3089,2,2,'2016-09-13 23:07:47','2016-09-13 23:07:47',869,12),(3090,1,3,'2016-09-13 23:07:47','2016-09-13 23:07:47',869,5),(3091,3,1,'2016-09-13 23:07:47','2016-09-13 23:07:47',869,1),(3092,97,2,'2016-09-13 23:07:48','2016-09-13 23:07:48',870,12),(3093,117,1,'2016-09-13 23:07:48','2016-09-13 23:07:48',870,6),(3094,90,3,'2016-09-13 23:07:48','2016-09-13 23:07:48',870,1),(3095,437,2,'2016-09-13 23:07:49','2016-09-13 23:07:49',871,6),(3096,447,1,'2016-09-13 23:07:49','2016-09-13 23:07:49',871,4),(3097,376,3,'2016-09-13 23:07:49','2016-09-13 23:07:49',871,1),(3098,18,3,'2016-09-13 23:07:51','2016-09-13 23:07:51',872,4),(3099,29,1,'2016-09-13 23:07:51','2016-09-13 23:07:51',872,12),(3100,21,2,'2016-09-13 23:07:51','2016-09-13 23:07:51',872,5),(3101,13,4,'2016-09-13 23:07:51','2016-09-13 23:07:51',872,1),(3102,67,3,'2016-09-13 23:07:51','2016-09-13 23:07:51',873,1),(3103,80,2,'2016-09-13 23:07:51','2016-09-13 23:07:51',873,4),(3104,83,1,'2016-09-13 23:07:51','2016-09-13 23:07:51',873,6),(3105,60,4,'2016-09-13 23:07:51','2016-09-13 23:07:51',873,12),(3106,16,1,'2016-09-13 23:07:52','2016-09-13 23:07:52',874,12),(3107,13,2,'2016-09-13 23:07:52','2016-09-13 23:07:52',874,1),(3108,61,2,'2016-09-13 23:07:53','2016-09-13 23:07:53',875,12),(3109,64,1,'2016-09-13 23:07:53','2016-09-13 23:07:53',875,6),(3110,52,1,'2016-09-13 23:07:54','2016-09-13 23:07:54',876,6),(3111,31,3,'2016-09-13 23:07:54','2016-09-13 23:07:54',876,32),(3112,36,2,'2016-09-13 23:07:54','2016-09-13 23:07:54',876,33),(3113,25,4,'2016-09-13 23:07:54','2016-09-13 23:07:54',876,34),(3114,56,2,'2016-09-13 23:07:55','2016-09-13 23:07:55',877,5),(3115,34,3,'2016-09-13 23:07:55','2016-09-13 23:07:55',877,4),(3116,59,1,'2016-09-13 23:07:55','2016-09-13 23:07:55',877,1),(3117,90,2,'2016-09-13 23:07:56','2016-09-13 23:07:56',878,1),(3118,95,1,'2016-09-13 23:07:56','2016-09-13 23:07:56',878,12),(3119,55,3,'2016-09-13 23:07:56','2016-09-13 23:07:56',878,5),(3120,90,2,'2016-09-13 23:07:56','2016-09-13 23:07:56',878,6),(3121,0,2,'2016-09-13 23:07:56','2016-09-13 23:07:56',879,6),(3122,1,1,'2016-09-13 23:07:56','2016-09-13 23:07:56',879,51),(3123,1,1,'2016-09-13 23:07:56','2016-09-13 23:07:56',879,129),(3124,1,1,'2016-09-13 23:07:56','2016-09-13 23:07:56',879,50),(3125,263,5,'2016-09-13 23:07:58','2016-09-13 23:07:58',880,1),(3126,313,2,'2016-09-13 23:07:58','2016-09-13 23:07:58',880,5),(3127,281,3,'2016-09-13 23:07:58','2016-09-13 23:07:58',880,12),(3128,379,1,'2016-09-13 23:07:58','2016-09-13 23:07:58',880,4),(3129,264,4,'2016-09-13 23:07:58','2016-09-13 23:07:58',880,6),(3130,45,3,'2016-09-13 23:07:58','2016-09-13 23:07:58',881,13),(3131,52,2,'2016-09-13 23:07:58','2016-09-13 23:07:58',881,5),(3132,44,4,'2016-09-13 23:07:58','2016-09-13 23:07:58',881,4),(3133,65,1,'2016-09-13 23:07:58','2016-09-13 23:07:58',881,1),(3134,19,1,'2016-09-13 23:08:00','2016-09-13 23:08:00',882,1),(3135,16,3,'2016-09-13 23:08:00','2016-09-13 23:08:00',882,5),(3136,16,3,'2016-09-13 23:08:00','2016-09-13 23:08:00',882,6),(3137,4,4,'2016-09-13 23:08:00','2016-09-13 23:08:00',882,12),(3138,18,2,'2016-09-13 23:08:00','2016-09-13 23:08:00',882,4),(3139,5,2,'2016-09-13 23:08:00','2016-09-13 23:08:00',883,5),(3140,8,1,'2016-09-13 23:08:00','2016-09-13 23:08:00',883,12),(3141,4,3,'2016-09-13 23:08:00','2016-09-13 23:08:00',883,6),(3142,5,2,'2016-09-13 23:08:00','2016-09-13 23:08:00',883,4),(3143,5,2,'2016-09-13 23:08:00','2016-09-13 23:08:00',883,1),(3144,66,2,'2016-09-13 23:08:02','2016-09-13 23:08:02',884,38),(3145,86,1,'2016-09-13 23:08:02','2016-09-13 23:08:02',884,1),(3146,13,2,'2016-09-13 23:08:02','2016-09-13 23:08:02',885,1),(3147,16,1,'2016-09-13 23:08:02','2016-09-13 23:08:02',885,6),(3148,1,1,'2016-09-13 23:08:04','2016-09-13 23:08:04',886,5),(3149,1,1,'2016-09-13 23:08:04','2016-09-13 23:08:04',886,12),(3150,0,2,'2016-09-13 23:08:04','2016-09-13 23:08:04',886,6),(3151,0,2,'2016-09-13 23:08:04','2016-09-13 23:08:04',886,4),(3152,0,2,'2016-09-13 23:08:04','2016-09-13 23:08:04',886,1),(3153,120,2,'2016-09-13 23:08:05','2016-09-13 23:08:05',887,6),(3154,160,1,'2016-09-13 23:08:05','2016-09-13 23:08:05',887,132),(3155,291,1,'2016-09-13 23:08:06','2016-09-13 23:08:06',888,39),(3156,259,4,'2016-09-13 23:08:06','2016-09-13 23:08:06',888,40),(3157,243,5,'2016-09-13 23:08:06','2016-09-13 23:08:06',888,41),(3158,265,3,'2016-09-13 23:08:06','2016-09-13 23:08:06',888,12),(3159,288,2,'2016-09-13 23:08:06','2016-09-13 23:08:06',888,1),(3160,9,2,'2016-09-13 23:08:07','2016-09-13 23:08:07',889,1),(3161,7,4,'2016-09-13 23:08:07','2016-09-13 23:08:07',889,5),(3162,8,3,'2016-09-13 23:08:07','2016-09-13 23:08:07',889,6),(3163,12,1,'2016-09-13 23:08:07','2016-09-13 23:08:07',889,4),(3164,0,4,'2016-09-13 23:08:09','2016-09-13 23:08:09',890,42),(3165,11,3,'2016-09-13 23:08:09','2016-09-13 23:08:09',890,6),(3166,14,2,'2016-09-13 23:08:09','2016-09-13 23:08:09',890,4),(3167,21,1,'2016-09-13 23:08:09','2016-09-13 23:08:09',890,1),(3168,19,2,'2016-09-13 23:08:09','2016-09-13 23:08:09',891,12),(3169,32,1,'2016-09-13 23:08:09','2016-09-13 23:08:09',891,1),(3170,25,4,'2016-09-13 23:08:10','2016-09-13 23:08:10',892,133),(3171,27,3,'2016-09-13 23:08:10','2016-09-13 23:08:10',892,134),(3172,35,1,'2016-09-13 23:08:10','2016-09-13 23:08:10',892,135),(3173,30,2,'2016-09-13 23:08:10','2016-09-13 23:08:10',892,136),(3174,27,3,'2016-09-13 23:08:10','2016-09-13 23:08:10',892,1),(3175,1,1,'2016-09-13 23:08:12','2016-09-13 23:08:12',893,6),(3176,0,2,'2016-09-13 23:08:12','2016-09-13 23:08:12',893,50),(3177,0,2,'2016-09-13 23:08:12','2016-09-13 23:08:12',893,51),(3178,0,2,'2016-09-13 23:08:12','2016-09-13 23:08:12',893,52),(3179,104,4,'2016-09-13 23:08:18','2016-09-13 23:08:18',894,5),(3180,132,2,'2016-09-13 23:08:18','2016-09-13 23:08:18',894,4),(3181,146,1,'2016-09-13 23:08:18','2016-09-13 23:08:18',894,12),(3182,116,3,'2016-09-13 23:08:18','2016-09-13 23:08:18',894,1),(3183,4,1,'2016-09-13 23:08:19','2016-09-13 23:08:19',895,32),(3184,2,3,'2016-09-13 23:08:19','2016-09-13 23:08:19',895,6),(3185,1,4,'2016-09-13 23:08:19','2016-09-13 23:08:19',895,23),(3186,3,2,'2016-09-13 23:08:19','2016-09-13 23:08:19',895,22),(3187,70,4,'2016-09-13 23:08:20','2016-09-13 23:08:20',896,5),(3188,88,2,'2016-09-13 23:08:20','2016-09-13 23:08:20',896,4),(3189,84,3,'2016-09-13 23:08:20','2016-09-13 23:08:20',896,1),(3190,119,1,'2016-09-13 23:08:20','2016-09-13 23:08:20',896,13),(3191,31,3,'2016-09-13 23:08:21','2016-09-13 23:08:21',897,6),(3192,45,2,'2016-09-13 23:08:21','2016-09-13 23:08:21',897,32),(3193,45,2,'2016-09-13 23:08:21','2016-09-13 23:08:21',897,53),(3194,53,1,'2016-09-13 23:08:21','2016-09-13 23:08:21',897,54),(3195,57,1,'2016-09-13 23:08:22','2016-09-13 23:08:22',898,6),(3196,55,2,'2016-09-13 23:08:22','2016-09-13 23:08:22',898,53),(3197,48,3,'2016-09-13 23:08:22','2016-09-13 23:08:22',898,54),(3198,48,3,'2016-09-13 23:08:22','2016-09-13 23:08:22',898,32),(3199,1,4,'2016-09-13 23:08:22','2016-09-13 23:08:22',899,6),(3200,2,3,'2016-09-13 23:08:22','2016-09-13 23:08:22',899,32),(3201,3,2,'2016-09-13 23:08:22','2016-09-13 23:08:22',899,53),(3202,4,1,'2016-09-13 23:08:22','2016-09-13 23:08:22',899,54),(3203,10,1,'2016-09-13 23:08:24','2016-09-13 23:08:24',900,NULL),(3204,9,2,'2016-09-13 23:08:24','2016-09-13 23:08:24',900,NULL),(3205,9,2,'2016-09-13 23:08:24','2016-09-13 23:08:24',900,NULL),(3206,9,2,'2016-09-13 23:08:24','2016-09-13 23:08:24',900,NULL),(3207,10,1,'2016-09-13 23:08:25','2016-09-13 23:08:25',901,12),(3208,9,2,'2016-09-13 23:08:25','2016-09-13 23:08:25',901,21),(3209,9,2,'2016-09-13 23:08:25','2016-09-13 23:08:25',901,4),(3210,9,2,'2016-09-13 23:08:25','2016-09-13 23:08:25',901,1),(3211,0,2,'2016-09-13 23:08:26','2016-09-13 23:08:26',902,1),(3212,0,2,'2016-09-13 23:08:26','2016-09-13 23:08:26',902,5),(3213,1,1,'2016-09-13 23:08:26','2016-09-13 23:08:26',902,4),(3214,0,2,'2016-09-13 23:08:26','2016-09-13 23:08:26',902,12),(3215,0,2,'2016-09-13 23:08:26','2016-09-13 23:08:26',902,6),(3216,10,3,'2016-09-13 23:08:27','2016-09-13 23:08:27',903,1),(3217,9,4,'2016-09-13 23:08:27','2016-09-13 23:08:27',903,4),(3218,15,1,'2016-09-13 23:08:27','2016-09-13 23:08:27',903,12),(3219,14,2,'2016-09-13 23:08:27','2016-09-13 23:08:27',903,21),(3220,-57,4,'2016-09-13 23:08:27','2016-09-13 23:08:27',904,13),(3221,-31,3,'2016-09-13 23:08:27','2016-09-13 23:08:27',904,5),(3222,9,1,'2016-09-13 23:08:27','2016-09-13 23:08:27',904,6),(3223,-4,2,'2016-09-13 23:08:27','2016-09-13 23:08:27',904,4),(3224,16,3,'2016-09-13 23:09:27','2016-09-13 23:09:27',905,1),(3225,20,2,'2016-09-13 23:09:27','2016-09-13 23:09:27',905,4),(3226,25,1,'2016-09-13 23:09:27','2016-09-13 23:09:27',905,13),(3227,22,2,'2016-09-13 23:09:28','2016-09-13 23:09:28',906,1),(3228,22,2,'2016-09-13 23:09:28','2016-09-13 23:09:28',906,12),(3229,13,3,'2016-09-13 23:09:28','2016-09-13 23:09:28',906,4),(3230,23,1,'2016-09-13 23:09:28','2016-09-13 23:09:28',906,5),(3231,3,2,'2016-09-13 23:09:29','2016-09-13 23:09:29',907,6),(3232,5,1,'2016-09-13 23:09:29','2016-09-13 23:09:29',907,32),(3233,157,1,'2016-09-13 23:09:29','2016-09-13 23:09:29',908,13),(3234,143,2,'2016-09-13 23:09:29','2016-09-13 23:09:29',908,1),(3235,143,2,'2016-09-13 23:09:29','2016-09-13 23:09:29',908,12),(3236,53,3,'2016-09-13 23:09:30','2016-09-13 23:09:30',909,6),(3237,60,2,'2016-09-13 23:09:30','2016-09-13 23:09:30',909,59),(3238,80,1,'2016-09-13 23:09:30','2016-09-13 23:09:30',909,58),(3239,12,1,'2016-09-13 23:09:31','2016-09-13 23:09:31',910,6),(3240,11,2,'2016-09-13 23:09:31','2016-09-13 23:09:31',910,5),(3241,6,3,'2016-09-13 23:09:31','2016-09-13 23:09:31',910,4),(3242,43,2,'2016-09-13 23:09:31','2016-09-13 23:09:31',911,12),(3243,45,1,'2016-09-13 23:09:31','2016-09-13 23:09:31',911,62),(3244,39,3,'2016-09-13 23:09:31','2016-09-13 23:09:31',911,1),(3245,64,2,'2016-09-13 23:09:32','2016-09-13 23:09:32',912,4),(3246,66,1,'2016-09-13 23:09:32','2016-09-13 23:09:32',912,21),(3247,43,4,'2016-09-13 23:09:32','2016-09-13 23:09:32',912,5),(3248,63,3,'2016-09-13 23:09:32','2016-09-13 23:09:32',912,1),(3249,27,1,'2016-09-13 23:09:33','2016-09-13 23:09:33',913,5),(3250,18,2,'2016-09-13 23:09:33','2016-09-13 23:09:33',913,13),(3251,18,2,'2016-09-13 23:09:33','2016-09-13 23:09:33',913,4),(3252,0,3,'2016-09-13 23:09:33','2016-09-13 23:09:33',913,2),(3253,49,1,'2016-09-13 23:09:34','2016-09-13 23:09:34',914,5),(3254,40,4,'2016-09-13 23:09:34','2016-09-13 23:09:34',914,4),(3255,41,3,'2016-09-13 23:09:34','2016-09-13 23:09:34',914,13),(3256,45,2,'2016-09-13 23:09:34','2016-09-13 23:09:34',914,62),(3257,40,4,'2016-09-13 23:09:34','2016-09-13 23:09:34',914,1),(3258,28,4,'2016-09-13 23:09:36','2016-09-13 23:09:36',915,63),(3259,32,3,'2016-09-13 23:09:36','2016-09-13 23:09:36',915,22),(3260,38,2,'2016-09-13 23:09:36','2016-09-13 23:09:36',915,32),(3261,42,1,'2016-09-13 23:09:36','2016-09-13 23:09:36',915,6),(3262,-2,4,'2016-09-13 23:09:37','2016-09-13 23:09:37',916,6),(3263,19,3,'2016-09-13 23:09:37','2016-09-13 23:09:37',916,65),(3264,20,2,'2016-09-13 23:09:37','2016-09-13 23:09:37',916,66),(3265,23,1,'2016-09-13 23:09:37','2016-09-13 23:09:37',916,67),(3266,52,2,'2016-09-13 23:09:38','2016-09-13 23:09:38',917,13),(3267,57,1,'2016-09-13 23:09:38','2016-09-13 23:09:38',917,21),(3268,47,3,'2016-09-13 23:09:38','2016-09-13 23:09:38',917,12),(3269,42,4,'2016-09-13 23:09:38','2016-09-13 23:09:38',917,4),(3270,130,2,'2016-09-13 23:09:39','2016-09-13 23:09:39',918,5),(3271,150,1,'2016-09-13 23:09:39','2016-09-13 23:09:39',918,13),(3272,97,3,'2016-09-13 23:09:40','2016-09-13 23:09:40',919,4),(3273,109,1,'2016-09-13 23:09:40','2016-09-13 23:09:40',919,12),(3274,93,4,'2016-09-13 23:09:40','2016-09-13 23:09:40',919,6),(3275,104,2,'2016-09-13 23:09:40','2016-09-13 23:09:40',919,1),(3276,0,2,'2016-09-13 23:09:41','2016-09-13 23:09:41',920,6),(3277,1,1,'2016-09-13 23:09:41','2016-09-13 23:09:41',920,68),(3278,39,1,'2016-09-13 23:09:42','2016-09-13 23:09:42',921,1),(3279,21,5,'2016-09-13 23:09:42','2016-09-13 23:09:42',921,64),(3280,19,6,'2016-09-13 23:09:42','2016-09-13 23:09:42',921,12),(3281,31,2,'2016-09-13 23:09:42','2016-09-13 23:09:42',921,20),(3282,26,4,'2016-09-13 23:09:42','2016-09-13 23:09:42',921,5),(3283,28,3,'2016-09-13 23:09:42','2016-09-13 23:09:42',921,4),(3284,5,2,'2016-09-13 23:09:42','2016-09-13 23:09:42',922,4),(3285,3,4,'2016-09-13 23:09:42','2016-09-13 23:09:42',922,5),(3286,5,2,'2016-09-13 23:09:42','2016-09-13 23:09:42',922,21),(3287,4,3,'2016-09-13 23:09:42','2016-09-13 23:09:42',922,12),(3288,8,1,'2016-09-13 23:09:42','2016-09-13 23:09:42',922,1),(3289,59,2,'2016-09-13 23:09:44','2016-09-13 23:09:44',923,6),(3290,60,1,'2016-09-13 23:09:44','2016-09-13 23:09:44',923,59),(3291,59,2,'2016-09-13 23:09:44','2016-09-13 23:09:44',923,32),(3292,56,3,'2016-09-13 23:09:44','2016-09-13 23:09:44',923,69),(3293,46,4,'2016-09-13 23:09:44','2016-09-13 23:09:44',923,33),(3294,44,5,'2016-09-13 23:09:44','2016-09-13 23:09:44',923,58),(3295,89,2,'2016-09-13 23:09:45','2016-09-13 23:09:45',924,5),(3296,91,1,'2016-09-13 23:09:45','2016-09-13 23:09:45',924,4),(3297,77,5,'2016-09-13 23:09:45','2016-09-13 23:09:45',924,21),(3298,81,4,'2016-09-13 23:09:45','2016-09-13 23:09:45',924,12),(3299,88,3,'2016-09-13 23:09:45','2016-09-13 23:09:45',924,1),(3300,4360,2,'2016-09-13 23:09:46','2016-09-13 23:09:46',925,6),(3301,4520,1,'2016-09-13 23:09:46','2016-09-13 23:09:46',925,59),(3302,2880,4,'2016-09-13 23:09:46','2016-09-13 23:09:46',925,23),(3303,3040,3,'2016-09-13 23:09:46','2016-09-13 23:09:46',925,22),(3304,2820,5,'2016-09-13 23:09:46','2016-09-13 23:09:46',925,32),(3305,20,1,'2016-09-13 23:09:46','2016-09-13 23:09:46',926,5),(3306,0,2,'2016-09-13 23:09:46','2016-09-13 23:09:46',926,19),(3307,53,1,'2016-09-13 23:09:47','2016-09-13 23:09:47',927,1),(3308,53,1,'2016-09-13 23:09:47','2016-09-13 23:09:47',927,13),(3309,49,2,'2016-09-13 23:09:47','2016-09-13 23:09:47',927,12),(3310,90,2,'2016-09-13 23:09:48','2016-09-13 23:09:48',928,5),(3311,90,2,'2016-09-13 23:09:48','2016-09-13 23:09:48',928,64),(3312,99,1,'2016-09-13 23:09:48','2016-09-13 23:09:48',928,4),(3313,83,3,'2016-09-13 23:09:48','2016-09-13 23:09:48',928,2),(3314,128,2,'2016-09-13 23:09:49','2016-09-13 23:09:49',929,13),(3315,131,1,'2016-09-13 23:09:49','2016-09-13 23:09:49',929,21),(3316,97,3,'2016-09-13 23:09:49','2016-09-13 23:09:49',929,5),(3317,195,2,'2016-09-13 23:09:53','2016-09-13 23:09:53',930,5),(3318,332,1,'2016-09-13 23:09:53','2016-09-13 23:09:53',930,1),(3319,1,1,'2016-09-13 23:09:54','2016-09-13 23:09:54',931,4),(3320,1,1,'2016-09-13 23:09:54','2016-09-13 23:09:54',931,6),(3321,0,2,'2016-09-13 23:09:54','2016-09-13 23:09:54',931,70),(3322,1,1,'2016-09-13 23:09:54','2016-09-13 23:09:54',931,1),(3323,4,3,'2016-09-13 23:09:55','2016-09-13 23:09:55',932,1),(3324,12,1,'2016-09-13 23:09:55','2016-09-13 23:09:55',932,64),(3325,6,2,'2016-09-13 23:09:55','2016-09-13 23:09:55',932,12),(3326,0,2,'2016-09-13 23:09:56','2016-09-13 23:09:56',933,6),(3327,1,1,'2016-09-13 23:09:56','2016-09-13 23:09:56',933,8),(3328,0,2,'2016-09-13 23:09:56','2016-09-13 23:09:56',933,71),(3329,0,2,'2016-09-13 23:09:56','2016-09-13 23:09:56',933,72),(3330,0,2,'2016-09-13 23:09:56','2016-09-13 23:09:56',933,73),(3331,6,2,'2016-09-13 23:09:57','2016-09-13 23:09:57',934,6),(3332,8,1,'2016-09-13 23:09:57','2016-09-13 23:09:57',934,8),(3333,1,1,'2016-09-13 23:09:58','2016-09-13 23:09:58',935,6),(3334,1,1,'2016-09-13 23:09:58','2016-09-13 23:09:58',935,8),(3335,100,1,'2016-09-13 23:09:59','2016-09-13 23:09:59',936,1),(3336,76,4,'2016-09-13 23:09:59','2016-09-13 23:09:59',936,76),(3337,78,3,'2016-09-13 23:09:59','2016-09-13 23:09:59',936,77),(3338,88,2,'2016-09-13 23:09:59','2016-09-13 23:09:59',936,6),(3339,12,3,'2016-09-13 23:10:00','2016-09-13 23:10:00',937,1),(3340,20,1,'2016-09-13 23:10:00','2016-09-13 23:10:00',937,12),(3341,17,2,'2016-09-13 23:10:00','2016-09-13 23:10:00',937,6),(3342,184,3,'2016-09-13 23:10:01','2016-09-13 23:10:01',938,1),(3343,172,4,'2016-09-13 23:10:01','2016-09-13 23:10:01',938,5),(3344,260,1,'2016-09-13 23:10:01','2016-09-13 23:10:01',938,12),(3345,248,2,'2016-09-13 23:10:01','2016-09-13 23:10:01',938,79),(3346,86,2,'2016-09-13 23:10:02','2016-09-13 23:10:02',939,1),(3347,83,3,'2016-09-13 23:10:02','2016-09-13 23:10:02',939,5),(3348,96,1,'2016-09-13 23:10:02','2016-09-13 23:10:02',939,6),(3349,1,2,'2016-09-13 23:10:03','2016-09-13 23:10:03',940,1),(3350,0,3,'2016-09-13 23:10:03','2016-09-13 23:10:03',940,83),(3351,0,3,'2016-09-13 23:10:03','2016-09-13 23:10:03',940,84),(3352,0,3,'2016-09-13 23:10:03','2016-09-13 23:10:03',940,85),(3353,3,1,'2016-09-13 23:10:03','2016-09-13 23:10:03',940,5),(3354,383,1,'2016-09-13 23:10:04','2016-09-13 23:10:04',941,1),(3355,180,4,'2016-09-13 23:10:04','2016-09-13 23:10:04',941,5),(3356,233,3,'2016-09-13 23:10:04','2016-09-13 23:10:04',941,80),(3357,347,2,'2016-09-13 23:10:04','2016-09-13 23:10:04',941,81),(3358,73,1,'2016-09-13 23:10:05','2016-09-13 23:10:05',942,6),(3359,60,3,'2016-09-13 23:10:05','2016-09-13 23:10:05',942,12),(3360,68,2,'2016-09-13 23:10:05','2016-09-13 23:10:05',942,82),(3361,38,4,'2016-09-13 23:10:06','2016-09-13 23:10:06',943,1),(3362,62,1,'2016-09-13 23:10:06','2016-09-13 23:10:06',943,4),(3363,44,3,'2016-09-13 23:10:06','2016-09-13 23:10:06',943,5),(3364,47,2,'2016-09-13 23:10:06','2016-09-13 23:10:06',943,87),(3365,52,3,'2016-09-13 23:10:07','2016-09-13 23:10:07',944,1),(3366,52,3,'2016-09-13 23:10:07','2016-09-13 23:10:07',944,12),(3367,53,2,'2016-09-13 23:10:07','2016-09-13 23:10:07',944,5),(3368,54,1,'2016-09-13 23:10:07','2016-09-13 23:10:07',944,4),(3369,52,3,'2016-09-13 23:10:07','2016-09-13 23:10:07',944,6),(3370,53,2,'2016-09-13 23:10:07','2016-09-13 23:10:07',944,86),(3371,38,2,'2016-09-13 23:10:08','2016-09-13 23:10:08',945,1),(3372,48,1,'2016-09-13 23:10:08','2016-09-13 23:10:08',945,5),(3373,37,3,'2016-09-13 23:10:08','2016-09-13 23:10:08',945,12),(3374,33,4,'2016-09-13 23:10:08','2016-09-13 23:10:08',945,6),(3375,53,4,'2016-09-13 23:10:09','2016-09-13 23:10:09',946,10),(3376,66,3,'2016-09-13 23:10:09','2016-09-13 23:10:09',946,92),(3377,67,2,'2016-09-13 23:10:09','2016-09-13 23:10:09',946,93),(3378,68,1,'2016-09-13 23:10:09','2016-09-13 23:10:09',946,6),(3379,61,1,'2016-09-13 23:10:10','2016-09-13 23:10:10',947,1),(3380,52,2,'2016-09-13 23:10:10','2016-09-13 23:10:10',947,4),(3381,40,4,'2016-09-13 23:10:10','2016-09-13 23:10:10',947,2),(3382,51,3,'2016-09-13 23:10:10','2016-09-13 23:10:10',947,89),(3383,4,1,'2016-09-13 23:10:12','2016-09-13 23:10:12',948,1),(3384,2,2,'2016-09-13 23:10:12','2016-09-13 23:10:12',948,2),(3385,2,2,'2016-09-13 23:10:12','2016-09-13 23:10:12',948,90),(3386,2,2,'2016-09-13 23:10:12','2016-09-13 23:10:12',948,4),(3387,0,2,'2016-09-13 23:10:13','2016-09-13 23:10:13',949,6),(3388,1,1,'2016-09-13 23:10:13','2016-09-13 23:10:13',949,91),(3389,0,2,'2016-09-13 23:10:13','2016-09-13 23:10:13',949,8),(3390,0,2,'2016-09-13 23:10:13','2016-09-13 23:10:13',949,10),(3391,0,2,'2016-09-13 23:10:13','2016-09-13 23:10:13',949,71),(3392,23,2,'2016-09-13 23:10:14','2016-09-13 23:10:14',950,1),(3393,10,6,'2016-09-13 23:10:14','2016-09-13 23:10:14',950,12),(3394,11,5,'2016-09-13 23:10:14','2016-09-13 23:10:14',950,19),(3395,22,3,'2016-09-13 23:10:14','2016-09-13 23:10:14',950,6),(3396,21,4,'2016-09-13 23:10:14','2016-09-13 23:10:14',950,94),(3397,26,1,'2016-09-13 23:10:14','2016-09-13 23:10:14',950,95),(3398,86,4,'2016-09-13 23:10:15','2016-09-13 23:10:15',951,20),(3399,90,3,'2016-09-13 23:10:15','2016-09-13 23:10:15',951,12),(3400,127,2,'2016-09-13 23:10:15','2016-09-13 23:10:15',951,5),(3401,131,1,'2016-09-13 23:10:15','2016-09-13 23:10:15',951,1),(3402,0,2,'2016-09-13 23:10:17','2016-09-13 23:10:17',952,6),(3403,0,2,'2016-09-13 23:10:17','2016-09-13 23:10:17',952,96),(3404,1,1,'2016-09-13 23:10:17','2016-09-13 23:10:17',952,8),(3405,1,1,'2016-09-13 23:10:17','2016-09-13 23:10:17',952,10),(3406,1,1,'2016-09-13 23:10:17','2016-09-13 23:10:17',952,97),(3407,1,1,'2016-09-13 23:10:17','2016-09-13 23:10:17',953,6),(3408,0,2,'2016-09-13 23:10:17','2016-09-13 23:10:17',953,98),(3409,37,2,'2016-09-13 23:10:18','2016-09-13 23:10:18',954,5),(3410,37,2,'2016-09-13 23:10:18','2016-09-13 23:10:18',954,2),(3411,55,1,'2016-09-13 23:10:18','2016-09-13 23:10:18',954,1),(3412,2,1,'2016-09-13 23:10:18','2016-09-13 23:10:18',955,6),(3413,0,2,'2016-09-13 23:10:18','2016-09-13 23:10:18',955,1),(3414,0,2,'2016-09-13 23:10:18','2016-09-13 23:10:18',955,12),(3415,99,2,'2016-09-13 23:10:19','2016-09-13 23:10:19',956,4),(3416,78,4,'2016-09-13 23:10:19','2016-09-13 23:10:19',956,12),(3417,97,3,'2016-09-13 23:10:19','2016-09-13 23:10:19',956,5),(3418,104,1,'2016-09-13 23:10:19','2016-09-13 23:10:19',956,1),(3419,0,2,'2016-09-13 23:10:20','2016-09-13 23:10:20',957,1),(3420,1,1,'2016-09-13 23:10:20','2016-09-13 23:10:20',957,5),(3421,1,1,'2016-09-13 23:10:20','2016-09-13 23:10:20',957,19),(3422,0,2,'2016-09-13 23:10:20','2016-09-13 23:10:20',957,12),(3423,0,2,'2016-09-13 23:10:20','2016-09-13 23:10:20',957,20),(3424,0,2,'2016-09-13 23:10:20','2016-09-13 23:10:20',957,100),(3425,73,2,'2016-09-13 23:10:21','2016-09-13 23:10:21',958,13),(3426,70,3,'2016-09-13 23:10:21','2016-09-13 23:10:21',958,4),(3427,73,2,'2016-09-13 23:10:21','2016-09-13 23:10:21',958,5),(3428,67,4,'2016-09-13 23:10:21','2016-09-13 23:10:21',958,1),(3429,81,1,'2016-09-13 23:10:21','2016-09-13 23:10:21',958,12),(3430,199,2,'2016-09-13 23:10:22','2016-09-13 23:10:22',959,4),(3431,206,1,'2016-09-13 23:10:22','2016-09-13 23:10:22',959,5),(3432,163,3,'2016-09-13 23:10:22','2016-09-13 23:10:22',959,1),(3433,1,1,'2016-09-13 23:10:23','2016-09-13 23:10:23',960,6),(3434,0,2,'2016-09-13 23:10:23','2016-09-13 23:10:23',960,101),(3435,1,1,'2016-09-13 23:10:26','2016-09-13 23:10:26',961,6),(3436,0,2,'2016-09-13 23:10:26','2016-09-13 23:10:26',961,8),(3437,45,2,'2016-09-13 23:10:26','2016-09-13 23:10:26',962,4),(3438,35,3,'2016-09-13 23:10:26','2016-09-13 23:10:26',962,5),(3439,34,4,'2016-09-13 23:10:26','2016-09-13 23:10:26',962,12),(3440,48,1,'2016-09-13 23:10:26','2016-09-13 23:10:26',962,1),(3441,131,3,'2016-09-13 23:10:27','2016-09-13 23:10:27',963,5),(3442,187,1,'2016-09-13 23:10:27','2016-09-13 23:10:27',963,4),(3443,115,4,'2016-09-13 23:10:27','2016-09-13 23:10:27',963,2),(3444,134,2,'2016-09-13 23:10:27','2016-09-13 23:10:27',963,1),(3445,23,2,'2016-09-13 23:10:27','2016-09-13 23:10:27',964,5),(3446,26,1,'2016-09-13 23:10:27','2016-09-13 23:10:27',964,13),(3447,23,2,'2016-09-13 23:10:27','2016-09-13 23:10:27',964,1),(3448,174,1,'2016-09-13 23:10:29','2016-09-13 23:10:29',965,13),(3449,157,2,'2016-09-13 23:10:29','2016-09-13 23:10:29',965,21),(3450,94,3,'2016-09-13 23:10:29','2016-09-13 23:10:29',965,5),(3451,9,1,'2016-09-13 23:10:29','2016-09-13 23:10:29',966,4),(3452,9,1,'2016-09-13 23:10:29','2016-09-13 23:10:29',966,12),(3453,9,1,'2016-09-13 23:10:29','2016-09-13 23:10:29',966,1),(3454,40,2,'2016-09-13 23:10:31','2016-09-13 23:10:31',967,8),(3455,48,1,'2016-09-13 23:10:31','2016-09-13 23:10:31',967,6),(3456,28,3,'2016-09-13 23:10:31','2016-09-13 23:10:31',967,102),(3457,22,4,'2016-09-13 23:10:31','2016-09-13 23:10:31',967,10),(3458,81,2,'2016-09-13 23:10:34','2016-09-13 23:10:34',968,12),(3459,85,1,'2016-09-13 23:10:34','2016-09-13 23:10:34',968,1),(3460,0,2,'2016-09-13 23:10:35','2016-09-13 23:10:35',969,6),(3461,10,1,'2016-09-13 23:10:35','2016-09-13 23:10:35',969,8),(3462,0,2,'2016-09-13 23:10:37','2016-09-13 23:10:37',970,4),(3463,0,2,'2016-09-13 23:10:37','2016-09-13 23:10:37',970,5),(3464,1,1,'2016-09-13 23:10:37','2016-09-13 23:10:37',970,12),(3465,0,2,'2016-09-13 23:10:37','2016-09-13 23:10:37',970,1),(3466,52,3,'2016-09-13 23:10:38','2016-09-13 23:10:38',971,105),(3467,53,2,'2016-09-13 23:10:38','2016-09-13 23:10:38',971,1),(3468,58,1,'2016-09-13 23:10:38','2016-09-13 23:10:38',971,106),(3469,324,1,'2016-09-13 23:10:42','2016-09-13 23:10:42',972,5),(3470,317,2,'2016-09-13 23:10:42','2016-09-13 23:10:42',972,12),(3471,269,3,'2016-09-13 23:10:42','2016-09-13 23:10:42',972,1),(3472,267,4,'2016-09-13 23:10:42','2016-09-13 23:10:42',972,14),(3473,44,1,'2016-09-13 23:10:44','2016-09-13 23:10:44',973,5),(3474,43,2,'2016-09-13 23:10:44','2016-09-13 23:10:44',973,1),(3475,41,3,'2016-09-13 23:10:44','2016-09-13 23:10:44',973,12),(3476,41,3,'2016-09-13 23:10:44','2016-09-13 23:10:44',973,14),(3477,143,2,'2016-09-13 23:10:46','2016-09-13 23:10:46',974,5),(3478,154,1,'2016-09-13 23:10:46','2016-09-13 23:10:46',974,6),(3479,126,3,'2016-09-13 23:10:46','2016-09-13 23:10:46',974,1),(3480,102,2,'2016-09-13 23:10:49','2016-09-13 23:10:49',975,5),(3481,99,3,'2016-09-13 23:10:49','2016-09-13 23:10:49',975,12),(3482,151,1,'2016-09-13 23:10:49','2016-09-13 23:10:49',975,4),(3483,90,5,'2016-09-13 23:10:49','2016-09-13 23:10:49',975,1),(3484,96,4,'2016-09-13 23:10:49','2016-09-13 23:10:49',975,13),(3485,45,1,'2016-09-13 23:10:51','2016-09-13 23:10:51',976,5),(3486,45,1,'2016-09-13 23:10:51','2016-09-13 23:10:51',976,15),(3487,49,3,'2016-09-13 23:10:52','2016-09-13 23:10:52',977,4),(3488,57,1,'2016-09-13 23:10:52','2016-09-13 23:10:52',977,5),(3489,50,2,'2016-09-13 23:10:52','2016-09-13 23:10:52',977,26),(3490,31,4,'2016-09-13 23:10:52','2016-09-13 23:10:52',977,2),(3491,18,2,'2016-09-13 23:10:59','2016-09-13 23:10:59',978,12),(3492,26,1,'2016-09-13 23:10:59','2016-09-13 23:10:59',978,21),(3493,15,3,'2016-09-13 23:10:59','2016-09-13 23:10:59',978,4),(3494,15,3,'2016-09-13 23:10:59','2016-09-13 23:10:59',978,1),(3495,121,2,'2016-09-13 23:10:59','2016-09-13 23:10:59',979,21),(3496,120,3,'2016-09-13 23:10:59','2016-09-13 23:10:59',979,12),(3497,146,1,'2016-09-13 23:10:59','2016-09-13 23:10:59',979,13),(3498,242,1,'2016-09-13 23:11:01','2016-09-13 23:11:01',980,4),(3499,205,2,'2016-09-13 23:11:01','2016-09-13 23:11:01',980,5),(3500,183,3,'2016-09-13 23:11:01','2016-09-13 23:11:01',980,1),(3501,46,1,'2016-09-13 23:11:02','2016-09-13 23:11:02',981,6),(3502,41,2,'2016-09-13 23:11:02','2016-09-13 23:11:02',981,12),(3503,40,3,'2016-09-13 23:11:02','2016-09-13 23:11:02',981,4),(3504,2,1,'2016-09-13 23:11:04','2016-09-13 23:11:04',982,1),(3505,1,2,'2016-09-13 23:11:04','2016-09-13 23:11:04',982,12),(3506,1,3,'2016-09-13 23:11:07','2016-09-13 23:11:07',983,1),(3507,1,3,'2016-09-13 23:11:07','2016-09-13 23:11:07',983,4),(3508,4,1,'2016-09-13 23:11:07','2016-09-13 23:11:07',983,5),(3509,1,3,'2016-09-13 23:11:07','2016-09-13 23:11:07',983,12),(3510,2,2,'2016-09-13 23:11:07','2016-09-13 23:11:07',983,61),(3511,46,3,'2016-09-13 23:11:08','2016-09-13 23:11:08',984,1),(3512,40,4,'2016-09-13 23:11:08','2016-09-13 23:11:08',984,21),(3513,52,2,'2016-09-13 23:11:08','2016-09-13 23:11:08',984,5),(3514,53,1,'2016-09-13 23:11:08','2016-09-13 23:11:08',984,12),(3515,53,1,'2016-09-13 23:11:08','2016-09-13 23:11:08',984,4),(3516,3,1,'2016-09-13 23:11:10','2016-09-13 23:11:10',985,4),(3517,3,1,'2016-09-13 23:11:10','2016-09-13 23:11:10',985,12),(3518,3,1,'2016-09-13 23:11:10','2016-09-13 23:11:10',985,6),(3519,0,2,'2016-09-13 23:11:10','2016-09-13 23:11:10',985,31),(3520,3,1,'2016-09-13 23:11:10','2016-09-13 23:11:10',985,1),(3521,-1,2,'2016-09-13 23:11:11','2016-09-13 23:11:11',986,1),(3522,-1,2,'2016-09-13 23:11:11','2016-09-13 23:11:11',986,2),(3523,1,1,'2016-09-13 23:11:11','2016-09-13 23:11:11',986,49),(3524,-1,2,'2016-09-13 23:11:11','2016-09-13 23:11:11',986,4),(3525,76,2,'2016-09-13 23:11:12','2016-09-13 23:11:12',987,5),(3526,72,3,'2016-09-13 23:11:12','2016-09-13 23:11:12',987,12),(3527,86,1,'2016-09-13 23:11:12','2016-09-13 23:11:12',987,13),(3528,75,1,'2016-09-13 23:11:14','2016-09-13 23:11:14',988,12),(3529,64,4,'2016-09-13 23:11:14','2016-09-13 23:11:14',988,5),(3530,74,2,'2016-09-13 23:11:14','2016-09-13 23:11:14',988,2),(3531,73,3,'2016-09-13 23:11:14','2016-09-13 23:11:14',988,1),(3532,1,2,'2016-09-13 23:11:15','2016-09-13 23:11:15',989,12),(3533,17,1,'2016-09-13 23:11:15','2016-09-13 23:11:15',989,1),(3534,26,2,'2016-09-13 23:11:17','2016-09-13 23:11:17',990,21),(3535,20,3,'2016-09-13 23:11:17','2016-09-13 23:11:17',990,4),(3536,29,1,'2016-09-13 23:11:17','2016-09-13 23:11:17',990,12),(3537,19,4,'2016-09-13 23:11:17','2016-09-13 23:11:17',990,1),(3538,55,1,'2016-09-13 23:11:18','2016-09-13 23:11:18',991,5),(3539,39,3,'2016-09-13 23:11:18','2016-09-13 23:11:18',991,4),(3540,47,2,'2016-09-13 23:11:18','2016-09-13 23:11:18',991,21),(3541,35,4,'2016-09-13 23:11:18','2016-09-13 23:11:18',991,1),(3542,1,1,'2016-09-13 23:11:19','2016-09-13 23:11:19',992,47),(3543,1,1,'2016-09-13 23:11:19','2016-09-13 23:11:19',992,12),(3544,0,2,'2016-09-13 23:11:19','2016-09-13 23:11:19',992,6),(3545,1,1,'2016-09-13 23:11:19','2016-09-13 23:11:19',992,1),(3546,16,1,'2016-09-13 23:11:20','2016-09-13 23:11:20',993,1),(3547,9,2,'2016-09-13 23:11:20','2016-09-13 23:11:20',993,6),(3548,232,5,'2016-09-13 23:11:21','2016-09-13 23:11:21',994,6),(3549,235,4,'2016-09-13 23:11:21','2016-09-13 23:11:21',994,58),(3550,280,2,'2016-09-13 23:11:21','2016-09-13 23:11:21',994,59),(3551,320,1,'2016-09-13 23:11:21','2016-09-13 23:11:21',994,32),(3552,245,3,'2016-09-13 23:11:21','2016-09-13 23:11:21',994,22),(3553,0,2,'2016-09-13 23:11:23','2016-09-13 23:11:23',995,6),(3554,0,2,'2016-09-13 23:11:23','2016-09-13 23:11:23',995,55),(3555,1,1,'2016-09-13 23:11:23','2016-09-13 23:11:23',995,56),(3556,1,1,'2016-09-13 23:11:23','2016-09-13 23:11:23',995,57),(3557,25,3,'2016-09-13 23:11:27','2016-09-13 23:11:27',996,12),(3558,35,2,'2016-09-13 23:11:27','2016-09-13 23:11:27',996,5),(3559,25,3,'2016-09-13 23:11:27','2016-09-13 23:11:27',996,2),(3560,36,1,'2016-09-13 23:11:27','2016-09-13 23:11:27',996,1),(3561,103,1,'2016-09-13 23:11:29','2016-09-13 23:11:29',997,5),(3562,75,4,'2016-09-13 23:11:29','2016-09-13 23:11:29',997,4),(3563,89,3,'2016-09-13 23:11:29','2016-09-13 23:11:29',997,6),(3564,71,5,'2016-09-13 23:11:29','2016-09-13 23:11:29',997,12),(3565,93,2,'2016-09-13 23:11:29','2016-09-13 23:11:29',997,13),(3566,43,2,'2016-09-13 23:13:30','2016-09-13 23:13:30',998,6),(3567,182,1,'2016-09-13 23:13:30','2016-09-13 23:13:30',998,55),(3568,5,4,'2016-09-13 23:18:51','2016-09-13 23:18:51',999,1),(3569,7,3,'2016-09-13 23:18:51','2016-09-13 23:18:51',999,12),(3570,10,1,'2016-09-13 23:18:51','2016-09-13 23:18:51',999,21),(3571,8,2,'2016-09-13 23:18:51','2016-09-13 23:18:51',999,4),(3572,0,2,'2016-09-13 23:18:52','2016-09-13 23:18:52',1000,1),(3573,0,2,'2016-09-13 23:18:52','2016-09-13 23:18:52',1000,5),(3574,0,2,'2016-09-13 23:18:52','2016-09-13 23:18:52',1000,4),(3575,1,1,'2016-09-13 23:18:52','2016-09-13 23:18:52',1000,12),(3576,0,2,'2016-09-13 23:18:52','2016-09-13 23:18:52',1000,6),(3577,15,1,'2016-09-13 23:18:53','2016-09-13 23:18:53',1001,6),(3578,11,2,'2016-09-13 23:18:53','2016-09-13 23:18:53',1001,5),(3579,3,3,'2016-09-13 23:18:53','2016-09-13 23:18:53',1001,4),(3580,4,2,'2016-09-13 23:18:57','2016-09-13 23:18:57',1002,6),(3581,6,1,'2016-09-13 23:18:57','2016-09-13 23:18:57',1002,32),(3582,27,2,'2016-09-13 23:18:58','2016-09-13 23:18:58',1003,5),(3583,29,1,'2016-09-13 23:18:58','2016-09-13 23:18:58',1003,2),(3584,20,3,'2016-09-13 23:18:58','2016-09-13 23:18:58',1003,4),(3585,66,3,'2016-09-13 23:18:59','2016-09-13 23:18:59',1004,4),(3586,63,4,'2016-09-13 23:18:59','2016-09-13 23:18:59',1004,5),(3587,69,2,'2016-09-13 23:18:59','2016-09-13 23:18:59',1004,12),(3588,71,1,'2016-09-13 23:18:59','2016-09-13 23:18:59',1004,1),(3589,34,4,'2016-09-13 23:19:02','2016-09-13 23:19:02',1005,5),(3590,29,5,'2016-09-13 23:19:02','2016-09-13 23:19:02',1005,4),(3591,43,2,'2016-09-13 23:19:02','2016-09-13 23:19:02',1005,13),(3592,41,3,'2016-09-13 23:19:02','2016-09-13 23:19:02',1005,62),(3593,51,1,'2016-09-13 23:19:02','2016-09-13 23:19:02',1005,1),(3594,63,2,'2016-09-13 23:19:03','2016-09-13 23:19:03',1006,13),(3595,67,1,'2016-09-13 23:19:03','2016-09-13 23:19:03',1006,4),(3596,51,4,'2016-09-13 23:19:03','2016-09-13 23:19:03',1006,12),(3597,56,3,'2016-09-13 23:19:03','2016-09-13 23:19:03',1006,1),(3598,118,3,'2016-09-13 23:19:05','2016-09-13 23:19:05',1007,4),(3599,126,2,'2016-09-13 23:19:05','2016-09-13 23:19:05',1007,12),(3600,99,5,'2016-09-13 23:19:05','2016-09-13 23:19:05',1007,6),(3601,106,4,'2016-09-13 23:19:05','2016-09-13 23:19:05',1007,21),(3602,147,1,'2016-09-13 23:19:05','2016-09-13 23:19:05',1007,1),(3603,50,2,'2016-09-13 23:19:07','2016-09-13 23:19:07',1008,4),(3604,41,3,'2016-09-13 23:19:07','2016-09-13 23:19:07',1008,5),(3605,107,1,'2016-09-13 23:19:07','2016-09-13 23:19:07',1008,13),(3606,7,2,'2016-09-13 23:19:09','2016-09-13 23:19:09',1009,6),(3607,12,1,'2016-09-13 23:19:09','2016-09-13 23:19:09',1009,8),(3608,25,5,'2016-09-13 23:19:10','2016-09-13 23:19:10',1010,12),(3609,30,3,'2016-09-13 23:19:10','2016-09-13 23:19:10',1010,2),(3610,17,6,'2016-09-13 23:19:10','2016-09-13 23:19:10',1010,5),(3611,26,4,'2016-09-13 23:19:10','2016-09-13 23:19:10',1010,64),(3612,40,2,'2016-09-13 23:19:10','2016-09-13 23:19:10',1010,103),(3613,45,1,'2016-09-13 23:19:10','2016-09-13 23:19:10',1010,13),(3614,12,1,'2016-09-13 23:19:12','2016-09-13 23:19:12',1011,4),(3615,4,4,'2016-09-13 23:19:12','2016-09-13 23:19:12',1011,5),(3616,6,3,'2016-09-13 23:19:12','2016-09-13 23:19:12',1011,12),(3617,9,2,'2016-09-13 23:19:12','2016-09-13 23:19:12',1011,19),(3618,12,1,'2016-09-13 23:19:12','2016-09-13 23:19:12',1011,1),(3619,121,2,'2016-09-13 23:19:13','2016-09-13 23:19:13',1012,5),(3620,95,5,'2016-09-13 23:19:13','2016-09-13 23:19:13',1012,4),(3621,128,1,'2016-09-13 23:19:13','2016-09-13 23:19:13',1012,12),(3622,115,4,'2016-09-13 23:19:13','2016-09-13 23:19:13',1012,2),(3623,117,3,'2016-09-13 23:19:13','2016-09-13 23:19:13',1012,1),(3624,57,2,'2016-09-13 23:19:15','2016-09-13 23:19:15',1013,12),(3625,44,4,'2016-09-13 23:19:15','2016-09-13 23:19:15',1013,20),(3626,55,3,'2016-09-13 23:19:15','2016-09-13 23:19:15',1013,5),(3627,58,1,'2016-09-13 23:19:15','2016-09-13 23:19:15',1013,1),(3628,0,2,'2016-09-13 23:19:17','2016-09-13 23:19:17',1014,5),(3629,19,1,'2016-09-13 23:19:17','2016-09-13 23:19:17',1014,64),(3630,1,1,'2016-09-13 23:19:19','2016-09-13 23:19:19',1015,1),(3631,1,1,'2016-09-13 23:19:19','2016-09-13 23:19:19',1015,64),(3632,1,1,'2016-09-13 23:19:19','2016-09-13 23:19:19',1015,2),(3633,0,2,'2016-09-13 23:19:19','2016-09-13 23:19:19',1015,104),(3634,1,1,'2016-09-13 23:19:21','2016-09-13 23:19:21',1016,6),(3635,19,1,'2016-09-13 23:19:22','2016-09-13 23:19:22',1017,1),(3636,16,2,'2016-09-13 23:19:22','2016-09-13 23:19:22',1017,12),(3637,15,3,'2016-09-13 23:19:22','2016-09-13 23:19:22',1017,6),(3638,19,1,'2016-09-13 23:19:22','2016-09-13 23:19:22',1017,5),(3639,254,2,'2016-09-13 23:19:24','2016-09-13 23:19:24',1018,1),(3640,262,1,'2016-09-13 23:19:24','2016-09-13 23:19:24',1018,4),(3641,254,2,'2016-09-13 23:19:24','2016-09-13 23:19:24',1018,5),(3642,16,1,'2016-09-13 23:19:25','2016-09-13 23:19:25',1019,1),(3643,10,2,'2016-09-13 23:19:25','2016-09-13 23:19:25',1019,5),(3644,0,3,'2016-09-13 23:19:25','2016-09-13 23:19:25',1019,12),(3645,0,3,'2016-09-13 23:19:25','2016-09-13 23:19:25',1019,6),(3646,31,2,'2016-09-13 23:19:27','2016-09-13 23:19:27',1020,8),(3647,45,1,'2016-09-13 23:19:27','2016-09-13 23:19:27',1020,10),(3648,31,2,'2016-09-13 23:19:27','2016-09-13 23:19:27',1020,6),(3649,52,2,'2016-09-13 23:19:29','2016-09-13 23:19:29',1021,1),(3650,56,1,'2016-09-13 23:19:29','2016-09-13 23:19:29',1021,4),(3651,52,2,'2016-09-13 23:19:29','2016-09-13 23:19:29',1021,5),(3652,2,1,'2016-09-13 23:19:31','2016-09-13 23:19:31',1022,6),(3653,2,1,'2016-09-13 23:19:31','2016-09-13 23:19:31',1022,8),(3654,2,1,'2016-09-13 23:19:31','2016-09-13 23:19:31',1022,10),(3655,2,1,'2016-09-13 23:19:31','2016-09-13 23:19:31',1022,71),(3656,0,2,'2016-09-13 23:19:31','2016-09-13 23:19:31',1022,110),(3657,0,2,'2016-09-13 23:19:33','2016-09-13 23:19:33',1023,1),(3658,1,1,'2016-09-13 23:19:33','2016-09-13 23:19:33',1023,5),(3659,4,1,'2016-09-13 23:19:34','2016-09-13 23:19:34',1024,6),(3660,0,2,'2016-09-13 23:19:34','2016-09-13 23:19:34',1024,111),(3661,12,3,'2016-09-13 23:19:35','2016-09-13 23:19:35',1025,1),(3662,14,2,'2016-09-13 23:19:35','2016-09-13 23:19:35',1025,5),(3663,26,1,'2016-09-13 23:19:35','2016-09-13 23:19:35',1025,13),(3664,106,3,'2016-09-13 23:19:37','2016-09-13 23:19:37',1026,13),(3665,117,1,'2016-09-13 23:19:37','2016-09-13 23:19:37',1026,5),(3666,110,2,'2016-09-13 23:19:37','2016-09-13 23:19:37',1026,4),(3667,0,2,'2016-09-13 23:19:38','2016-09-13 23:19:38',1027,5),(3668,1,1,'2016-09-13 23:19:38','2016-09-13 23:19:38',1027,12),(3669,0,2,'2016-09-13 23:19:38','2016-09-13 23:19:38',1027,2),(3670,0,2,'2016-09-13 23:19:38','2016-09-13 23:19:38',1027,1),(3671,49,2,'2016-09-13 23:19:40','2016-09-13 23:19:40',1028,115),(3672,71,1,'2016-09-13 23:19:40','2016-09-13 23:19:40',1028,1),(3673,40,1,'2016-09-13 23:19:42','2016-09-13 23:19:42',1029,1),(3674,31,2,'2016-09-13 23:19:42','2016-09-13 23:19:42',1029,12),(3675,28,3,'2016-09-13 23:19:42','2016-09-13 23:19:42',1029,5),(3676,0,2,'2016-09-13 23:19:56','2016-09-13 23:19:56',1030,116),(3677,1,1,'2016-09-13 23:19:56','2016-09-13 23:19:56',1030,6),(3678,110,2,'2016-09-13 23:19:57','2016-09-13 23:19:57',1031,5),(3679,110,2,'2016-09-13 23:19:57','2016-09-13 23:19:57',1031,6),(3680,141,1,'2016-09-13 23:19:57','2016-09-13 23:19:57',1031,1),(3681,161,1,'2016-09-13 23:20:04','2016-09-13 23:20:04',1032,5),(3682,149,2,'2016-09-13 23:20:04','2016-09-13 23:20:04',1032,20),(3683,127,3,'2016-09-13 23:20:04','2016-09-13 23:20:04',1032,114),(3684,45,1,'2016-09-13 23:20:06','2016-09-13 23:20:06',1033,5),(3685,45,1,'2016-09-13 23:20:06','2016-09-13 23:20:06',1033,4),(3686,57,1,'2016-09-13 23:20:23','2016-09-13 23:20:23',1034,6),(3687,52,3,'2016-09-13 23:20:23','2016-09-13 23:20:23',1034,5),(3688,48,4,'2016-09-13 23:20:23','2016-09-13 23:20:23',1034,13),(3689,53,2,'2016-09-13 23:20:23','2016-09-13 23:20:23',1034,4),(3690,16,3,'2016-09-13 23:20:25','2016-09-13 23:20:25',1035,1),(3691,13,4,'2016-09-13 23:20:25','2016-09-13 23:20:25',1035,30),(3692,20,1,'2016-09-13 23:20:25','2016-09-13 23:20:25',1035,4),(3693,13,4,'2016-09-13 23:20:25','2016-09-13 23:20:25',1035,5),(3694,18,2,'2016-09-13 23:20:25','2016-09-13 23:20:25',1035,13),(3695,162,1,'2016-09-13 23:20:27','2016-09-13 23:20:27',1036,6),(3696,157,2,'2016-09-13 23:20:27','2016-09-13 23:20:27',1036,32),(3697,151,3,'2016-09-13 23:20:27','2016-09-13 23:20:27',1036,35),(3698,10,2,'2016-09-13 23:20:31','2016-09-13 23:20:31',1037,25),(3699,30,1,'2016-09-13 23:20:31','2016-09-13 23:20:31',1037,108),(3700,37,6,'2016-09-13 23:21:35','2016-09-13 23:21:35',1038,5),(3701,42,3,'2016-09-13 23:21:35','2016-09-13 23:21:35',1038,2),(3702,40,5,'2016-09-13 23:21:35','2016-09-13 23:21:35',1038,6),(3703,50,2,'2016-09-13 23:21:35','2016-09-13 23:21:35',1038,4),(3704,52,1,'2016-09-13 23:21:35','2016-09-13 23:21:35',1038,12),(3705,41,4,'2016-09-13 23:21:35','2016-09-13 23:21:35',1038,13),(3706,2,1,'2016-09-13 23:21:37','2016-09-13 23:21:37',1039,45),(3707,2,1,'2016-09-13 23:21:37','2016-09-13 23:21:37',1039,1),(3708,0,2,'2016-09-13 23:21:37','2016-09-13 23:21:37',1039,46),(3709,67,3,'2016-09-13 23:21:39','2016-09-13 23:21:39',1040,6),(3710,81,1,'2016-09-13 23:21:39','2016-09-13 23:21:39',1040,5),(3711,75,2,'2016-09-13 23:21:39','2016-09-13 23:21:39',1040,4),(3712,63,4,'2016-09-13 23:21:39','2016-09-13 23:21:39',1040,1),(3713,16,1,'2016-09-13 23:21:40','2016-09-13 23:21:40',1041,1),(3714,6,2,'2016-09-13 23:21:40','2016-09-13 23:21:40',1041,6),(3715,64,4,'2016-09-13 23:21:42','2016-09-13 23:21:42',1042,6),(3716,65,3,'2016-09-13 23:21:42','2016-09-13 23:21:42',1042,59),(3717,66,2,'2016-09-13 23:21:42','2016-09-13 23:21:42',1042,23),(3718,69,1,'2016-09-13 23:21:42','2016-09-13 23:21:42',1042,32),(3719,278,5,'2016-09-13 23:21:43','2016-09-13 23:21:43',1043,1),(3720,368,1,'2016-09-13 23:21:43','2016-09-13 23:21:43',1043,40),(3721,318,3,'2016-09-13 23:21:43','2016-09-13 23:21:43',1043,12),(3722,323,2,'2016-09-13 23:21:43','2016-09-13 23:21:43',1043,6),(3723,285,4,'2016-09-13 23:21:43','2016-09-13 23:21:43',1043,5),(3724,86,3,'2016-09-13 23:21:44','2016-09-13 23:21:44',1044,1),(3725,86,3,'2016-09-13 23:21:44','2016-09-13 23:21:44',1044,5),(3726,74,4,'2016-09-13 23:21:44','2016-09-13 23:21:44',1044,4),(3727,100,2,'2016-09-13 23:21:44','2016-09-13 23:21:44',1044,13),(3728,104,1,'2016-09-13 23:21:44','2016-09-13 23:21:44',1044,12),(3729,0,2,'2016-09-13 23:21:46','2016-09-13 23:21:46',1045,6),(3730,0,2,'2016-09-13 23:21:46','2016-09-13 23:21:46',1045,51),(3731,0,2,'2016-09-13 23:21:46','2016-09-13 23:21:46',1045,50),(3732,0,2,'2016-09-13 23:21:46','2016-09-13 23:21:46',1045,74),(3733,1,1,'2016-09-13 23:21:46','2016-09-13 23:21:46',1045,75),(3734,45,1,'2016-09-13 23:21:48','2016-09-13 23:21:48',1046,1),(3735,42,2,'2016-09-13 23:21:48','2016-09-13 23:21:48',1046,12),(3736,41,3,'2016-09-13 23:21:48','2016-09-13 23:21:48',1046,6),(3737,67,1,'2016-09-13 23:21:49','2016-09-13 23:21:49',1047,6),(3738,67,1,'2016-09-13 23:21:49','2016-09-13 23:21:49',1047,8),(3739,66,2,'2016-09-13 23:21:49','2016-09-13 23:21:49',1047,113),(3740,65,3,'2016-09-13 23:21:49','2016-09-13 23:21:49',1047,10),(3741,0,2,'2016-09-13 23:21:57','2016-09-13 23:21:57',1048,19),(3742,1,1,'2016-09-13 23:21:57','2016-09-13 23:21:57',1048,1),(3743,2,1,'2016-09-13 23:21:59','2016-09-13 23:21:59',1049,6),(3744,2,1,'2016-09-13 23:21:59','2016-09-13 23:21:59',1049,8),(3745,2,1,'2016-09-13 23:21:59','2016-09-13 23:21:59',1049,10),(3746,2,1,'2016-09-13 23:21:59','2016-09-13 23:21:59',1049,97),(3747,0,2,'2016-09-13 23:21:59','2016-09-13 23:21:59',1049,110),(3748,26,1,'2016-09-13 23:22:00','2016-09-13 23:22:00',1050,4),(3749,10,3,'2016-09-13 23:22:00','2016-09-13 23:22:00',1050,12),(3750,23,2,'2016-09-13 23:22:00','2016-09-13 23:22:00',1050,1),(3751,0,2,'2016-09-13 23:22:01','2016-09-13 23:22:01',1051,6),(3752,4,1,'2016-09-13 23:22:01','2016-09-13 23:22:01',1051,117),(3753,147,1,'2016-09-13 23:22:02','2016-09-13 23:22:02',1052,13),(3754,106,3,'2016-09-13 23:22:02','2016-09-13 23:22:02',1052,5),(3755,112,2,'2016-09-13 23:22:02','2016-09-13 23:22:02',1052,1),(3756,43,3,'2016-09-13 23:22:04','2016-09-13 23:22:04',1053,4),(3757,35,5,'2016-09-13 23:22:04','2016-09-13 23:22:04',1053,12),(3758,45,2,'2016-09-13 23:22:04','2016-09-13 23:22:04',1053,64),(3759,41,4,'2016-09-13 23:22:04','2016-09-13 23:22:04',1053,118),(3760,60,1,'2016-09-13 23:22:04','2016-09-13 23:22:04',1053,1),(3761,0,2,'2016-09-13 23:22:13','2016-09-13 23:22:13',1054,137),(3762,1,1,'2016-09-13 23:22:13','2016-09-13 23:22:13',1054,6),(3763,182,2,'2016-09-13 23:22:16','2016-09-13 23:22:16',1055,5),(3764,140,3,'2016-09-13 23:22:16','2016-09-13 23:22:16',1055,6),(3765,186,1,'2016-09-13 23:22:16','2016-09-13 23:22:16',1055,1),(3766,94,3,'2016-09-13 23:22:17','2016-09-13 23:22:17',1056,23),(3767,119,2,'2016-09-13 23:22:17','2016-09-13 23:22:17',1056,6),(3768,87,4,'2016-09-13 23:22:17','2016-09-13 23:22:17',1056,22),(3769,145,1,'2016-09-13 23:22:17','2016-09-13 23:22:17',1056,32),(3770,38,5,'2016-09-13 23:22:18','2016-09-13 23:22:18',1057,5),(3771,46,3,'2016-09-13 23:22:18','2016-09-13 23:22:18',1057,2),(3772,44,4,'2016-09-13 23:22:18','2016-09-13 23:22:18',1057,6),(3773,44,4,'2016-09-13 23:22:18','2016-09-13 23:22:18',1057,4),(3774,47,2,'2016-09-13 23:22:18','2016-09-13 23:22:18',1057,12),(3775,53,1,'2016-09-13 23:22:18','2016-09-13 23:22:18',1057,13),(3776,58,4,'2016-09-13 23:22:32','2016-09-13 23:22:32',1058,12),(3777,66,2,'2016-09-13 23:22:32','2016-09-13 23:22:32',1058,5),(3778,53,5,'2016-09-13 23:22:32','2016-09-13 23:22:32',1058,21),(3779,74,1,'2016-09-13 23:22:32','2016-09-13 23:22:32',1058,4),(3780,64,3,'2016-09-13 23:22:32','2016-09-13 23:22:32',1058,1),(3781,1,1,'2016-09-13 23:22:34','2016-09-13 23:22:34',1059,1),(3782,1,1,'2016-09-13 23:22:34','2016-09-13 23:22:34',1059,4),(3783,1,1,'2016-09-13 23:22:34','2016-09-13 23:22:34',1059,12),(3784,1,1,'2016-09-13 23:22:34','2016-09-13 23:22:34',1059,6),(3785,0,2,'2016-09-13 23:22:34','2016-09-13 23:22:34',1059,31),(3786,0,2,'2016-09-13 23:22:34','2016-09-13 23:22:34',1059,5),(3787,75,4,'2016-09-13 23:22:36','2016-09-13 23:22:36',1060,5),(3788,94,2,'2016-09-13 23:22:36','2016-09-13 23:22:36',1060,20),(3789,101,1,'2016-09-13 23:22:36','2016-09-13 23:22:36',1060,114),(3790,80,3,'2016-09-13 23:22:36','2016-09-13 23:22:36',1060,1),(3791,25,1,'2016-09-13 23:23:08','2016-09-13 23:23:08',1061,4),(3792,25,1,'2016-09-13 23:23:08','2016-09-13 23:23:08',1061,6),(3793,23,2,'2016-09-13 23:23:08','2016-09-13 23:23:08',1061,1),(3794,145,1,'2016-09-13 23:23:10','2016-09-13 23:23:10',1062,1),(3795,134,2,'2016-09-13 23:23:10','2016-09-13 23:23:10',1062,4),(3796,108,3,'2016-09-13 23:23:10','2016-09-13 23:23:10',1062,5),(3797,1,1,'2016-09-13 23:23:11','2016-09-13 23:23:11',1063,6),(3798,1,1,'2016-09-13 23:23:11','2016-09-13 23:23:11',1063,119),(3799,1,1,'2016-09-13 23:23:11','2016-09-13 23:23:11',1063,102),(3800,1,1,'2016-09-13 23:23:11','2016-09-13 23:23:11',1063,10),(3801,0,2,'2016-09-13 23:23:11','2016-09-13 23:23:11',1063,120),(3802,62,1,'2016-09-13 23:23:12','2016-09-13 23:23:12',1064,5),(3803,56,2,'2016-09-13 23:23:12','2016-09-13 23:23:12',1064,12),(3804,45,4,'2016-09-13 23:23:12','2016-09-13 23:23:12',1064,13),(3805,51,3,'2016-09-13 23:23:12','2016-09-13 23:23:12',1064,4),(3806,39,5,'2016-09-13 23:23:12','2016-09-13 23:23:12',1064,1),(3807,61,3,'2016-09-13 23:23:15','2016-09-13 23:23:15',1065,6),(3808,77,1,'2016-09-13 23:23:15','2016-09-13 23:23:15',1065,58),(3809,64,2,'2016-09-13 23:23:15','2016-09-13 23:23:15',1065,78),(3810,127,2,'2016-09-13 23:23:16','2016-09-13 23:23:16',1066,6),(3811,144,1,'2016-09-13 23:23:16','2016-09-13 23:23:16',1066,8),(3812,105,4,'2016-09-13 23:23:16','2016-09-13 23:23:16',1066,10),(3813,116,3,'2016-09-13 23:23:16','2016-09-13 23:23:16',1066,66),(3814,50,1,'2016-09-13 23:23:18','2016-09-13 23:23:18',1067,123),(3815,0,2,'2016-09-13 23:23:18','2016-09-13 23:23:18',1067,10),(3816,0,2,'2016-09-13 23:23:18','2016-09-13 23:23:18',1067,102),(3817,0,2,'2016-09-13 23:23:18','2016-09-13 23:23:18',1067,8),(3818,0,2,'2016-09-13 23:23:18','2016-09-13 23:23:18',1067,6),(3819,191,4,'2016-09-13 23:23:19','2016-09-13 23:23:19',1068,1),(3820,197,3,'2016-09-13 23:23:19','2016-09-13 23:23:19',1068,5),(3821,232,2,'2016-09-13 23:23:19','2016-09-13 23:23:19',1068,6),(3822,236,1,'2016-09-13 23:23:19','2016-09-13 23:23:19',1068,25),(3823,25,4,'2016-09-13 23:23:21','2016-09-13 23:23:21',1069,121),(3824,37,3,'2016-09-13 23:23:21','2016-09-13 23:23:21',1069,12),(3825,50,2,'2016-09-13 23:23:21','2016-09-13 23:23:21',1069,5),(3826,85,1,'2016-09-13 23:23:21','2016-09-13 23:23:21',1069,1),(3827,34,3,'2016-09-13 23:23:21','2016-09-13 23:23:21',1070,25),(3828,34,3,'2016-09-13 23:23:21','2016-09-13 23:23:21',1070,12),(3829,39,2,'2016-09-13 23:23:21','2016-09-13 23:23:21',1070,6),(3830,40,1,'2016-09-13 23:23:21','2016-09-13 23:23:21',1070,5),(3831,73,2,'2016-09-13 23:23:26','2016-09-13 23:23:26',1071,4),(3832,82,1,'2016-09-13 23:23:26','2016-09-13 23:23:26',1071,5),(3833,62,3,'2016-09-13 23:23:26','2016-09-13 23:23:26',1071,1),(3834,215,2,'2016-09-13 23:23:28','2016-09-13 23:23:28',1072,25),(3835,230,1,'2016-09-13 23:23:28','2016-09-13 23:23:28',1072,5),(3836,112,3,'2016-09-13 23:23:28','2016-09-13 23:23:28',1072,12),(3837,72,4,'2016-09-13 23:23:28','2016-09-13 23:23:28',1072,1),(3838,1,2,'2016-09-13 23:23:28','2016-09-13 23:23:28',1073,6),(3839,1,2,'2016-09-13 23:23:28','2016-09-13 23:23:28',1073,8),(3840,1,2,'2016-09-13 23:23:28','2016-09-13 23:23:28',1073,102),(3841,1,2,'2016-09-13 23:23:28','2016-09-13 23:23:28',1073,10),(3842,7,1,'2016-09-13 23:23:28','2016-09-13 23:23:28',1073,124),(3843,48,1,'2016-09-13 23:23:29','2016-09-13 23:23:29',1074,1),(3844,46,2,'2016-09-13 23:23:29','2016-09-13 23:23:29',1074,12),(3845,44,3,'2016-09-13 23:23:29','2016-09-13 23:23:29',1074,5),(3846,38,4,'2016-09-13 23:23:29','2016-09-13 23:23:29',1074,4),(3847,24,5,'2016-09-13 23:23:29','2016-09-13 23:23:29',1074,2),(3848,35,3,'2016-09-13 23:23:30','2016-09-13 23:23:30',1075,12),(3849,46,1,'2016-09-13 23:23:30','2016-09-13 23:23:30',1075,4),(3850,37,2,'2016-09-13 23:23:30','2016-09-13 23:23:30',1075,1),(3851,2,1,'2016-09-13 23:23:31','2016-09-13 23:23:31',1076,6),(3852,2,1,'2016-09-13 23:23:31','2016-09-13 23:23:31',1076,8),(3853,2,1,'2016-09-13 23:23:31','2016-09-13 23:23:31',1076,10),(3854,2,1,'2016-09-13 23:23:31','2016-09-13 23:23:31',1076,9),(3855,0,2,'2016-09-13 23:23:31','2016-09-13 23:23:31',1076,125),(3856,165,1,'2016-09-13 23:23:33','2016-09-13 23:23:33',1077,6),(3857,131,3,'2016-09-13 23:23:33','2016-09-13 23:23:33',1077,59),(3858,150,2,'2016-09-13 23:23:33','2016-09-13 23:23:33',1077,32),(3859,28,3,'2016-09-13 23:23:33','2016-09-13 23:23:33',1078,1),(3860,33,2,'2016-09-13 23:23:33','2016-09-13 23:23:33',1078,12),(3861,28,3,'2016-09-13 23:23:33','2016-09-13 23:23:33',1078,4),(3862,51,1,'2016-09-13 23:23:33','2016-09-13 23:23:33',1078,5),(3863,0,2,'2016-09-13 23:23:36','2016-09-13 23:23:36',1079,6),(3864,0,2,'2016-09-13 23:23:36','2016-09-13 23:23:36',1079,8),(3865,0,2,'2016-09-13 23:23:36','2016-09-13 23:23:36',1079,102),(3866,0,2,'2016-09-13 23:23:36','2016-09-13 23:23:36',1079,10),(3867,1,1,'2016-09-13 23:23:36','2016-09-13 23:23:36',1079,126),(3868,145,3,'2016-09-13 23:23:37','2016-09-13 23:23:37',1080,6),(3869,153,1,'2016-09-13 23:23:37','2016-09-13 23:23:37',1080,59),(3870,151,2,'2016-09-13 23:23:37','2016-09-13 23:23:37',1080,88),(3871,43,1,'2016-09-13 23:23:38','2016-09-13 23:23:38',1081,13),(3872,33,3,'2016-09-13 23:23:38','2016-09-13 23:23:38',1081,5),(3873,31,4,'2016-09-13 23:23:38','2016-09-13 23:23:38',1081,19),(3874,38,2,'2016-09-13 23:23:38','2016-09-13 23:23:38',1081,25),(3875,2,1,'2016-09-13 23:23:40','2016-09-13 23:23:40',1082,6),(3876,2,1,'2016-09-13 23:23:40','2016-09-13 23:23:40',1082,8),(3877,2,1,'2016-09-13 23:23:40','2016-09-13 23:23:40',1082,10),(3878,2,1,'2016-09-13 23:23:40','2016-09-13 23:23:40',1082,102),(3879,0,2,'2016-09-13 23:23:40','2016-09-13 23:23:40',1082,127),(3880,45,1,'2016-09-13 23:23:41','2016-09-13 23:23:41',1083,32),(3881,27,3,'2016-09-13 23:23:41','2016-09-13 23:23:41',1083,99),(3882,40,2,'2016-09-13 23:23:41','2016-09-13 23:23:41',1083,6),(3883,2,1,'2016-09-13 23:23:42','2016-09-13 23:23:42',1084,6),(3884,2,1,'2016-09-13 23:23:42','2016-09-13 23:23:42',1084,8),(3885,2,1,'2016-09-13 23:23:42','2016-09-13 23:23:42',1084,102),(3886,2,1,'2016-09-13 23:23:42','2016-09-13 23:23:42',1084,10),(3887,1,2,'2016-09-13 23:23:42','2016-09-13 23:23:42',1084,128),(3888,28,2,'2016-09-13 23:23:44','2016-09-13 23:23:44',1085,112),(3889,49,1,'2016-09-13 23:23:44','2016-09-13 23:23:44',1085,32),(3890,24,3,'2016-09-13 23:23:44','2016-09-13 23:23:44',1085,6),(3891,1,1,'2016-09-13 23:23:46','2016-09-13 23:23:46',1086,6),(3892,40,2,'2016-09-13 23:23:47','2016-09-13 23:23:47',1087,12),(3893,25,3,'2016-09-13 23:23:47','2016-09-13 23:23:47',1087,5),(3894,41,1,'2016-09-13 23:23:47','2016-09-13 23:23:47',1087,1),(3895,49,1,'2016-09-13 23:23:48','2016-09-13 23:23:48',1088,5),(3896,35,2,'2016-09-13 23:23:48','2016-09-13 23:23:48',1088,6),(3897,32,3,'2016-09-13 23:23:48','2016-09-13 23:23:48',1088,1),(3898,41,1,'2016-09-13 23:23:51','2016-09-13 23:23:51',1089,5),(3899,37,2,'2016-09-13 23:23:51','2016-09-13 23:23:51',1089,27),(3900,37,2,'2016-09-13 23:23:51','2016-09-13 23:23:51',1089,1),(3901,34,2,'2016-09-13 23:23:52','2016-09-13 23:23:52',1090,1),(3902,35,1,'2016-09-13 23:23:52','2016-09-13 23:23:52',1090,5),(3903,29,3,'2016-09-13 23:23:52','2016-09-13 23:23:52',1090,12),(3904,34,2,'2016-09-13 23:23:52','2016-09-13 23:23:52',1090,6),(3905,48,1,'2016-09-13 23:23:53','2016-09-13 23:23:53',1091,1),(3906,43,2,'2016-09-13 23:23:53','2016-09-13 23:23:53',1091,5),(3907,35,4,'2016-09-13 23:23:53','2016-09-13 23:23:53',1091,4),(3908,40,3,'2016-09-13 23:23:53','2016-09-13 23:23:53',1091,61),(3909,1,1,'2016-09-13 23:31:16','2016-09-13 23:31:16',1092,6),(3910,0,2,'2016-09-13 23:31:16','2016-09-13 23:31:16',1092,109);
/*!40000 ALTER TABLE `GameplayScores` ENABLE KEYS */;
UNLOCK TABLES;

--
-- Table structure for table `Gameplays`
--

DROP TABLE IF EXISTS `Gameplays`;
/*!40101 SET @saved_cs_client     = @@character_set_client */;
/*!40101 SET character_set_client = utf8 */;
CREATE TABLE `Gameplays` (
  `id` int(11) NOT NULL AUTO_INCREMENT,
  `play_date` datetime DEFAULT NULL,
  `createdAt` datetime NOT NULL,
  `updatedAt` datetime NOT NULL,
  `GameId` int(11) DEFAULT NULL,
  `CreatorId` int(11) DEFAULT NULL,
  PRIMARY KEY (`id`),
  KEY `GameId` (`GameId`),
  KEY `CreatorId` (`CreatorId`),
  KEY `gameplays_play_date` (`play_date`),
  CONSTRAINT `Gameplays_ibfk_1` FOREIGN KEY (`GameId`) REFERENCES `Games` (`id`) ON DELETE SET NULL ON UPDATE CASCADE,
  CONSTRAINT `Gameplays_ibfk_2` FOREIGN KEY (`CreatorId`) REFERENCES `Users` (`id`) ON DELETE SET NULL ON UPDATE CASCADE
) ENGINE=InnoDB AUTO_INCREMENT=1093 DEFAULT CHARSET=utf8 COLLATE=utf8_unicode_ci;
/*!40101 SET character_set_client = @saved_cs_client */;

--
-- Dumping data for table `Gameplays`
--

LOCK TABLES `Gameplays` WRITE;
/*!40000 ALTER TABLE `Gameplays` DISABLE KEYS */;
INSERT INTO `Gameplays` VALUES (1,'2016-08-18 00:00:00','2016-09-05 23:18:19','2016-09-05 23:18:19',168435,1),(2,'2016-08-17 00:00:00','2016-09-05 23:19:14','2016-09-05 23:19:14',124827,1),(3,'2016-09-02 00:00:00','2016-09-06 19:06:30','2016-09-06 19:06:30',205059,6),(4,'2016-08-25 00:00:00','2016-09-06 19:08:08','2016-09-06 19:08:08',730,6),(5,'2016-09-07 00:00:00','2016-09-07 11:55:20','2016-09-07 11:55:20',122515,1),(6,'2016-09-09 00:00:00','2016-09-10 03:41:17','2016-09-10 03:41:17',122515,1),(836,'2016-08-19 00:00:00','2016-09-13 21:27:17','2016-09-13 21:27:17',200784,1),(837,'2016-09-01 00:00:00','2016-09-13 21:28:03','2016-09-13 21:28:03',205059,1),(838,'2013-11-20 00:00:00','2016-09-13 23:06:30','2016-09-13 23:06:30',144733,1),(839,'2013-11-21 00:00:00','2016-09-13 23:06:32','2016-09-13 23:06:32',13780,1),(840,'2013-11-22 00:00:00','2016-09-13 23:06:34','2016-09-13 23:06:34',126042,1),(841,'2013-11-22 00:00:00','2016-09-13 23:06:36','2016-09-13 23:06:36',41749,1),(842,'2013-11-23 00:00:00','2016-09-13 23:06:53','2016-09-13 23:06:53',65901,1),(843,'2013-11-23 00:00:00','2016-09-13 23:06:55','2016-09-13 23:06:55',125678,1),(844,'2013-11-23 00:00:00','2016-09-13 23:06:56','2016-09-13 23:06:56',138161,1),(845,'2013-11-22 00:00:00','2016-09-13 23:06:59','2016-09-13 23:06:59',143519,1),(846,'2013-12-14 00:00:00','2016-09-13 23:06:59','2016-09-13 23:06:59',95527,1),(847,'2013-12-06 00:00:00','2016-09-13 23:07:00','2016-09-13 23:07:00',25613,1),(848,'2013-12-10 00:00:00','2016-09-13 23:07:01','2016-09-13 23:07:01',619,1),(849,'2013-12-08 00:00:00','2016-09-13 23:07:03','2016-09-13 23:07:03',122298,1),(850,'2013-12-03 00:00:00','2016-09-13 23:07:04','2016-09-13 23:07:04',143401,1),(851,'2014-01-29 00:00:00','2016-09-13 23:07:05','2016-09-13 23:07:05',136888,1),(852,'2014-01-15 00:00:00','2016-09-13 23:07:07','2016-09-13 23:07:07',67917,1),(853,'2014-01-08 00:00:00','2016-09-13 23:07:08','2016-09-13 23:07:08',141517,1),(854,'2013-12-17 00:00:00','2016-09-13 23:07:09','2016-09-13 23:07:09',144592,1),(855,'2013-12-28 00:00:00','2016-09-13 23:07:10','2016-09-13 23:07:10',143693,1),(856,'2014-01-30 00:00:00','2016-09-13 23:07:11','2016-09-13 23:07:11',19777,1),(857,'2014-02-20 00:00:00','2016-09-13 23:07:12','2016-09-13 23:07:12',84876,1),(858,'2014-02-23 00:00:00','2016-09-13 23:07:37','2016-09-13 23:07:37',128671,1),(859,'2014-02-26 00:00:00','2016-09-13 23:07:38','2016-09-13 23:07:38',97903,1),(860,'2014-02-26 00:00:00','2016-09-13 23:07:39','2016-09-13 23:07:39',54043,1),(861,'2014-02-23 00:00:00','2016-09-13 23:07:40','2016-09-13 23:07:40',50,1),(862,'2014-03-13 00:00:00','2016-09-13 23:07:40','2016-09-13 23:07:40',105134,1),(863,'2014-03-13 00:00:00','2016-09-13 23:07:41','2016-09-13 23:07:41',68448,1),(864,'2014-05-02 00:00:00','2016-09-13 23:07:42','2016-09-13 23:07:42',134964,1),(865,'2014-03-04 00:00:00','2016-09-13 23:07:44','2016-09-13 23:07:44',21241,1),(866,'2014-03-25 00:00:00','2016-09-13 23:07:44','2016-09-13 23:07:44',102794,1),(867,'2015-01-14 00:00:00','2016-09-13 23:07:45','2016-09-13 23:07:45',146652,1),(868,'2014-07-01 00:00:00','2016-09-13 23:07:47','2016-09-13 23:07:47',121921,1),(869,'2014-05-12 00:00:00','2016-09-13 23:07:47','2016-09-13 23:07:47',140620,1),(870,'2014-07-23 00:00:00','2016-09-13 23:07:48','2016-09-13 23:07:48',154182,1),(871,'2014-05-07 00:00:00','2016-09-13 23:07:49','2016-09-13 23:07:49',35285,1),(872,'2014-10-09 00:00:00','2016-09-13 23:07:51','2016-09-13 23:07:51',73439,1),(873,'2014-07-09 00:00:00','2016-09-13 23:07:51','2016-09-13 23:07:51',70512,1),(874,'2014-09-03 00:00:00','2016-09-13 23:07:52','2016-09-13 23:07:52',94104,1),(875,'2014-08-15 00:00:00','2016-09-13 23:07:53','2016-09-13 23:07:53',123499,1),(876,'2014-08-20 00:00:00','2016-09-13 23:07:54','2016-09-13 23:07:54',43015,1),(877,'2014-10-22 00:00:00','2016-09-13 23:07:55','2016-09-13 23:07:55',104006,1),(878,'2014-11-19 00:00:00','2016-09-13 23:07:56','2016-09-13 23:07:56',161317,1),(879,'2014-11-04 00:00:00','2016-09-13 23:07:56','2016-09-13 23:07:56',131339,1),(880,'2014-11-20 00:00:00','2016-09-13 23:07:58','2016-09-13 23:07:58',118,1),(881,'2014-11-12 00:00:00','2016-09-13 23:07:58','2016-09-13 23:07:58',33160,1),(882,'2014-11-19 00:00:00','2016-09-13 23:07:59','2016-09-13 23:07:59',154008,1),(883,'2014-11-19 00:00:00','2016-09-13 23:08:00','2016-09-13 23:08:00',166857,1),(884,'2014-11-20 00:00:00','2016-09-13 23:08:02','2016-09-13 23:08:02',136955,1),(885,'2014-11-21 00:00:00','2016-09-13 23:08:02','2016-09-13 23:08:02',146439,1),(886,'2014-11-21 00:00:00','2016-09-13 23:08:04','2016-09-13 23:08:04',150376,1),(887,'2014-11-21 00:00:00','2016-09-13 23:08:05','2016-09-13 23:08:05',17651,1),(888,'2014-11-21 00:00:00','2016-09-13 23:08:06','2016-09-13 23:08:06',1,1),(889,'2014-11-22 00:00:00','2016-09-13 23:08:07','2016-09-13 23:08:07',15363,1),(890,'2014-11-22 00:00:00','2016-09-13 23:08:09','2016-09-13 23:08:09',129437,1),(891,'2014-11-23 00:00:00','2016-09-13 23:08:09','2016-09-13 23:08:09',150146,1),(892,'2014-11-22 00:00:00','2016-09-13 23:08:10','2016-09-13 23:08:10',132531,1),(893,'2014-12-03 00:00:00','2016-09-13 23:08:12','2016-09-13 23:08:12',131751,1),(894,'2015-01-01 00:00:00','2016-09-13 23:08:18','2016-09-13 23:08:18',141090,1),(895,'2014-12-11 00:00:00','2016-09-13 23:08:19','2016-09-13 23:08:19',1017,1),(896,'2014-12-04 00:00:00','2016-09-13 23:08:20','2016-09-13 23:08:20',120677,1),(897,'2015-01-03 00:00:00','2016-09-13 23:08:21','2016-09-13 23:08:21',3076,1),(898,'2015-01-03 00:00:00','2016-09-13 23:08:22','2016-09-13 23:08:22',96913,1),(899,'2015-01-03 00:00:00','2016-09-13 23:08:22','2016-09-13 23:08:22',432,1),(900,'2015-01-06 00:00:00','2016-09-13 23:08:24','2016-09-13 23:08:24',133848,1),(901,'2015-01-06 00:00:00','2016-09-13 23:08:25','2016-09-13 23:08:25',133848,1),(902,'2015-01-14 00:00:00','2016-09-13 23:08:26','2016-09-13 23:08:26',131357,1),(903,'2015-01-20 00:00:00','2016-09-13 23:08:27','2016-09-13 23:08:27',148228,1),(904,'2015-02-04 00:00:00','2016-09-13 23:08:27','2016-09-13 23:08:27',1942,1),(905,'2015-02-24 00:00:00','2016-09-13 23:09:27','2016-09-13 23:09:27',147101,1),(906,'2015-02-11 00:00:00','2016-09-13 23:09:28','2016-09-13 23:09:28',161970,1),(907,'2015-02-24 00:00:00','2016-09-13 23:09:29','2016-09-13 23:09:29',62222,1),(908,'2015-03-03 00:00:00','2016-09-13 23:09:29','2016-09-13 23:09:29',72225,1),(909,'2015-03-06 00:00:00','2016-09-13 23:09:30','2016-09-13 23:09:30',42052,1),(910,'2015-03-03 00:00:00','2016-09-13 23:09:31','2016-09-13 23:09:31',27833,1),(911,'2015-04-07 00:00:00','2016-09-13 23:09:31','2016-09-13 23:09:31',158109,1),(912,'2015-03-17 00:00:00','2016-09-13 23:09:32','2016-09-13 23:09:32',144344,1),(913,'2015-03-14 00:00:00','2016-09-13 23:09:33','2016-09-13 23:09:33',161417,1),(914,'2015-03-14 00:00:00','2016-09-13 23:09:34','2016-09-13 23:09:34',155703,1),(915,'2015-04-07 00:00:00','2016-09-13 23:09:36','2016-09-13 23:09:36',9216,1),(916,'2015-04-30 00:00:00','2016-09-13 23:09:37','2016-09-13 23:09:37',45315,1),(917,'2015-04-21 00:00:00','2016-09-13 23:09:38','2016-09-13 23:09:38',154203,1),(918,'2015-04-13 00:00:00','2016-09-13 23:09:39','2016-09-13 23:09:39',131287,1),(919,'2015-04-14 00:00:00','2016-09-13 23:09:40','2016-09-13 23:09:40',157096,1),(920,'2015-05-28 00:00:00','2016-09-13 23:09:41','2016-09-13 23:09:41',62227,1),(921,'2015-05-20 00:00:00','2016-09-13 23:09:42','2016-09-13 23:09:42',8045,1),(922,'2015-06-03 00:00:00','2016-09-13 23:09:42','2016-09-13 23:09:42',127023,1),(923,'2015-06-14 00:00:00','2016-09-13 23:09:44','2016-09-13 23:09:44',9625,1),(924,'2015-06-16 00:00:00','2016-09-13 23:09:44','2016-09-13 23:09:44',124361,1),(925,'2015-06-24 00:00:00','2016-09-13 23:09:46','2016-09-13 23:09:46',39351,1),(926,'2015-07-18 00:00:00','2016-09-13 23:09:46','2016-09-13 23:09:46',12333,1),(927,'2015-07-14 00:00:00','2016-09-13 23:09:47','2016-09-13 23:09:47',146886,1),(928,'2015-07-14 00:00:00','2016-09-13 23:09:48','2016-09-13 23:09:48',140603,1),(929,'2015-07-22 00:00:00','2016-09-13 23:09:49','2016-09-13 23:09:49',2955,1),(930,'2015-09-04 00:00:00','2016-09-13 23:09:53','2016-09-13 23:09:53',27708,1),(931,'2015-10-13 00:00:00','2016-09-13 23:09:54','2016-09-13 23:09:54',124827,1),(932,'2015-07-28 00:00:00','2016-09-13 23:09:55','2016-09-13 23:09:55',97915,1),(933,'2015-10-23 00:00:00','2016-09-13 23:09:56','2016-09-13 23:09:56',164153,1),(934,'2015-11-04 00:00:00','2016-09-13 23:09:57','2016-09-13 23:09:57',3685,1),(935,'2015-11-12 00:00:00','2016-09-13 23:09:58','2016-09-13 23:09:58',150013,1),(936,'2015-11-18 00:00:00','2016-09-13 23:09:59','2016-09-13 23:09:59',170216,1),(937,'2015-11-18 00:00:00','2016-09-13 23:10:00','2016-09-13 23:10:00',181494,1),(938,'2015-11-20 00:00:00','2016-09-13 23:10:01','2016-09-13 23:10:01',132544,1),(939,'2015-11-20 00:00:00','2016-09-13 23:10:02','2016-09-13 23:10:02',1041,1),(940,'2015-11-20 00:00:00','2016-09-13 23:10:03','2016-09-13 23:10:03',180899,1),(941,'2015-11-19 00:00:00','2016-09-13 23:10:04','2016-09-13 23:10:04',182619,1),(942,'2015-11-21 00:00:00','2016-09-13 23:10:05','2016-09-13 23:10:05',132018,1),(943,'2015-11-21 00:00:00','2016-09-13 23:10:06','2016-09-13 23:10:06',172381,1),(944,'2015-11-21 00:00:00','2016-09-13 23:10:07','2016-09-13 23:10:07',168435,1),(945,'2015-11-22 00:00:00','2016-09-13 23:10:08','2016-09-13 23:10:08',172818,1),(946,'2015-12-18 00:00:00','2016-09-13 23:10:09','2016-09-13 23:10:09',4098,1),(947,'2015-12-29 00:00:00','2016-09-13 23:10:10','2016-09-13 23:10:10',121408,1),(948,'2015-12-30 00:00:00','2016-09-13 23:10:12','2016-09-13 23:10:12',143884,1),(949,'2015-12-29 00:00:00','2016-09-13 23:10:12','2016-09-13 23:10:12',161936,1),(950,'2016-01-16 00:00:00','2016-09-13 23:10:14','2016-09-13 23:10:14',41066,1),(951,'2016-01-24 00:00:00','2016-09-13 23:10:15','2016-09-13 23:10:15',172386,1),(952,'2016-01-29 00:00:00','2016-09-13 23:10:17','2016-09-13 23:10:17',37111,1),(953,'2016-02-02 00:00:00','2016-09-13 23:10:17','2016-09-13 23:10:17',174319,1),(954,'2016-02-17 00:00:00','2016-09-13 23:10:18','2016-09-13 23:10:18',126163,1),(955,'2016-02-09 00:00:00','2016-09-13 23:10:18','2016-09-13 23:10:18',175155,1),(956,'2016-02-03 00:00:00','2016-09-13 23:10:19','2016-09-13 23:10:19',164338,1),(957,'2016-02-06 00:00:00','2016-09-13 23:10:20','2016-09-13 23:10:20',121,1),(958,'2016-02-23 00:00:00','2016-09-13 23:10:21','2016-09-13 23:10:21',30380,1),(959,'2016-03-16 00:00:00','2016-09-13 23:10:22','2016-09-13 23:10:22',70149,1),(960,'2016-03-04 00:00:00','2016-09-13 23:10:23','2016-09-13 23:10:23',132028,1),(961,'2016-04-14 00:00:00','2016-09-13 23:10:26','2016-09-13 23:10:26',187645,1),(962,'2016-04-05 00:00:00','2016-09-13 23:10:26','2016-09-13 23:10:26',170042,1),(963,'2016-04-28 00:00:00','2016-09-13 23:10:27','2016-09-13 23:10:27',157969,1),(964,'2016-05-09 00:00:00','2016-09-13 23:10:27','2016-09-13 23:10:27',163967,1),(965,'2016-05-24 00:00:00','2016-09-13 23:10:28','2016-09-13 23:10:28',125153,1),(966,'2016-05-24 00:00:00','2016-09-13 23:10:29','2016-09-13 23:10:29',146508,1),(967,'2016-05-27 00:00:00','2016-09-13 23:10:31','2016-09-13 23:10:31',31481,1),(968,'2016-05-31 00:00:00','2016-09-13 23:10:34','2016-09-13 23:10:34',159675,1),(969,'2016-06-15 00:00:00','2016-09-13 23:10:35','2016-09-13 23:10:35',167650,1),(970,'2016-06-21 00:00:00','2016-09-13 23:10:37','2016-09-13 23:10:37',174785,1),(971,'2016-07-09 00:00:00','2016-09-13 23:10:38','2016-09-13 23:10:38',169786,1),(972,'2013-11-23 00:00:00','2016-09-13 23:10:42','2016-09-13 23:10:42',144733,1),(973,'2013-11-23 00:00:00','2016-09-13 23:10:44','2016-09-13 23:10:44',126042,1),(974,'2013-12-10 00:00:00','2016-09-13 23:10:46','2016-09-13 23:10:46',25613,1),(975,'2013-12-10 00:00:00','2016-09-13 23:10:49','2016-09-13 23:10:49',41749,1),(976,'2013-12-11 00:00:00','2016-09-13 23:10:50','2016-09-13 23:10:50',122298,1),(977,'2014-02-19 00:00:00','2016-09-13 23:10:52','2016-09-13 23:10:52',136888,1),(978,'2014-02-13 00:00:00','2016-09-13 23:10:59','2016-09-13 23:10:59',141517,1),(979,'2014-02-04 00:00:00','2016-09-13 23:10:59','2016-09-13 23:10:59',144592,1),(980,'2014-06-10 00:00:00','2016-09-13 23:11:01','2016-09-13 23:11:01',84876,1),(981,'2014-03-05 00:00:00','2016-09-13 23:11:02','2016-09-13 23:11:02',97903,1),(982,'2014-02-26 00:00:00','2016-09-13 23:11:04','2016-09-13 23:11:04',54043,1),(983,'2016-01-21 00:00:00','2016-09-13 23:11:07','2016-09-13 23:11:07',105134,1),(984,'2014-03-13 00:00:00','2016-09-13 23:11:08','2016-09-13 23:11:08',68448,1),(985,'2014-11-23 00:00:00','2016-09-13 23:11:10','2016-09-13 23:11:10',146652,1),(986,'2015-07-21 00:00:00','2016-09-13 23:11:11','2016-09-13 23:11:11',121921,1),(987,'2014-04-08 00:00:00','2016-09-13 23:11:12','2016-09-13 23:11:12',102794,1),(988,'2014-07-29 00:00:00','2016-09-13 23:11:14','2016-09-13 23:11:14',70512,1),(989,'2014-09-04 00:00:00','2016-09-13 23:11:15','2016-09-13 23:11:15',94104,1),(990,'2014-09-23 00:00:00','2016-09-13 23:11:16','2016-09-13 23:11:16',123499,1),(991,'2014-10-29 00:00:00','2016-09-13 23:11:18','2016-09-13 23:11:18',104006,1),(992,'2014-11-23 00:00:00','2016-09-13 23:11:19','2016-09-13 23:11:19',131339,1),(993,'2015-11-19 00:00:00','2016-09-13 23:11:20','2016-09-13 23:11:20',146439,1),(994,'2014-12-14 00:00:00','2016-09-13 23:11:21','2016-09-13 23:11:21',1,1),(995,'2014-12-19 00:00:00','2016-09-13 23:11:23','2016-09-13 23:11:23',150376,1),(996,'2016-06-30 00:00:00','2016-09-13 23:11:27','2016-09-13 23:11:27',132531,1),(997,'2014-12-11 00:00:00','2016-09-13 23:11:29','2016-09-13 23:11:29',120677,1),(998,'2016-08-28 00:00:00','2016-09-13 23:13:30','2016-09-13 23:13:30',50,1),(999,'2015-01-20 00:00:00','2016-09-13 23:18:51','2016-09-13 23:18:51',133848,1),(1000,'2015-01-14 00:00:00','2016-09-13 23:18:52','2016-09-13 23:18:52',131357,1),(1001,'2015-03-03 00:00:00','2016-09-13 23:18:53','2016-09-13 23:18:53',148228,1),(1002,'2015-05-06 00:00:00','2016-09-13 23:18:56','2016-09-13 23:18:56',62222,1),(1003,'2015-07-08 00:00:00','2016-09-13 23:18:58','2016-09-13 23:18:58',161970,1),(1004,'2015-03-24 00:00:00','2016-09-13 23:18:59','2016-09-13 23:18:59',144344,1),(1005,'2015-03-14 00:00:00','2016-09-13 23:19:02','2016-09-13 23:19:02',155703,1),(1006,'2015-04-28 00:00:00','2016-09-13 23:19:03','2016-09-13 23:19:03',154203,1),(1007,'2015-05-12 00:00:00','2016-09-13 23:19:05','2016-09-13 23:19:05',157096,1),(1008,'2015-05-05 00:00:00','2016-09-13 23:19:07','2016-09-13 23:19:07',131287,1),(1009,'2015-10-15 00:00:00','2016-09-13 23:19:09','2016-09-13 23:19:09',62227,1),(1010,'2015-07-07 00:00:00','2016-09-13 23:19:10','2016-09-13 23:19:10',8045,1),(1011,'2015-10-17 00:00:00','2016-09-13 23:19:12','2016-09-13 23:19:12',127023,1),(1012,'2015-06-30 00:00:00','2016-09-13 23:19:13','2016-09-13 23:19:13',124361,1),(1013,'2015-09-29 00:00:00','2016-09-13 23:19:15','2016-09-13 23:19:15',146886,1),(1014,'2015-08-07 00:00:00','2016-09-13 23:19:17','2016-09-13 23:19:17',12333,1),(1015,'2016-01-27 00:00:00','2016-09-13 23:19:19','2016-09-13 23:19:19',124827,1),(1016,'2015-12-10 00:00:00','2016-09-13 23:19:21','2016-09-13 23:19:21',150013,1),(1017,'2015-11-19 00:00:00','2016-09-13 23:19:22','2016-09-13 23:19:22',181494,1),(1018,'2015-12-01 00:00:00','2016-09-13 23:19:24','2016-09-13 23:19:24',132544,1),(1019,'2015-11-21 00:00:00','2016-09-13 23:19:25','2016-09-13 23:19:25',180899,1),(1020,'2015-12-03 00:00:00','2016-09-13 23:19:27','2016-09-13 23:19:27',132018,1),(1021,'2015-12-01 00:00:00','2016-09-13 23:19:29','2016-09-13 23:19:29',168435,1),(1022,'2016-01-05 00:00:00','2016-09-13 23:19:31','2016-09-13 23:19:31',161936,1),(1023,'2016-04-29 00:00:00','2016-09-13 23:19:33','2016-09-13 23:19:33',187645,1),(1024,'2016-02-08 00:00:00','2016-09-13 23:19:34','2016-09-13 23:19:34',174319,1),(1025,'2016-05-09 00:00:00','2016-09-13 23:19:35','2016-09-13 23:19:35',163967,1),(1026,'2016-05-31 00:00:00','2016-09-13 23:19:37','2016-09-13 23:19:37',125153,1),(1027,'2016-06-29 00:00:00','2016-09-13 23:19:38','2016-09-13 23:19:38',174785,1),(1028,'2016-07-10 00:00:00','2016-09-13 23:19:40','2016-09-13 23:19:40',169786,1),(1029,'2013-11-24 00:00:00','2016-09-13 23:19:42','2016-09-13 23:19:42',126042,1),(1030,'2016-08-22 00:00:00','2016-09-13 23:19:56','2016-09-13 23:19:56',200784,1),(1031,'2013-12-20 00:00:00','2016-09-13 23:19:57','2016-09-13 23:19:57',25613,1),(1032,'2014-01-21 00:00:00','2016-09-13 23:20:04','2016-09-13 23:20:04',41749,1),(1033,'2013-12-15 00:00:00','2016-09-13 23:20:06','2016-09-13 23:20:06',122298,1),(1034,'2015-02-04 00:00:00','2016-09-13 23:20:23','2016-09-13 23:20:23',136888,1),(1035,'2014-06-05 00:00:00','2016-09-13 23:20:25','2016-09-13 23:20:25',141517,1),(1036,'2014-11-01 00:00:00','2016-09-13 23:20:27','2016-09-13 23:20:27',144592,1),(1037,'2016-09-04 00:00:00','2016-09-13 23:20:31','2016-09-13 23:20:31',50,1),(1038,'2014-03-04 00:00:00','2016-09-13 23:21:35','2016-09-13 23:21:35',68448,1),(1039,'2014-11-30 00:00:00','2016-09-13 23:21:37','2016-09-13 23:21:37',146652,1),(1040,'2014-04-22 00:00:00','2016-09-13 23:21:39','2016-09-13 23:21:39',102794,1),(1041,'2015-11-19 00:00:00','2016-09-13 23:21:40','2016-09-13 23:21:40',146439,1),(1042,'2015-01-08 00:00:00','2016-09-13 23:21:42','2016-09-13 23:21:42',70512,1),(1043,'2015-11-19 00:00:00','2016-09-13 23:21:43','2016-09-13 23:21:43',1,1),(1044,'2015-02-03 00:00:00','2016-09-13 23:21:44','2016-09-13 23:21:44',120677,1),(1045,'2015-04-27 00:00:00','2016-09-13 23:21:46','2016-09-13 23:21:46',150376,1),(1046,'2015-12-08 00:00:00','2016-09-13 23:21:48','2016-09-13 23:21:48',132018,1),(1047,'2016-03-15 00:00:00','2016-09-13 23:21:49','2016-09-13 23:21:49',146886,1),(1048,'2016-05-21 00:00:00','2016-09-13 23:21:57','2016-09-13 23:21:57',187645,1),(1049,'2016-01-12 00:00:00','2016-09-13 23:21:58','2016-09-13 23:21:58',161936,1),(1050,'2016-05-25 00:00:00','2016-09-13 23:22:00','2016-09-13 23:22:00',163967,1),(1051,'2016-06-27 00:00:00','2016-09-13 23:22:01','2016-09-13 23:22:01',174319,1),(1052,'2016-06-09 00:00:00','2016-09-13 23:22:02','2016-09-13 23:22:02',125153,1),(1053,'2016-07-13 00:00:00','2016-09-13 23:22:04','2016-09-13 23:22:04',169786,1),(1054,'2016-08-27 00:00:00','2016-09-13 23:22:13','2016-09-13 23:22:13',200784,1),(1055,'2013-12-22 00:00:00','2016-09-13 23:22:16','2016-09-13 23:22:16',25613,1),(1056,'2014-12-11 00:00:00','2016-09-13 23:22:17','2016-09-13 23:22:17',144592,1),(1057,'2014-03-04 00:00:00','2016-09-13 23:22:18','2016-09-13 23:22:18',68448,1),(1058,'2014-07-15 00:00:00','2016-09-13 23:22:32','2016-09-13 23:22:32',102794,1),(1059,'2015-01-14 00:00:00','2016-09-13 23:22:34','2016-09-13 23:22:34',146652,1),(1060,'2015-04-20 00:00:00','2016-09-13 23:22:36','2016-09-13 23:22:36',120677,1),(1061,'2016-08-17 00:00:00','2016-09-13 23:23:08','2016-09-13 23:23:08',163967,1),(1062,'2016-08-10 00:00:00','2016-09-13 23:23:10','2016-09-13 23:23:10',125153,1),(1063,'2016-01-12 00:00:00','2016-09-13 23:23:11','2016-09-13 23:23:11',161936,1),(1064,'2016-07-27 00:00:00','2016-09-13 23:23:12','2016-09-13 23:23:12',169786,1),(1065,'2014-08-08 00:00:00','2016-09-13 23:23:15','2016-09-13 23:23:15',102794,1),(1066,'2016-03-04 00:00:00','2016-09-13 23:23:16','2016-09-13 23:23:16',120677,1),(1067,'2016-01-19 00:00:00','2016-09-13 23:23:18','2016-09-13 23:23:18',161936,1),(1068,'2014-01-13 00:00:00','2016-09-13 23:23:19','2016-09-13 23:23:19',25613,1),(1069,'2016-07-30 00:00:00','2016-09-13 23:23:21','2016-09-13 23:23:21',169786,1),(1070,'2014-01-09 00:00:00','2016-09-13 23:23:21','2016-09-13 23:23:21',126042,1),(1071,'2015-12-17 00:00:00','2016-09-13 23:23:26','2016-09-13 23:23:26',102794,1),(1072,'2014-03-01 00:00:00','2016-09-13 23:23:28','2016-09-13 23:23:28',25613,1),(1073,'2016-02-23 00:00:00','2016-09-13 23:23:28','2016-09-13 23:23:28',161936,1),(1074,'2016-08-02 00:00:00','2016-09-13 23:23:29','2016-09-13 23:23:29',169786,1),(1075,'2014-01-19 00:00:00','2016-09-13 23:23:30','2016-09-13 23:23:30',126042,1),(1076,'2016-03-10 00:00:00','2016-09-13 23:23:31','2016-09-13 23:23:31',161936,1),(1077,'2014-03-02 00:00:00','2016-09-13 23:23:33','2016-09-13 23:23:33',25613,1),(1078,'2014-01-22 00:00:00','2016-09-13 23:23:33','2016-09-13 23:23:33',126042,1),(1079,'2016-04-07 00:00:00','2016-09-13 23:23:36','2016-09-13 23:23:36',161936,1),(1080,'2014-03-06 00:00:00','2016-09-13 23:23:37','2016-09-13 23:23:37',25613,1),(1081,'2014-02-12 00:00:00','2016-09-13 23:23:38','2016-09-13 23:23:38',126042,1),(1082,'2016-04-21 00:00:00','2016-09-13 23:23:40','2016-09-13 23:23:40',161936,1),(1083,'2014-02-18 00:00:00','2016-09-13 23:23:41','2016-09-13 23:23:41',126042,1),(1084,'2016-04-28 00:00:00','2016-09-13 23:23:42','2016-09-13 23:23:42',161936,1),(1085,'2014-03-12 00:00:00','2016-09-13 23:23:44','2016-09-13 23:23:44',126042,1),(1086,'2016-05-05 00:00:00','2016-09-13 23:23:46','2016-09-13 23:23:46',161936,1),(1087,'2014-06-17 00:00:00','2016-09-13 23:23:47','2016-09-13 23:23:47',126042,1),(1088,'2014-11-05 00:00:00','2016-09-13 23:23:48','2016-09-13 23:23:48',126042,1),(1089,'2014-11-08 00:00:00','2016-09-13 23:23:51','2016-09-13 23:23:51',126042,1),(1090,'2015-11-22 00:00:00','2016-09-13 23:23:52','2016-09-13 23:23:52',126042,1),(1091,'2016-03-01 00:00:00','2016-09-13 23:23:53','2016-09-13 23:23:53',126042,1),(1092,'2016-09-09 00:00:00','2016-09-13 23:31:16','2016-09-13 23:31:16',146021,1);
/*!40000 ALTER TABLE `Gameplays` ENABLE KEYS */;
UNLOCK TABLES;

--
-- Table structure for table `Games`
--

DROP TABLE IF EXISTS `Games`;
/*!40101 SET @saved_cs_client     = @@character_set_client */;
/*!40101 SET character_set_client = utf8 */;
CREATE TABLE `Games` (
  `id` int(11) NOT NULL,
  `bgg_id` int(11) DEFAULT NULL,
  `title` varchar(255) COLLATE utf8_unicode_ci DEFAULT NULL,
  `year_published` int(11) DEFAULT NULL,
  `image_thumbnail` varchar(255) COLLATE utf8_unicode_ci DEFAULT NULL,
  `createdAt` datetime NOT NULL,
  `updatedAt` datetime NOT NULL,
  PRIMARY KEY (`id`),
  UNIQUE KEY `games_bgg_id` (`bgg_id`),
  KEY `games_title` (`title`)
) ENGINE=InnoDB DEFAULT CHARSET=utf8 COLLATE=utf8_unicode_ci;
/*!40101 SET character_set_client = @saved_cs_client */;

--
-- Dumping data for table `Games`
--

LOCK TABLES `Games` WRITE;
/*!40000 ALTER TABLE `Games` DISABLE KEYS */;
INSERT INTO `Games` VALUES (1,1,'Die Macher',1986,'//cf.geekdo-images.com/images/pic159509_t.jpg','2016-09-05 20:14:22','2016-09-05 20:14:23'),(50,50,'Lost Cities',1999,'//cf.geekdo-images.com/images/pic2606107_t.jpg','2016-09-12 21:48:25','2016-09-13 16:17:35'),(118,118,'Modern Art',1992,'//cf.geekdo-images.com/images/pic149747_t.jpg','2016-09-12 21:49:41','2016-09-12 21:49:41'),(121,121,'Dune',1979,'//cf.geekdo-images.com/images/pic279251_t.jpg','2016-09-12 21:51:16','2016-09-13 16:19:05'),(432,432,'6 nimmt!',1994,'//cf.geekdo-images.com/images/pic2602138_t.jpg','2016-09-12 21:49:43','2016-09-13 16:17:38'),(619,619,'The Bottle Imp',1995,'//cf.geekdo-images.com/images/pic777628_t.jpg','2016-09-12 21:48:23','2016-09-12 21:48:24'),(730,730,'Breakout: Normandy',1992,'//cf.geekdo-images.com/images/pic239937_t.jpg','2016-09-06 19:07:32','2016-09-06 19:07:33'),(1017,1017,'Fresh Fish',1997,'//cf.geekdo-images.com/images/pic21808_t.jpg','2016-09-12 21:49:43','2016-09-13 16:17:38'),(1041,1041,'San Marco',2001,'//cf.geekdo-images.com/images/pic174180_t.jpg','2016-09-12 21:51:15','2016-09-12 21:51:15'),(1942,1942,'Foppen',1995,'//cf.geekdo-images.com/images/pic96931_t.jpg','2016-09-12 21:50:19','2016-09-12 21:50:19'),(2955,2955,'Mexica',2002,'//cf.geekdo-images.com/images/pic2470537_t.jpg','2016-09-12 21:50:55','2016-09-13 16:18:42'),(3076,3076,'Puerto Rico',2002,'//cf.geekdo-images.com/images/pic158548_t.jpg','2016-09-12 21:49:43','2016-09-13 16:17:38'),(3685,3685,'Hammer of the Scots',2002,'//cf.geekdo-images.com/images/pic623710_t.jpg','2016-09-12 21:51:09','2016-09-12 21:51:10'),(4098,4098,'Age of Steam',2002,'//cf.geekdo-images.com/images/pic429576_t.jpg','2016-09-12 21:51:16','2016-09-12 21:51:16'),(8045,8045,'Princes of the Renaissance',2003,'//cf.geekdo-images.com/images/pic3024485_t.jpg','2016-09-12 21:50:24','2016-09-13 16:18:40'),(9216,9216,'Goa',2004,'//cf.geekdo-images.com/images/pic1215969_t.jpg','2016-09-12 21:50:24','2016-09-12 21:50:24'),(9625,9625,'Struggle of Empires',2004,'//cf.geekdo-images.com/images/pic1367165_t.jpg','2016-09-12 21:50:25','2016-09-13 16:18:41'),(12333,12333,'Twilight Struggle',2005,'//cf.geekdo-images.com/images/pic361592_t.jpg','2016-09-12 21:50:54','2016-09-13 16:18:42'),(13780,13780,'In the Shadow of the Emperor',2004,'//cf.geekdo-images.com/images/pic202677_t.jpg','2016-09-12 21:48:22','2016-09-12 21:48:22'),(15363,15363,'Nexus Ops',2005,'//cf.geekdo-images.com/images/pic1134615_t.jpg','2016-09-12 21:49:42','2016-09-12 21:49:42'),(17651,17651,'Under the Lily Banners',2005,'//cf.geekdo-images.com/images/pic368814_t.jpg','2016-09-12 21:49:41','2016-09-12 21:49:42'),(19777,19777,'Indonesia',2005,'//cf.geekdo-images.com/images/pic93485_t.jpg','2016-09-12 21:48:25','2016-09-12 21:48:25'),(21241,21241,'Neuroshima Hex!',2006,'//cf.geekdo-images.com/images/pic1844819_t.jpg','2016-09-12 21:48:55','2016-09-13 16:17:36'),(25613,25613,'Through the Ages: A Story of Civilization',2006,'//cf.geekdo-images.com/images/pic236169_t.jpg','2016-09-12 21:48:23','2016-09-12 21:48:23'),(27708,27708,'1960: The Making of the President',2007,'//cf.geekdo-images.com/images/pic215664_t.jpg','2016-09-12 21:50:55','2016-09-13 16:18:42'),(27833,27833,'Steam',2009,'//cf.geekdo-images.com/images/pic392515_t.jpg','2016-09-12 21:50:23','2016-09-12 21:50:23'),(30380,30380,'Cuba',2007,'//cf.geekdo-images.com/images/pic1205385_t.jpg','2016-09-12 21:51:17','2016-09-13 16:19:05'),(31481,31481,'Galaxy Trucker',2007,'//cf.geekdo-images.com/images/pic260554_t.jpg','2016-09-12 21:51:45','2016-09-12 21:51:46'),(33160,33160,'Endeavor',2009,'//cf.geekdo-images.com/images/pic379881_t.jpg','2016-09-12 21:49:41','2016-09-12 21:49:41'),(35285,35285,'German Railways',2008,'//cf.geekdo-images.com/images/pic1097251_t.jpg','2016-09-12 21:48:58','2016-09-12 21:49:25'),(37111,37111,'Battlestar Galactica',2008,'//cf.geekdo-images.com/images/pic354500_t.jpg','2016-09-12 21:51:16','2016-09-13 16:18:44'),(39351,39351,'Automobile',2009,'//cf.geekdo-images.com/images/pic744514_t.jpg','2016-09-12 21:50:25','2016-09-13 16:18:41'),(41066,41066,'Virgin Queen',2012,'//cf.geekdo-images.com/images/pic1276971_t.jpg','2016-09-12 21:51:16','2016-09-12 21:51:16'),(41749,41749,'American Rails',2009,'//cf.geekdo-images.com/images/pic1754865_t.jpg','2016-09-12 21:48:22','2016-09-12 21:48:22'),(42052,42052,'Vinhos',2010,'//cf.geekdo-images.com/images/pic815592_t.jpg','2016-09-12 21:50:23','2016-09-12 21:50:23'),(43015,43015,'Hansa Teutonica',2009,'//cf.geekdo-images.com/images/pic839090_t.jpg','2016-09-12 21:48:55','2016-09-13 16:17:37'),(45315,45315,'Dungeon Lords',2009,'//cf.geekdo-images.com/images/pic569340_t.jpg','2016-09-12 21:50:24','2016-09-12 21:50:24'),(54043,54043,'Jaipur',2009,'//cf.geekdo-images.com/images/pic725500_t.jpg','2016-09-12 21:48:25','2016-09-13 16:17:35'),(62222,62222,'Commands & Colors: Napoleonics',2010,'//cf.geekdo-images.com/images/pic837162_t.jpg','2016-09-12 21:50:19','2016-09-12 21:50:20'),(62227,62227,'Labyrinth: The War on Terror, 2001 – ?',2010,'//cf.geekdo-images.com/images/pic859584_t.jpg','2016-09-12 21:50:24','2016-09-13 16:18:40'),(65901,65901,'Age of Industry',2010,'//cf.geekdo-images.com/images/pic715611_t.jpg','2016-09-12 21:48:22','2016-09-12 21:48:22'),(67917,67917,'Colonialism',2013,'//cf.geekdo-images.com/images/pic1613797_t.jpg','2016-09-12 21:48:24','2016-09-12 21:48:24'),(68448,68448,'7 Wonders',2010,'//cf.geekdo-images.com/images/pic860217_t.jpg','2016-09-12 21:48:25','2016-09-13 16:17:36'),(70149,70149,'Ora et Labora',2011,'//cf.geekdo-images.com/images/pic1165426_t.jpg','2016-09-12 21:51:38','2016-09-12 21:51:39'),(70512,70512,'Luna',2010,'//cf.geekdo-images.com/images/pic2538939_t.png','2016-09-12 21:48:58','2016-09-12 21:49:25'),(72225,72225,'CO₂',2012,'//cf.geekdo-images.com/images/pic1350204_t.jpg','2016-09-12 21:50:19','2016-09-12 21:50:20'),(73439,73439,'Troyes',2010,'//cf.geekdo-images.com/images/pic750583_t.jpg','2016-09-12 21:49:40','2016-09-12 21:49:40'),(84876,84876,'The Castles of Burgundy',2011,'//cf.geekdo-images.com/images/pic1176894_t.jpg','2016-09-12 21:48:25','2016-09-13 16:17:35'),(94104,94104,'Omen: A Reign of War',2011,'//cf.geekdo-images.com/images/pic938454_t.jpg','2016-09-12 21:49:40','2016-09-12 21:49:40'),(95527,95527,'Madeira',2013,'//cf.geekdo-images.com/images/pic1762708_t.jpg','2016-09-12 21:48:24','2016-09-12 21:48:24'),(96913,96913,'Lancaster',2011,'//cf.geekdo-images.com/images/pic1280761_t.jpg','2016-09-12 21:49:43','2016-09-13 16:17:38'),(97903,97903,'Terror in Meeple City',2013,'//cf.geekdo-images.com/images/pic2482302_t.jpg','2016-09-12 21:48:25','2016-09-13 16:17:35'),(97915,97915,'Bios: Megafauna',2011,'//cf.geekdo-images.com/images/pic1022024_t.jpg','2016-09-12 21:50:55','2016-09-13 16:18:42'),(102794,102794,'Caverna: The Cave Farmers',2013,'//cf.geekdo-images.com/images/pic1790789_t.jpg','2016-09-12 21:48:58','2016-09-13 16:17:36'),(104006,104006,'Village',2011,'//cf.geekdo-images.com/images/pic2760568_t.jpg','2016-09-12 21:49:40','2016-09-12 21:49:40'),(105134,105134,'Risk Legacy',2011,'//cf.geekdo-images.com/images/pic1196938_t.jpg','2016-09-12 21:48:25','2016-09-13 16:17:36'),(110327,110327,'Lords of Waterdeep',2012,'//cf.geekdo-images.com/images/pic1116080_t.jpg','2016-09-12 21:51:46','2016-09-12 21:51:47'),(120677,120677,'Terra Mystica',2012,'//cf.geekdo-images.com/images/pic1356616_t.jpg','2016-09-12 21:49:43','2016-09-13 16:17:38'),(121408,121408,'Trains',2012,'//cf.geekdo-images.com/images/pic1606346_t.jpg','2016-09-12 21:51:16','2016-09-12 21:51:16'),(121921,121921,'Robinson Crusoe: Adventures on the Cursed Island',2012,'//cf.geekdo-images.com/images/pic3165731_t.jpg','2016-09-12 21:48:58','2016-09-13 16:17:37'),(122298,122298,'Morels',2012,'//cf.geekdo-images.com/images/pic1284667_t.jpg','2016-09-12 21:48:23','2016-09-12 21:48:23'),(122515,122515,'Keyflower',2012,'//cf.geekdo-images.com/images/pic2278942_t.jpg','2016-09-07 11:51:32','2016-09-07 11:51:33'),(123499,123499,'City of Iron',2013,'//cf.geekdo-images.com/images/pic1292441_t.jpg','2016-09-12 21:49:40','2016-09-12 21:49:40'),(124361,124361,'Concordia',2013,'//cf.geekdo-images.com/images/pic1980675_t.jpg','2016-09-12 21:50:25','2016-09-13 16:18:41'),(124827,124827,'Space Cadets: Away Missions',2015,'//cf.geekdo-images.com/images/pic1927835_t.jpg','2016-09-05 23:18:44','2016-09-05 23:18:44'),(125153,125153,'The Gallerist',2015,'//cf.geekdo-images.com/images/pic2503200_t.png','2016-09-12 21:51:45','2016-09-12 21:51:45'),(125678,125678,'DC Comics Deck-Building Game',2012,'//cf.geekdo-images.com/images/pic1355432_t.png','2016-09-12 21:48:23','2016-09-12 21:48:23'),(126042,126042,'Nations',2013,'//cf.geekdo-images.com/images/pic1591406_t.png','2016-09-12 21:48:22','2016-09-12 21:48:22'),(126163,126163,'Tzolk\'in: The Mayan Calendar',2012,'//cf.geekdo-images.com/images/pic1413480_t.jpg','2016-09-12 21:51:17','2016-09-13 16:19:05'),(127023,127023,'Kemet',2012,'//cf.geekdo-images.com/images/pic1431241_t.jpg','2016-09-12 21:50:25','2016-09-13 16:18:40'),(128671,128671,'Spartacus: A Game of Blood & Treachery',2012,'//cf.geekdo-images.com/images/pic1533071_t.jpg','2016-09-12 21:48:25','2016-09-12 21:48:25'),(129320,129320,'Castle Dice',2013,'//cf.geekdo-images.com/images/pic1639553_t.jpg','2016-09-12 21:50:19','2016-09-12 21:50:19'),(129437,129437,'Legendary: A Marvel Deck Building Game',2012,'//cf.geekdo-images.com/images/pic1430769_t.jpg','2016-09-12 21:49:42','2016-09-12 21:49:42'),(131287,131287,'Panamax',2014,'//cf.geekdo-images.com/images/pic1786212_t.png','2016-09-12 21:50:24','2016-09-12 21:50:24'),(131339,131339,'Mansions of Madness: The Yellow Sign',2012,'//cf.geekdo-images.com/images/pic1460477_t.jpg','2016-09-12 21:49:40','2016-09-12 21:49:41'),(131357,131357,'Coup',2012,'//cf.geekdo-images.com/images/pic2016054_t.jpg','2016-09-12 21:50:19','2016-09-12 21:50:19'),(131751,131751,'Mansions of Madness: Call of the Wild',2013,'//cf.geekdo-images.com/images/pic1473795_t.jpg','2016-09-12 21:49:42','2016-09-12 21:49:43'),(132018,132018,'Churchill',2015,'//cf.geekdo-images.com/images/pic2467234_t.jpg','2016-09-12 21:51:15','2016-09-12 21:51:15'),(132028,132028,'Conflict of Heroes: Awakening the Bear! (second edition)',2012,'//cf.geekdo-images.com/images/pic1236709_t.jpg','2016-09-12 21:51:17','2016-09-13 16:19:05'),(132531,132531,'Roll for the Galaxy',2014,'//cf.geekdo-images.com/images/pic1473629_t.jpg','2016-09-12 21:49:42','2016-09-12 21:49:42'),(132544,132544,'Tesla vs. Edison: War of Currents',2015,'//cf.geekdo-images.com/images/pic2555214_t.jpg','2016-09-12 21:51:15','2016-09-12 21:51:15'),(133848,133848,'Euphoria: Build a Better Dystopia',2013,'//cf.geekdo-images.com/images/pic1615561_t.jpg','2016-09-12 21:50:19','2016-09-12 21:50:20'),(134964,134964,'Moonbase Alpha',2012,'//cf.geekdo-images.com/images/pic1502317_t.jpg','2016-09-12 21:48:55','2016-09-13 16:17:36'),(136888,136888,'Bruges',2013,'//cf.geekdo-images.com/images/pic1652004_t.jpg','2016-09-12 21:48:24','2016-09-12 21:48:24'),(136955,136955,'Hands in the Sea',2016,'//cf.geekdo-images.com/images/pic3154683_t.jpg','2016-09-12 21:49:41','2016-09-12 21:49:41'),(138161,138161,'Firefly: The Game',2013,'//cf.geekdo-images.com/images/pic1727008_t.png','2016-09-12 21:48:23','2016-09-12 21:48:23'),(140603,140603,'Francis Drake',2013,'//cf.geekdo-images.com/images/pic1616979_t.jpg','2016-09-12 21:50:55','2016-09-13 16:18:42'),(140620,140620,'Lewis & Clark',2013,'//cf.geekdo-images.com/images/pic1902092_t.jpg','2016-09-12 21:48:58','2016-09-13 16:17:37'),(141090,141090,'Kohle & Kolonie',2013,'//cf.geekdo-images.com/images/pic2725565_t.jpg','2016-09-12 21:49:43','2016-09-13 16:17:38'),(141517,141517,'A Study in Emerald',2013,'//cf.geekdo-images.com/images/pic1638689_t.jpg','2016-09-12 21:48:24','2016-09-12 21:48:24'),(143401,143401,'Yunnan',2013,'//cf.geekdo-images.com/images/pic1783522_t.jpg','2016-09-12 21:48:23','2016-09-12 21:48:23'),(143519,143519,'Quantum',2013,'//cf.geekdo-images.com/images/pic1727619_t.jpg','2016-09-12 21:48:22','2016-09-12 21:48:22'),(143693,143693,'Glass Road',2013,'//cf.geekdo-images.com/images/pic2499302_t.jpg','2016-09-12 21:48:24','2016-09-12 21:48:24'),(143884,143884,'Machi Koro',2012,'//cf.geekdo-images.com/images/pic1992476_t.jpg','2016-09-12 21:51:16','2016-09-12 21:51:16'),(144344,144344,'Rococo',2013,'//cf.geekdo-images.com/images/pic1795272_t.jpg','2016-09-12 21:50:23','2016-09-12 21:50:23'),(144592,144592,'Bruxelles 1893',2013,'//cf.geekdo-images.com/images/pic1726346_t.jpg','2016-09-12 21:48:24','2016-09-12 21:48:24'),(144733,144733,'Russian Railroads',2013,'//cf.geekdo-images.com/images/pic1772936_t.jpg','2016-09-12 21:48:22','2016-09-12 21:48:22'),(146021,146021,'Eldritch Horror',2013,'//cf.geekdo-images.com/images/pic1872452_t.jpg','2016-09-12 21:51:47','2016-09-12 21:51:47'),(146439,146439,'BattleLore (Second Edition)',2013,'//cf.geekdo-images.com/images/pic1854807_t.jpg','2016-09-12 21:49:42','2016-09-12 21:49:42'),(146508,146508,'T.I.M.E Stories',2015,'//cf.geekdo-images.com/images/pic2617634_t.png','2016-09-12 21:51:45','2016-09-12 21:51:45'),(146652,146652,'Legendary Encounters: An Alien Deck Building Game',2014,'//cf.geekdo-images.com/images/pic2225180_t.jpg','2016-09-12 21:48:58','2016-09-13 16:17:36'),(146886,146886,'La Granja',2014,'//cf.geekdo-images.com/images/pic2031777_t.jpg','2016-09-12 21:50:54','2016-09-13 16:18:41'),(147101,147101,'Tuscany: Expand the World of Viticulture',2014,'//cf.geekdo-images.com/images/pic1886437_t.jpg','2016-09-12 21:50:19','2016-09-12 21:50:20'),(148228,148228,'Splendor',2014,'//cf.geekdo-images.com/images/pic1904079_t.jpg','2016-09-12 21:50:19','2016-09-12 21:50:19'),(150013,150013,'No Retreat 4! Italian Front: 1943-45',2015,'//cf.geekdo-images.com/images/pic2577579_t.jpg','2016-09-12 21:51:09','2016-09-12 21:51:10'),(150146,150146,'Rattlebones',2014,'//cf.geekdo-images.com/images/pic2399765_t.jpg','2016-09-12 21:49:42','2016-09-12 21:49:42'),(150376,150376,'Dead of Winter: A Crossroads Game',2014,'//cf.geekdo-images.com/images/pic3016500_t.jpg','2016-09-12 21:49:41','2016-09-12 21:49:42'),(154008,154008,'The 7th Dwarf',2014,'//cf.geekdo-images.com/images/pic2467921_t.jpg','2016-09-12 21:49:41','2016-09-12 21:49:41'),(154182,154182,'Helios',2014,'//cf.geekdo-images.com/images/pic1928217_t.png','2016-09-12 21:49:40','2016-09-12 21:49:40'),(154203,154203,'Imperial Settlers',2014,'//cf.geekdo-images.com/images/pic2871265_t.jpg','2016-09-12 21:50:24','2016-09-12 21:50:24'),(155703,155703,'Evolution',2014,'//cf.geekdo-images.com/images/pic2558560_t.jpg','2016-09-12 21:50:23','2016-09-12 21:50:23'),(157096,157096,'Historia',2014,'//cf.geekdo-images.com/images/pic2286978_t.jpg','2016-09-12 21:50:24','2016-09-12 21:50:24'),(157969,157969,'Sheriff of Nottingham',2014,'//cf.geekdo-images.com/images/pic2075830_t.jpg','2016-09-12 21:51:45','2016-09-12 21:51:45'),(158109,158109,'Onward to Venus',2014,'//cf.geekdo-images.com/images/pic1993102_t.jpg','2016-09-12 21:50:23','2016-09-12 21:50:24'),(159675,159675,'Fields of Arle',2014,'//cf.geekdo-images.com/images/pic2225968_t.png','2016-09-12 21:51:45','2016-09-12 21:51:46'),(161317,161317,'Terra Mystica: Fire & Ice',2014,'//cf.geekdo-images.com/images/pic2227159_t.png','2016-09-12 21:49:41','2016-09-12 21:49:41'),(161417,161417,'Red7',2014,'//cf.geekdo-images.com/images/pic3002342_t.jpg','2016-09-12 21:50:23','2016-09-12 21:50:24'),(161936,161936,'Pandemic Legacy: Season 1',2015,'//cf.geekdo-images.com/images/pic2452831_t.png','2016-09-12 21:51:16','2016-09-12 21:51:16'),(161970,161970,'Alchemists',2014,'//cf.geekdo-images.com/images/pic2241156_t.png','2016-09-12 21:50:19','2016-09-12 21:50:19'),(163967,163967,'Tiny Epic Galaxies',2015,'//cf.geekdo-images.com/images/pic2349732_t.jpg','2016-09-12 21:51:45','2016-09-12 21:51:45'),(164153,164153,'Star Wars: Imperial Assault',2014,'//cf.geekdo-images.com/images/pic2247647_t.jpg','2016-09-12 21:51:09','2016-09-12 21:51:10'),(164338,164338,'The Golden Ages',2014,'//cf.geekdo-images.com/images/pic2551380_t.jpg','2016-09-12 21:51:16','2016-09-12 21:51:17'),(166857,166857,'Antike II',2014,'//cf.geekdo-images.com/images/pic2252678_t.jpg','2016-09-12 21:49:41','2016-09-12 21:49:41'),(167650,167650,'Last Battle: Ie Shima, 1945',2015,'//cf.geekdo-images.com/images/pic2621939_t.jpg','2016-09-12 21:51:45','2016-09-12 21:51:46'),(168435,168435,'Between Two Cities',2015,'//cf.geekdo-images.com/images/pic2326114_t.jpg','2016-09-05 18:46:17','2016-09-05 18:46:17'),(169786,169786,'Scythe',2016,'//cf.geekdo-images.com/images/pic3163924_t.jpg','2016-09-05 14:14:41','2016-09-05 14:14:41'),(170042,170042,'Raiders of the North Sea',2015,'//cf.geekdo-images.com/images/pic2458233_t.jpg','2016-09-12 21:51:45','2016-09-12 21:51:45'),(170216,170216,'Blood Rage',2015,'//cf.geekdo-images.com/images/pic2439223_t.jpg','2016-09-12 21:51:09','2016-09-12 21:51:10'),(172381,172381,'My Village',2015,'//cf.geekdo-images.com/images/pic2760567_t.jpg','2016-09-12 21:51:15','2016-09-12 21:51:15'),(172386,172386,'Mombasa',2015,'//cf.geekdo-images.com/images/pic2611318_t.jpg','2016-09-12 21:51:16','2016-09-12 21:51:17'),(172818,172818,'Above and Below',2015,'//cf.geekdo-images.com/images/pic2398773_t.jpg','2016-09-12 21:51:15','2016-09-12 21:51:16'),(174319,174319,'Conflict of Heroes: Awakening the Bear – Firefight Generator',2015,'//cf.geekdo-images.com/images/pic2438129_t.jpg','2016-09-12 21:51:16','2016-09-12 21:51:17'),(174785,174785,'Mare Nostrum: Empires',2016,'//cf.geekdo-images.com/images/pic2648963_t.jpg','2016-09-12 21:51:46','2016-09-12 21:51:46'),(175155,175155,'Forbidden Stars',2015,'//cf.geekdo-images.com/images/pic2471359_t.jpg','2016-09-12 21:51:17','2016-09-13 16:19:04'),(180037,180037,'Keyflower: Pig Shelter',2015,'//cf.geekdo-images.com/images/pic2587828_t.jpg','2016-09-10 03:48:38','2016-09-10 03:48:39'),(180899,180899,'Ponzi Scheme',2015,'//cf.geekdo-images.com/images/pic2599086_t.jpg','2016-09-12 21:51:15','2016-09-12 21:51:15'),(181494,181494,'CVlizations',2015,'//cf.geekdo-images.com/images/pic2690487_t.jpg','2016-09-12 21:51:10','2016-09-12 21:51:10'),(182619,182619,'M.U.L.E. The Board Game',2015,'//cf.geekdo-images.com/images/pic2634492_t.jpg','2016-09-12 21:51:15','2016-09-12 21:51:15'),(187645,187645,'Star Wars: Rebellion',2016,'//cf.geekdo-images.com/images/pic2737530_t.png','2016-09-12 21:51:45','2016-09-12 21:51:45'),(199727,199727,'Scythe: Invaders from Afar',2016,'//cf.geekdo-images.com/images/pic3037396_t.jpg','2016-09-05 18:43:25','2016-09-05 18:43:25'),(200784,200784,'Descent: Journeys in the Dark (Second Edition) – Road to Legend',2016,'//cf.geekdo-images.com/images/pic3034720_t.jpg','2016-09-12 21:51:46','2016-09-12 21:51:47'),(205059,205059,'Mansions of Madness: Second Edition',2016,'//cf.geekdo-images.com/images/pic3118622_t.jpg','2016-09-06 19:05:09','2016-09-06 19:05:10');
/*!40000 ALTER TABLE `Games` ENABLE KEYS */;
UNLOCK TABLES;

--
-- Table structure for table `Mechanics`
--

DROP TABLE IF EXISTS `Mechanics`;
/*!40101 SET @saved_cs_client     = @@character_set_client */;
/*!40101 SET character_set_client = utf8 */;
CREATE TABLE `Mechanics` (
  `id` int(11) NOT NULL AUTO_INCREMENT,
  `bgg_id` int(11) DEFAULT NULL,
  `title` varchar(255) COLLATE utf8_unicode_ci DEFAULT NULL,
  `createdAt` datetime NOT NULL,
  `updatedAt` datetime NOT NULL,
  PRIMARY KEY (`id`),
  UNIQUE KEY `mechanics_bgg_id` (`bgg_id`),
  KEY `mechanics_title` (`title`)
) ENGINE=InnoDB AUTO_INCREMENT=43 DEFAULT CHARSET=utf8 COLLATE=utf8_unicode_ci;
/*!40101 SET character_set_client = @saved_cs_client */;

--
-- Dumping data for table `Mechanics`
--

LOCK TABLES `Mechanics` WRITE;
/*!40000 ALTER TABLE `Mechanics` DISABLE KEYS */;
INSERT INTO `Mechanics` VALUES (1,2080,'Area Control / Area Influence','2016-09-05 14:14:41','2016-09-05 14:14:41'),(2,2046,'Area Movement','2016-09-05 14:14:41','2016-09-05 14:14:41'),(3,2015,'Variable Player Powers','2016-09-05 14:14:41','2016-09-05 14:14:41'),(4,2041,'Card Drafting','2016-09-05 18:46:17','2016-09-05 18:46:17'),(5,2019,'Partnerships','2016-09-05 18:46:17','2016-09-05 18:46:17'),(6,2004,'Set Collection','2016-09-05 18:46:17','2016-09-05 18:46:17'),(7,2002,'Tile Placement','2016-09-05 18:46:17','2016-09-05 18:46:17'),(8,2012,'Auction/Bidding','2016-09-05 20:14:23','2016-09-05 20:14:23'),(9,2072,'Dice Rolling','2016-09-05 20:14:23','2016-09-05 20:14:23'),(10,2040,'Hand Management','2016-09-05 20:14:23','2016-09-05 20:14:23'),(11,2020,'Simultaneous Action Selection','2016-09-05 20:14:23','2016-09-05 20:14:23'),(12,2001,'Action Point Allowance System','2016-09-05 23:18:44','2016-09-05 23:18:44'),(13,2023,'Co-operative Play','2016-09-05 23:18:44','2016-09-05 23:18:44'),(14,2011,'Modular Board','2016-09-05 23:18:44','2016-09-05 23:18:44'),(15,2007,'Pick-up and Deliver','2016-09-06 19:05:10','2016-09-06 19:05:10'),(16,2028,'Role Playing','2016-09-06 19:05:10','2016-09-06 19:05:10'),(17,2021,'Area-Impulse','2016-09-06 19:07:33','2016-09-06 19:07:33'),(18,2047,'Memory','2016-09-07 11:51:33','2016-09-07 11:51:33'),(19,2081,'Route/Network Building','2016-09-07 11:51:33','2016-09-07 11:51:33'),(20,2082,'Worker Placement','2016-09-07 11:51:33','2016-09-07 11:51:33'),(21,2676,'Grid Movement','2016-09-12 21:48:22','2016-09-12 21:48:22'),(22,2005,'Stock Holding','2016-09-12 21:48:23','2016-09-12 21:48:23'),(23,2017,'Voting','2016-09-12 21:48:23','2016-09-12 21:48:23'),(24,2686,'Take That','2016-09-12 21:48:23','2016-09-12 21:48:23'),(25,2008,'Trading','2016-09-12 21:48:23','2016-09-12 21:48:23'),(26,2664,'Deck / Pool Building','2016-09-12 21:48:24','2016-09-12 21:48:24'),(27,2009,'Trick-taking','2016-09-12 21:48:24','2016-09-12 21:48:24'),(28,2078,'Point to Point Movement','2016-09-12 21:48:24','2016-09-12 21:48:24'),(29,2018,'Campaign / Battle Card Driven','2016-09-12 21:48:24','2016-09-12 21:48:24'),(30,2079,'Variable Phase Order','2016-09-12 21:48:24','2016-09-12 21:48:24'),(31,2014,'Betting/Wagering','2016-09-12 21:48:25','2016-09-12 21:48:25'),(32,2013,'Commodity Speculation','2016-09-12 21:49:41','2016-09-12 21:49:41'),(33,2027,'Storytelling','2016-09-12 21:49:42','2016-09-12 21:49:42'),(34,2026,'Hex-and-Counter','2016-09-12 21:49:42','2016-09-12 21:49:42'),(35,2070,'Simulation','2016-09-12 21:49:42','2016-09-12 21:49:42'),(36,2035,'Roll / Spin and Move','2016-09-12 21:49:42','2016-09-12 21:49:42'),(37,2685,'Player Elimination','2016-09-12 21:50:19','2016-09-12 21:50:19'),(38,2661,'Press Your Luck','2016-09-12 21:50:24','2016-09-12 21:50:24'),(39,2016,'Secret Unit Deployment','2016-09-12 21:50:24','2016-09-12 21:50:24'),(40,2689,'Action / Movement Programming','2016-09-12 21:50:24','2016-09-12 21:50:24'),(41,2048,'Pattern Building','2016-09-12 21:51:39','2016-09-12 21:51:39'),(42,2043,'Area Enclosure','2016-09-13 16:18:42','2016-09-13 16:18:42');
/*!40000 ALTER TABLE `Mechanics` ENABLE KEYS */;
UNLOCK TABLES;

--
-- Table structure for table `Users`
--

DROP TABLE IF EXISTS `Users`;
/*!40101 SET @saved_cs_client     = @@character_set_client */;
/*!40101 SET character_set_client = utf8 */;
CREATE TABLE `Users` (
  `id` int(11) NOT NULL AUTO_INCREMENT,
  `facebook_id` bigint(20) DEFAULT NULL,
  `first_name` varchar(255) COLLATE utf8_unicode_ci DEFAULT NULL,
  `last_name` varchar(255) COLLATE utf8_unicode_ci DEFAULT NULL,
  `full_name` varchar(255) COLLATE utf8_unicode_ci DEFAULT NULL,
  `email` varchar(255) COLLATE utf8_unicode_ci DEFAULT NULL,
  `profile_pic` varchar(255) COLLATE utf8_unicode_ci DEFAULT NULL,
  `createdAt` datetime NOT NULL,
  `updatedAt` datetime NOT NULL,
  PRIMARY KEY (`id`),
  UNIQUE KEY `users_full_name` (`full_name`)
) ENGINE=InnoDB AUTO_INCREMENT=138 DEFAULT CHARSET=utf8 COLLATE=utf8_unicode_ci;
/*!40101 SET character_set_client = @saved_cs_client */;

--
-- Dumping data for table `Users`
--

LOCK TABLES `Users` WRITE;
/*!40000 ALTER TABLE `Users` DISABLE KEYS */;
INSERT INTO `Users` VALUES (1,607010648,'Josh','Wolf','Josh Wolf','josh@greenlightgo.com','http://graph.facebook.com/607010648/picture','2016-09-05 18:42:22','2016-09-05 18:42:22'),(2,NULL,'Lev','Fruchter','Lev Fruchter',NULL,NULL,'2016-09-05 23:18:19','2016-09-05 23:18:19'),(3,NULL,'Justin','Carroll','Justin Carroll',NULL,NULL,'2016-09-05 23:18:19','2016-09-05 23:18:19'),(4,NULL,'John','Squires','John Squires',NULL,NULL,'2016-09-05 23:18:19','2016-09-05 23:18:19'),(5,NULL,'Jonathan','Fried','Jonathan Fried',NULL,NULL,'2016-09-05 23:18:19','2016-09-05 23:18:19'),(6,621024146,'Jim','Crimmins','Jim Crimmins','jcrim13@gmail.com','http://graph.facebook.com/621024146/picture','2016-09-05 23:19:14','2016-09-06 19:04:55'),(7,NULL,'Evil','Aliens','Evil Aliens',NULL,NULL,'2016-09-05 23:19:14','2016-09-05 23:19:14'),(8,NULL,'Matt','Lanaro','Matt Lanaro',NULL,NULL,'2016-09-06 19:06:30','2016-09-06 19:06:30'),(9,NULL,'Dave','Stepehns','Dave Stepehns',NULL,NULL,'2016-09-06 19:06:30','2016-09-06 19:06:30'),(10,NULL,'Ilan','','Ilan',NULL,NULL,'2016-09-06 19:06:30','2016-09-06 19:06:30'),(11,NULL,'Creatures','Deep','Creatures from the Briny Deep',NULL,NULL,'2016-09-06 19:06:30','2016-09-06 19:06:30'),(12,NULL,'Spencer','Sloe','Spencer Sloe',NULL,NULL,'2016-09-07 11:55:20','2016-09-07 11:55:20'),(13,NULL,'Mikael','Sheikh','Mikael Sheikh',NULL,NULL,'2016-09-07 11:55:20','2016-09-07 11:55:20'),(14,1127311247,'Mac','Guffin','Mac Guffin','akuta@greenlightgo.com','http://graph.facebook.com/1127311247/picture','2016-09-13 20:42:02','2016-09-14 11:58:25'),(15,NULL,'Josie','Fried','Josie Fried',NULL,NULL,'2016-09-13 20:42:03','2016-09-13 20:42:03'),(19,NULL,'Nathaniel','Merchant','Nathaniel Merchant',NULL,NULL,'2016-09-13 20:42:03','2016-09-13 20:42:03'),(20,NULL,'Steven','Kreps','Steven Kreps',NULL,NULL,'2016-09-13 20:42:03','2016-09-13 20:42:03'),(21,NULL,'Patrick','Lambert','Patrick Lambert',NULL,NULL,'2016-09-13 20:42:03','2016-09-13 20:42:03'),(22,NULL,'Shrey','','Shrey',NULL,NULL,'2016-09-13 20:42:03','2016-09-13 20:42:03'),(23,NULL,'Andrew','Young','Andrew Young',NULL,NULL,'2016-09-13 20:42:03','2016-09-13 20:42:03'),(24,NULL,'Dan','','Dan',NULL,NULL,'2016-09-13 20:42:03','2016-09-13 20:42:03'),(25,NULL,'Saul','Kaiserman','Saul Kaiserman',NULL,NULL,'2016-09-13 20:42:04','2016-09-13 20:42:04'),(26,NULL,'Avi','Fisher','Avi Fisher',NULL,NULL,'2016-09-13 20:42:04','2016-09-13 20:42:04'),(27,NULL,'George','Janes','George Janes',NULL,NULL,'2016-09-13 20:42:04','2016-09-13 20:42:04'),(28,NULL,'David','Milch','David Milch',NULL,NULL,'2016-09-13 20:42:04','2016-09-13 20:42:04'),(29,NULL,'Jory','','Jory',NULL,NULL,'2016-09-13 20:42:04','2016-09-13 20:42:04'),(30,NULL,'Avi','Weider','Avi Zev Weider',NULL,NULL,'2016-09-13 20:42:06','2016-09-13 20:42:06'),(31,NULL,'Xenomorphs','','Xenomorphs',NULL,NULL,'2016-09-13 20:42:06','2016-09-13 20:42:06'),(32,NULL,'Yossi','','Yossi',NULL,NULL,'2016-09-13 20:42:07','2016-09-13 20:42:07'),(33,NULL,'Chef','Dave','Chef Dave',NULL,NULL,'2016-09-13 20:42:07','2016-09-13 20:42:07'),(34,NULL,'Oded','','Oded',NULL,NULL,'2016-09-13 20:42:07','2016-09-13 20:42:07'),(35,NULL,'Shreyank','','Shreyank',NULL,NULL,'2016-09-13 20:42:07','2016-09-13 20:42:07'),(38,NULL,'Kaleb','Pomeroy','Kaleb Pomeroy',NULL,NULL,'2016-09-13 20:45:08','2016-09-13 20:45:08'),(39,NULL,'Jay','Volk','Jay Volk',NULL,NULL,'2016-09-13 20:45:08','2016-09-13 20:45:08'),(40,NULL,'Michael','Miler','Michael Miler',NULL,NULL,'2016-09-13 20:45:08','2016-09-13 20:45:08'),(41,NULL,'Gary','Cooper','Gary Cooper',NULL,NULL,'2016-09-13 20:45:08','2016-09-13 20:45:08'),(42,NULL,'Red','Skull','Red Skull',NULL,NULL,'2016-09-13 20:45:08','2016-09-13 20:45:08'),(45,NULL,'Susan','Bennett','Susan Bennett',NULL,NULL,'2016-09-13 20:45:09','2016-09-13 20:45:09'),(46,NULL,'Xenomorph','','Xenomorph',NULL,NULL,'2016-09-13 20:45:09','2016-09-13 20:45:09'),(47,NULL,'Christoph','Ruepprich','Christoph Ruepprich',NULL,NULL,'2016-09-13 20:45:09','2016-09-13 20:45:09'),(49,NULL,'The','Damn Game','The Damn Game',NULL,NULL,'2016-09-13 20:45:10','2016-09-13 20:45:10'),(50,NULL,'Tony','Farrand','Tony Farrand',NULL,NULL,'2016-09-13 20:45:10','2016-09-13 20:45:10'),(51,NULL,'Scott','Kimball','Scott Kimball',NULL,NULL,'2016-09-13 20:45:10','2016-09-13 20:45:10'),(52,NULL,'Karin','Karg','Karin Karg',NULL,NULL,'2016-09-13 20:45:10','2016-09-13 20:45:10'),(53,NULL,'Yoni','','Yoni',NULL,NULL,'2016-09-13 20:45:11','2016-09-13 20:45:11'),(54,NULL,'Ariel','','Ariel',NULL,NULL,'2016-09-13 20:45:11','2016-09-13 20:45:11'),(55,NULL,'Jane','Crimmins','Jane Diczok Crimmins',NULL,NULL,'2016-09-13 20:45:11','2016-09-13 20:45:11'),(56,NULL,'Stephanie','Kuster','Stephanie Kuster',NULL,NULL,'2016-09-13 20:45:11','2016-09-13 20:45:11'),(57,NULL,'Dan','Kuster','Dan Kuster',NULL,NULL,'2016-09-13 20:45:11','2016-09-13 20:45:11'),(58,NULL,'Asher','Diamant','Asher Diamant',NULL,NULL,'2016-09-13 20:45:12','2016-09-13 20:45:12'),(59,NULL,'Patrick','Twitchell','Patrick Twitchell',NULL,NULL,'2016-09-13 20:45:12','2016-09-13 20:45:12'),(60,NULL,'Maddy','Fried','Maddy Fried',NULL,NULL,'2016-09-13 20:45:13','2016-09-13 20:45:13'),(61,NULL,'Jason','Reid','Jason Reid',NULL,NULL,'2016-09-13 20:45:14','2016-09-13 20:45:14'),(62,NULL,'Lev','','Lev',NULL,NULL,'2016-09-13 20:45:15','2016-09-13 20:45:15'),(63,NULL,'Ari','','Ari',NULL,NULL,'2016-09-13 20:45:15','2016-09-13 20:45:15'),(64,NULL,'Bill','Podurgiel','Bill Podurgiel',NULL,NULL,'2016-09-13 20:45:16','2016-09-13 20:45:16'),(65,NULL,'Patrick','T','Patrick T',NULL,NULL,'2016-09-13 20:45:17','2016-09-13 20:45:17'),(66,NULL,'Andy','','Andy',NULL,NULL,'2016-09-13 20:45:17','2016-09-13 20:45:17'),(67,NULL,'Donna','','Donna',NULL,NULL,'2016-09-13 20:45:17','2016-09-13 20:45:17'),(68,NULL,'Patrick','Twitchel','Patrick Twitchel',NULL,NULL,'2016-09-13 20:45:17','2016-09-13 20:45:17'),(69,NULL,'Paul','M.','Paul M. ',NULL,NULL,'2016-09-13 20:45:17','2016-09-13 20:45:17'),(70,NULL,'Aliens','','Aliens',NULL,NULL,'2016-09-13 20:45:18','2016-09-13 20:45:18'),(71,NULL,'Dave','','Dave',NULL,NULL,'2016-09-13 20:45:19','2016-09-13 20:45:19'),(72,NULL,'Elan','','Elan',NULL,NULL,'2016-09-13 20:45:19','2016-09-13 20:45:19'),(73,NULL,'Mike','','Mike',NULL,NULL,'2016-09-13 20:45:19','2016-09-13 20:45:19'),(74,NULL,'Karin','K','Karin K',NULL,NULL,'2016-09-13 20:45:19','2016-09-13 20:45:19'),(75,NULL,'Brain','Eating Zombie Hordes','Brain Eating Zombie Hordes',NULL,NULL,'2016-09-13 20:45:19','2016-09-13 20:45:19'),(76,NULL,'Steve','Nix','Steve Nix',NULL,NULL,'2016-09-13 20:45:20','2016-09-13 20:45:20'),(77,NULL,'Chase','van Epps','Chase van Epps',NULL,NULL,'2016-09-13 20:45:20','2016-09-13 20:45:20'),(78,NULL,'David','P','David P',NULL,NULL,'2016-09-13 20:45:20','2016-09-13 20:45:20'),(79,NULL,'Phillip','Millman','Phillip Millman',NULL,NULL,'2016-09-13 20:45:20','2016-09-13 20:45:20'),(80,NULL,'Kevin','Street','Kevin Street',NULL,NULL,'2016-09-13 20:45:21','2016-09-13 20:45:21'),(81,NULL,'Christian','Shelton','Christian Shelton',NULL,NULL,'2016-09-13 20:45:21','2016-09-13 20:45:21'),(82,NULL,'Peter','Kageyama','Peter Kageyama  ',NULL,NULL,'2016-09-13 20:45:21','2016-09-13 20:45:21'),(83,NULL,'Jessica','Brown','Jessica Brown',NULL,NULL,'2016-09-13 20:45:21','2016-09-13 20:45:21'),(84,NULL,'Robert','Rossney','Robert Rossney',NULL,NULL,'2016-09-13 20:45:21','2016-09-13 20:45:21'),(85,NULL,'Stephen','Aslett','Stephen Aslett',NULL,NULL,'2016-09-13 20:45:21','2016-09-13 20:45:21'),(86,NULL,'Mario','Polito','Mario Polito',NULL,NULL,'2016-09-13 20:45:21','2016-09-13 20:45:21'),(87,NULL,'Chase','Williams','Chase Williams',NULL,NULL,'2016-09-13 20:45:21','2016-09-13 20:45:21'),(88,NULL,'Yossi','Dvora','Yossi Dvora',NULL,NULL,'2016-09-13 20:45:22','2016-09-13 20:45:22'),(89,NULL,'Oliver','Squires','Oliver Squires',NULL,NULL,'2016-09-13 20:45:22','2016-09-13 20:45:22'),(90,NULL,'Samantha','Storey','Samantha Storey',NULL,NULL,'2016-09-13 20:45:22','2016-09-13 20:45:22'),(91,NULL,'Nasty','Diseases Round 1','Nasty Diseases Round 1',NULL,NULL,'2016-09-13 20:45:22','2016-09-13 20:45:22'),(92,NULL,'Marc','','Marc',NULL,NULL,'2016-09-13 20:45:23','2016-09-13 20:45:23'),(93,NULL,'Andrea','','Andrea',NULL,NULL,'2016-09-13 20:45:23','2016-09-13 20:45:23'),(94,NULL,'Scott','Muldoon','Scott Muldoon',NULL,NULL,'2016-09-13 20:45:23','2016-09-13 20:45:23'),(95,NULL,'Steven','Mitchell','Steven Mitchell',NULL,NULL,'2016-09-13 20:45:23','2016-09-13 20:45:23'),(96,NULL,'Chad','','Chad',NULL,NULL,'2016-09-13 20:45:24','2016-09-13 20:45:24'),(97,NULL,'Dave','S','Dave S',NULL,NULL,'2016-09-13 20:45:24','2016-09-13 20:45:24'),(98,NULL,'Germans','','Germans',NULL,NULL,'2016-09-13 20:45:24','2016-09-13 20:45:24'),(99,NULL,'Dan','S','Dan S',NULL,NULL,'2016-09-13 20:45:24','2016-09-13 20:45:24'),(100,NULL,'Rob','Mcintosh','Rob Mcintosh',NULL,NULL,'2016-09-13 20:45:25','2016-09-13 20:45:25'),(101,NULL,'Col','Petr Chernov','Col Petr Chernov',NULL,NULL,'2016-09-13 20:45:26','2016-09-13 20:45:26'),(102,NULL,'Dave','Stephens','Dave Stephens',NULL,NULL,'2016-09-13 20:45:27','2016-09-13 20:45:27'),(103,NULL,'Robert','Bruce McIntosh','Robert Bruce McIntosh ',NULL,NULL,'2016-09-13 20:45:28','2016-09-13 20:45:28'),(104,NULL,'Awful','Space Things','Awful Space Things',NULL,NULL,'2016-09-13 20:45:30','2016-09-13 20:45:30'),(105,NULL,'Morgan','Dontanville','Morgan Dontanville',NULL,NULL,'2016-09-13 20:45:31','2016-09-13 20:45:31'),(106,NULL,'Travis','Dale','Travis Dale',NULL,NULL,'2016-09-13 20:45:31','2016-09-13 20:45:31'),(107,NULL,'Evil','beasties','Evil beasties ',NULL,NULL,'2016-09-13 20:45:31','2016-09-13 20:45:31'),(108,NULL,'Zeva','Kaiserman','Zeva Kaiserman',NULL,NULL,'2016-09-13 20:45:31','2016-09-13 20:45:31'),(109,NULL,'Azathoh','','Azathoh',NULL,NULL,'2016-09-13 20:45:31','2016-09-13 20:45:31'),(110,NULL,'Nasty','Diseases','Nasty Diseases',NULL,NULL,'2016-09-13 20:45:32','2016-09-13 20:45:32'),(111,NULL,'Soviet','T34a\'s','Soviet T34a\'s',NULL,NULL,'2016-09-13 20:45:33','2016-09-13 20:45:33'),(112,NULL,'Tomer','','Tomer',NULL,NULL,'2016-09-13 20:45:33','2016-09-13 20:45:33'),(113,NULL,'Andrea','Lanaro','Andrea Lanaro',NULL,NULL,'2016-09-13 20:45:33','2016-09-13 20:45:33'),(114,NULL,'Harlene','Katzman','Harlene Katzman',NULL,NULL,'2016-09-13 20:45:33','2016-09-13 20:45:33'),(115,NULL,'Automa','','Automa',NULL,NULL,'2016-09-13 20:45:34','2016-09-13 20:45:34'),(116,NULL,'Abomination','- Giant','Abomination - Giant',NULL,NULL,'2016-09-13 20:45:34','2016-09-13 20:45:34'),(117,NULL,'Soviet','AI','Soviet AI',NULL,NULL,'2016-09-13 20:45:34','2016-09-13 20:45:34'),(118,NULL,'Robert','McIntosh','Robert McIntosh',NULL,NULL,'2016-09-13 20:45:35','2016-09-13 20:45:35'),(119,NULL,'Matt','Lanarao','Matt Lanarao',NULL,NULL,'2016-09-13 20:45:35','2016-09-13 20:45:35'),(120,NULL,'Nasty','Diseases - May Edition','Nasty Diseases - May Edition',NULL,NULL,'2016-09-13 20:45:35','2016-09-13 20:45:35'),(121,NULL,'Michael','Dardia','Michael Dardia',NULL,NULL,'2016-09-13 20:45:36','2016-09-13 20:45:36'),(123,NULL,'Nasty','Diseases - June Edition','Nasty Diseases - June Edition',NULL,NULL,'2016-09-13 20:45:36','2016-09-13 20:45:36'),(124,NULL,'Nasty','Diseases - July Edition','Nasty Diseases - July Edition',NULL,NULL,'2016-09-13 20:45:36','2016-09-13 20:45:36'),(125,NULL,'Nasty','Diseases - July/August Editions','Nasty Diseases - July/August Editions',NULL,NULL,'2016-09-13 20:45:36','2016-09-13 20:45:36'),(126,NULL,'Nasty','Diseases???','Nasty Diseases??? ',NULL,NULL,'2016-09-13 20:45:37','2016-09-13 20:45:37'),(127,NULL,'Nasty','Diseases - Sept/October Editions','Nasty Diseases - Sept/October Editions',NULL,NULL,'2016-09-13 20:45:37','2016-09-13 20:45:37'),(128,NULL,'Nasty','Diseases - November edition','Nasty Diseases - November edition',NULL,NULL,'2016-09-13 20:45:37','2016-09-13 20:45:37'),(129,NULL,'Karin','Kimball','Karin Kimball',NULL,NULL,'2016-09-13 20:46:34','2016-09-13 20:46:34'),(132,NULL,'William','Raynovich','William Raynovich',NULL,NULL,'2016-09-13 20:46:39','2016-09-13 20:46:39'),(133,NULL,'Adam','Baig','Adam Baig',NULL,NULL,'2016-09-13 20:46:39','2016-09-13 20:46:39'),(134,NULL,'William','Nichols','William Nichols',NULL,NULL,'2016-09-13 20:46:39','2016-09-13 20:46:39'),(135,NULL,'John','Munsch','John Munsch',NULL,NULL,'2016-09-13 20:46:39','2016-09-13 20:46:39'),(136,NULL,'Rick','Smith','Rick Smith',NULL,NULL,'2016-09-13 20:46:39','2016-09-13 20:46:39'),(137,NULL,'Merriod','Lair - side quest','Merriod Lair - side quest',NULL,NULL,'2016-09-13 20:46:58','2016-09-13 20:46:58');
/*!40000 ALTER TABLE `Users` ENABLE KEYS */;
UNLOCK TABLES;
/*!40103 SET TIME_ZONE=@OLD_TIME_ZONE */;

/*!40101 SET SQL_MODE=@OLD_SQL_MODE */;
/*!40014 SET FOREIGN_KEY_CHECKS=@OLD_FOREIGN_KEY_CHECKS */;
/*!40014 SET UNIQUE_CHECKS=@OLD_UNIQUE_CHECKS */;
/*!40101 SET CHARACTER_SET_CLIENT=@OLD_CHARACTER_SET_CLIENT */;
/*!40101 SET CHARACTER_SET_RESULTS=@OLD_CHARACTER_SET_RESULTS */;
/*!40101 SET COLLATION_CONNECTION=@OLD_COLLATION_CONNECTION */;
/*!40111 SET SQL_NOTES=@OLD_SQL_NOTES */;

-- Dump completed on 2016-09-14 10:14:37
