-- MySQL dump 10.13  Distrib 5.7.9, for osx10.11 (x86_64)
--
-- Host: uoa25ublaow4obx5.cbetxkdyhwsb.us-east-1.rds.amazonaws.com    Database: pfsq7aisyahtfba1
-- ------------------------------------------------------
-- Server version	5.7.11-log

/*!40101 SET @OLD_CHARACTER_SET_CLIENT=@@CHARACTER_SET_CLIENT */;
/*!40101 SET @OLD_CHARACTER_SET_RESULTS=@@CHARACTER_SET_RESULTS */;
/*!40101 SET @OLD_COLLATION_CONNECTION=@@COLLATION_CONNECTION */;
/*!40101 SET NAMES utf8 */;
/*!40103 SET @OLD_TIME_ZONE=@@TIME_ZONE */;
/*!40103 SET TIME_ZONE='+00:00' */;
/*!40014 SET @OLD_UNIQUE_CHECKS=@@UNIQUE_CHECKS, UNIQUE_CHECKS=0 */;
/*!40014 SET @OLD_FOREIGN_KEY_CHECKS=@@FOREIGN_KEY_CHECKS, FOREIGN_KEY_CHECKS=0 */;
/*!40101 SET @OLD_SQL_MODE=@@SQL_MODE, SQL_MODE='NO_AUTO_VALUE_ON_ZERO' */;
/*!40111 SET @OLD_SQL_NOTES=@@SQL_NOTES, SQL_NOTES=0 */;

--
-- Table structure for table `Categories`
--

DROP TABLE IF EXISTS `Categories`;
/*!40101 SET @saved_cs_client     = @@character_set_client */;
/*!40101 SET character_set_client = utf8 */;
CREATE TABLE `Categories` (
  `id` int(11) NOT NULL AUTO_INCREMENT,
  `bgg_id` int(11) DEFAULT NULL,
  `title` varchar(255) COLLATE utf8_unicode_ci DEFAULT NULL,
  `createdAt` datetime NOT NULL,
  `updatedAt` datetime NOT NULL,
  PRIMARY KEY (`id`),
  UNIQUE KEY `categories_bgg_id` (`bgg_id`),
  KEY `categories_title` (`title`)
) ENGINE=InnoDB AUTO_INCREMENT=61 DEFAULT CHARSET=utf8 COLLATE=utf8_unicode_ci;
/*!40101 SET character_set_client = @saved_cs_client */;

--
-- Dumping data for table `Categories`
--

LOCK TABLES `Categories` WRITE;
/*!40000 ALTER TABLE `Categories` DISABLE KEYS */;
INSERT INTO `Categories` VALUES (1,1021,'Economic','2016-09-05 14:14:41','2016-09-05 14:14:41'),(2,1086,'Territory Building','2016-09-05 14:14:41','2016-09-05 14:14:41'),(3,1013,'Farming','2016-09-05 14:14:41','2016-09-05 14:14:41'),(4,1019,'Wargame','2016-09-05 18:43:25','2016-09-05 18:43:25'),(5,1029,'City Building','2016-09-05 18:46:17','2016-09-05 18:46:17'),(6,1026,'Negotiation','2016-09-05 18:46:17','2016-09-05 18:46:17'),(7,1001,'Political','2016-09-05 20:14:23','2016-09-05 20:14:23'),(8,1022,'Adventure','2016-09-05 23:18:44','2016-09-05 23:18:44'),(9,1017,'Dice','2016-09-05 23:18:44','2016-09-05 23:18:44'),(10,1046,'Fighting','2016-09-05 23:18:44','2016-09-05 23:18:44'),(11,1047,'Miniatures','2016-09-05 23:18:44','2016-09-05 23:18:44'),(12,1016,'Science Fiction','2016-09-05 23:18:44','2016-09-05 23:18:44'),(13,1113,'Space Exploration','2016-09-05 23:18:44','2016-09-05 23:18:44'),(14,1020,'Exploration','2016-09-06 19:05:10','2016-09-06 19:05:10'),(15,1010,'Fantasy','2016-09-06 19:05:10','2016-09-06 19:05:10'),(16,1024,'Horror','2016-09-06 19:05:10','2016-09-06 19:05:10'),(17,1040,'Murder/Mystery','2016-09-06 19:05:10','2016-09-06 19:05:10'),(18,1028,'Puzzle','2016-09-06 19:05:10','2016-09-06 19:05:10'),(19,1049,'World War II','2016-09-06 19:07:33','2016-09-06 19:07:33'),(20,1008,'Nautical','2016-09-07 11:51:33','2016-09-07 11:51:33'),(21,1070,'Renaissance','2016-09-07 11:51:33','2016-09-07 11:51:33'),(22,1035,'Medieval','2016-09-10 03:48:39','2016-09-10 03:48:39'),(23,1042,'Expansion for Base-game','2016-09-10 03:48:39','2016-09-10 03:48:39'),(24,1034,'Trains','2016-09-12 21:48:22','2016-09-12 21:48:22'),(25,1088,'Industry / Manufacturing','2016-09-12 21:48:22','2016-09-12 21:48:22'),(26,1015,'Civilization','2016-09-12 21:48:22','2016-09-12 21:48:22'),(27,1011,'Transportation','2016-09-12 21:48:23','2016-09-12 21:48:23'),(28,1002,'Card Game','2016-09-12 21:48:23','2016-09-12 21:48:23'),(29,1064,'Movies / TV / Radio theme','2016-09-12 21:48:23','2016-09-12 21:48:23'),(30,1097,'Travel','2016-09-12 21:48:23','2016-09-12 21:48:23'),(31,1050,'Ancient','2016-09-12 21:48:24','2016-09-12 21:48:24'),(32,1116,'Comic Book / Strip','2016-09-12 21:48:24','2016-09-12 21:48:24'),(33,1094,'Educational','2016-09-12 21:48:24','2016-09-12 21:48:24'),(34,1093,'Novel-based','2016-09-12 21:48:24','2016-09-12 21:48:24'),(35,2481,'Zombies','2016-09-12 21:48:24','2016-09-12 21:48:24'),(36,1081,'Spies/Secret Agents','2016-09-12 21:48:24','2016-09-12 21:48:24'),(37,1023,'Bluffing','2016-09-12 21:48:24','2016-09-12 21:48:24'),(38,1065,'World War I','2016-09-12 21:48:24','2016-09-12 21:48:24'),(39,1115,'Religious','2016-09-12 21:49:25','2016-09-12 21:49:25'),(40,1082,'Mythology','2016-09-12 21:49:40','2016-09-12 21:49:40'),(41,2725,'Pike and Shot','2016-09-12 21:49:42','2016-09-12 21:49:42'),(42,1039,'Deduction','2016-09-12 21:50:19','2016-09-12 21:50:19'),(43,1051,'Napoleonic','2016-09-12 21:50:20','2016-09-12 21:50:20'),(44,1084,'Environmental','2016-09-12 21:50:20','2016-09-12 21:50:20'),(45,2726,'Age of Reason','2016-09-12 21:50:24','2016-09-12 21:50:24'),(46,1089,'Animals','2016-09-12 21:50:24','2016-09-12 21:50:24'),(47,1036,'Prehistoric','2016-09-12 21:50:24','2016-09-12 21:50:24'),(48,1120,'Print & Play','2016-09-12 21:50:24','2016-09-12 21:50:24'),(49,1098,'Number','2016-09-12 21:50:24','2016-09-12 21:50:24'),(50,1079,'Humor','2016-09-12 21:50:24','2016-09-12 21:50:24'),(51,1101,'Video Game Theme','2016-09-12 21:51:15','2016-09-12 21:51:15'),(52,2145,'Medical','2016-09-12 21:51:16','2016-09-12 21:51:16'),(53,1037,'Real-time','2016-09-12 21:51:46','2016-09-12 21:51:46'),(54,1072,'Electronic','2016-09-12 21:51:47','2016-09-12 21:51:47'),(55,1119,'Game System','2016-09-12 21:51:47','2016-09-12 21:51:47'),(56,1032,'Action / Dexterity','2016-09-13 16:17:35','2016-09-13 16:17:35'),(57,1055,'American West','2016-09-13 16:17:37','2016-09-13 16:17:37'),(58,1069,'Modern Warfare','2016-09-13 16:18:40','2016-09-13 16:18:40'),(59,1090,'Pirates','2016-09-13 16:18:42','2016-09-13 16:18:42'),(60,1009,'Abstract Strategy','2016-09-13 16:18:42','2016-09-13 16:18:42');
/*!40000 ALTER TABLE `Categories` ENABLE KEYS */;
UNLOCK TABLES;

--
-- Table structure for table `Designers`
--

DROP TABLE IF EXISTS `Designers`;
/*!40101 SET @saved_cs_client     = @@character_set_client */;
/*!40101 SET character_set_client = utf8 */;
CREATE TABLE `Designers` (
  `id` int(11) NOT NULL AUTO_INCREMENT,
  `bgg_id` int(11) DEFAULT NULL,
  `name` varchar(255) COLLATE utf8_unicode_ci DEFAULT NULL,
  `createdAt` datetime NOT NULL,
  `updatedAt` datetime NOT NULL,
  PRIMARY KEY (`id`),
  UNIQUE KEY `designers_bgg_id` (`bgg_id`),
  KEY `designers_name` (`name`)
) ENGINE=InnoDB AUTO_INCREMENT=156 DEFAULT CHARSET=utf8 COLLATE=utf8_unicode_ci;
/*!40101 SET character_set_client = @saved_cs_client */;

--
-- Dumping data for table `Designers`
--

LOCK TABLES `Designers` WRITE;
/*!40000 ALTER TABLE `Designers` DISABLE KEYS */;
INSERT INTO `Designers` VALUES (1,62640,'Jamey Stegmaier','2016-09-05 14:14:41','2016-09-05 14:14:41'),(2,65581,'Matthew O\'Malley','2016-09-05 18:46:17','2016-09-05 18:46:17'),(3,71006,'Morten Monrad Pedersen','2016-09-05 18:46:17','2016-09-05 18:46:17'),(4,60749,'Ben Rosset','2016-09-05 18:46:17','2016-09-05 18:46:17'),(5,1,'Karl-Heinz Schmiel','2016-09-05 20:14:23','2016-09-05 20:14:23'),(6,32996,'Dan Raspler','2016-09-05 23:18:44','2016-09-05 23:18:44'),(7,60342,'Al Rose','2016-09-05 23:18:44','2016-09-05 23:18:44'),(8,69718,'Nikki Valens','2016-09-06 19:05:10','2016-09-06 19:05:10'),(9,352,'James Stahler','2016-09-06 19:07:33','2016-09-06 19:07:33'),(10,76,'Don Greenwood','2016-09-06 19:07:33','2016-09-06 19:07:33'),(11,7448,'Sebastian Bleasdale','2016-09-07 11:51:33','2016-09-07 11:51:33'),(12,134,'Richard Breese','2016-09-07 11:51:33','2016-09-07 11:51:33'),(13,2748,'Helmut Ohley','2016-09-12 21:48:22','2016-09-12 21:48:22'),(14,1828,'Leonhard \"Lonny\" Orgler','2016-09-12 21:48:22','2016-09-12 21:48:22'),(15,27465,'Eric Zimmerman','2016-09-12 21:48:23','2016-09-12 21:48:23'),(16,12246,'Tim Harrison','2016-09-12 21:48:23','2016-09-12 21:48:23'),(17,37300,'Rustan Håkansson','2016-09-12 21:48:23','2016-09-12 21:48:23'),(18,60882,'Nina Håkansson','2016-09-12 21:48:23','2016-09-12 21:48:23'),(19,60883,'Einar Rosén','2016-09-12 21:48:23','2016-09-12 21:48:23'),(20,60884,'Robert Rosén','2016-09-12 21:48:23','2016-09-12 21:48:23'),(21,551,'Ralf Burkert','2016-09-12 21:48:23','2016-09-12 21:48:23'),(22,6,'Martin Wallace','2016-09-12 21:48:23','2016-09-12 21:48:23'),(23,62674,'Aaron Dill','2016-09-12 21:48:24','2016-09-12 21:48:24'),(24,62672,'John Kovaleski','2016-09-12 21:48:24','2016-09-12 21:48:24'),(25,62673,'Sean Sweigart','2016-09-12 21:48:24','2016-09-12 21:48:24'),(26,68718,'Aaron Haag','2016-09-12 21:48:24','2016-09-12 21:48:24'),(27,774,'Matt Hyra','2016-09-12 21:48:24','2016-09-12 21:48:24'),(28,58799,'Ben Stoll','2016-09-12 21:48:24','2016-09-12 21:48:24'),(29,789,'Vlaada Chvátil','2016-09-12 21:48:24','2016-09-12 21:48:24'),(30,59220,'Brent Povis','2016-09-12 21:48:24','2016-09-12 21:48:24'),(31,132,'Günter Cornett','2016-09-12 21:48:24','2016-09-12 21:48:24'),(32,46810,'Nuno Bizarro Sentieiro','2016-09-12 21:48:24','2016-09-12 21:48:24'),(33,46809,'Paulo Soledade','2016-09-12 21:48:24','2016-09-12 21:48:24'),(34,10917,'Scott W. Leibbrandt','2016-09-12 21:48:24','2016-09-12 21:48:24'),(35,69130,'Etienne Espreman','2016-09-12 21:48:24','2016-09-12 21:48:24'),(36,10,'Uwe Rosenberg','2016-09-12 21:48:24','2016-09-12 21:48:24'),(37,4958,'Stefan Feld','2016-09-12 21:48:25','2016-09-12 21:48:25'),(38,270,'Jeroen Doumen','2016-09-12 21:48:25','2016-09-12 21:48:25'),(39,407,'Joris Wiersinga','2016-09-12 21:48:25','2016-09-12 21:48:25'),(40,9338,'Harry Wu','2016-09-12 21:49:25','2016-09-12 21:49:25'),(41,51251,'Martin Kallenborn','2016-09-12 21:49:40','2016-09-12 21:49:40'),(42,10246,'Matthias Prinz','2016-09-12 21:49:40','2016-09-12 21:49:40'),(43,11854,'Ryan Laukat','2016-09-12 21:49:40','2016-09-12 21:49:40'),(44,9580,'John Clowdus','2016-09-12 21:49:40','2016-09-12 21:49:40'),(45,11312,'Xavier Georges','2016-09-12 21:49:40','2016-09-12 21:49:40'),(46,38335,'Sébastien Dujardin','2016-09-12 21:49:40','2016-09-12 21:49:40'),(47,7369,'Alain Orban','2016-09-12 21:49:40','2016-09-12 21:49:40'),(48,6940,'Inka Brand','2016-09-12 21:49:41','2016-09-12 21:49:41'),(49,6941,'Markus Brand','2016-09-12 21:49:41','2016-09-12 21:49:41'),(50,36921,'Brady Sadler','2016-09-12 21:49:41','2016-09-12 21:49:41'),(51,3526,'Carl de Visser','2016-09-12 21:49:41','2016-09-12 21:49:41'),(52,9733,'Jarratt Gray','2016-09-12 21:49:41','2016-09-12 21:49:41'),(53,4300,'Jens Drögemüller','2016-09-12 21:49:41','2016-09-12 21:49:41'),(54,4407,'Helge Ostertag','2016-09-12 21:49:41','2016-09-12 21:49:41'),(55,12924,'Daniel Berger (I)','2016-09-12 21:49:41','2016-09-12 21:49:41'),(56,2,'Reiner Knizia','2016-09-12 21:49:41','2016-09-12 21:49:41'),(57,597,'Peter Neugebauer','2016-09-12 21:49:41','2016-09-12 21:49:41'),(58,6045,'Mac Gerdts','2016-09-12 21:49:41','2016-09-12 21:49:41'),(59,12679,'Jonathan Gilmour','2016-09-12 21:49:42','2016-09-12 21:49:42'),(60,65023,'Isaac Vega','2016-09-12 21:49:42','2016-09-12 21:49:42'),(61,11555,'Wei-Hwa Huang','2016-09-12 21:49:42','2016-09-12 21:49:42'),(62,150,'Thomas Lehmann','2016-09-12 21:49:42','2016-09-12 21:49:42'),(63,5585,'Charlie Catino','2016-09-12 21:49:42','2016-09-12 21:49:42'),(64,65291,'Steven Kimball','2016-09-12 21:49:42','2016-09-12 21:49:42'),(65,1397,'Ben Hull','2016-09-12 21:49:42','2016-09-12 21:49:42'),(66,25,'Richard Borg','2016-09-12 21:49:42','2016-09-12 21:49:42'),(67,11257,'Robert A. Kouba','2016-09-12 21:49:42','2016-09-12 21:49:42'),(68,5816,'Devin Low','2016-09-12 21:49:42','2016-09-12 21:49:42'),(69,2118,'Stephen Glenn','2016-09-12 21:49:42','2016-09-12 21:49:42'),(70,6651,'Corey Konieczka','2016-09-12 21:49:43','2016-09-12 21:49:43'),(71,50969,'Marc André','2016-09-12 21:50:19','2016-09-12 21:50:19'),(72,64108,'Rikki Tahta','2016-09-12 21:50:19','2016-09-12 21:50:19'),(73,644,'Luke Peterschmidt','2016-09-12 21:50:19','2016-09-12 21:50:19'),(74,141,'Friedemann Friese','2016-09-12 21:50:19','2016-09-12 21:50:19'),(75,75718,'Matúš Kotry','2016-09-12 21:50:20','2016-09-12 21:50:20'),(76,62641,'Alan Stone','2016-09-12 21:50:20','2016-09-12 21:50:20'),(77,12396,'Vital Lacerda','2016-09-12 21:50:20','2016-09-12 21:50:20'),(78,34699,'Matthias Cramer','2016-09-12 21:50:24','2016-09-12 21:50:24'),(79,54146,'Louis Malz','2016-09-12 21:50:24','2016-09-12 21:50:24'),(80,54147,'Stefan Malz','2016-09-12 21:50:24','2016-09-12 21:50:24'),(81,3245,'Dominic Crapuchettes','2016-09-12 21:50:24','2016-09-12 21:50:24'),(82,39262,'Dmitry Knorre','2016-09-12 21:50:24','2016-09-12 21:50:24'),(83,9247,'Sergey Machin','2016-09-12 21:50:24','2016-09-12 21:50:24'),(84,6001,'Carl Chudyk','2016-09-12 21:50:24','2016-09-12 21:50:24'),(85,7011,'Chris Cieslik','2016-09-12 21:50:24','2016-09-12 21:50:24'),(86,381,'Rüdiger Dorn','2016-09-12 21:50:24','2016-09-12 21:50:24'),(87,4735,'Ignacy Trzewiczek','2016-09-12 21:50:25','2016-09-12 21:50:25'),(88,12582,'Gil d\'Orey','2016-09-12 21:50:25','2016-09-12 21:50:25'),(89,48170,'Marco Pranzo','2016-09-12 21:50:25','2016-09-12 21:50:25'),(90,72460,'Justin Kemppainen','2016-09-12 21:51:10','2016-09-12 21:51:10'),(91,78796,'Jonathan Ying','2016-09-12 21:51:10','2016-09-12 21:51:10'),(92,1495,'Jerry Taylor','2016-09-12 21:51:10','2016-09-12 21:51:10'),(93,64,'Tom Dalgliesh','2016-09-12 21:51:10','2016-09-12 21:51:10'),(94,1533,'Eric M. Lang','2016-09-12 21:51:10','2016-09-12 21:51:10'),(95,11119,'Carl Paradis','2016-09-12 21:51:10','2016-09-12 21:51:10'),(96,78425,'Jan Zalewski','2016-09-12 21:51:10','2016-09-12 21:51:10'),(97,43650,'Dirk Knemeyer','2016-09-12 21:51:15','2016-09-12 21:51:15'),(98,152,'Mark Herman','2016-09-12 21:51:15','2016-09-12 21:51:15'),(99,9,'Alan R. Moon','2016-09-12 21:51:15','2016-09-12 21:51:15'),(100,235,'Aaron Weissblum','2016-09-12 21:51:15','2016-09-12 21:51:15'),(101,84933,'Heikki Harju','2016-09-12 21:51:15','2016-09-12 21:51:15'),(102,81801,'Jesse Li','2016-09-12 21:51:15','2016-09-12 21:51:15'),(103,39436,'Hisashi Hayashi','2016-09-12 21:51:16','2016-09-12 21:51:16'),(104,68814,'Masao Suganuma','2016-09-12 21:51:16','2016-09-12 21:51:16'),(105,442,'Rob Daviau','2016-09-12 21:51:16','2016-09-12 21:51:16'),(106,378,'Matt Leacock','2016-09-12 21:51:16','2016-09-12 21:51:16'),(107,674,'Ed Beach','2016-09-12 21:51:16','2016-09-12 21:51:16'),(108,11767,'Alexander Pfister','2016-09-12 21:51:17','2016-09-12 21:51:17'),(109,1431,'Luigi Ferrini','2016-09-12 21:51:17','2016-09-12 21:51:17'),(110,66050,'Gunter Eickert','2016-09-12 21:51:17','2016-09-12 21:51:17'),(111,12547,'Shem Phillips','2016-09-12 21:51:45','2016-09-12 21:51:45'),(112,3005,'Sérgio Halaban','2016-09-12 21:51:45','2016-09-12 21:51:45'),(113,3004,'André Zatz','2016-09-12 21:51:45','2016-09-12 21:51:45'),(114,43431,'Scott Almes','2016-09-12 21:51:45','2016-09-12 21:51:45'),(115,87947,'Peggy Chassenet','2016-09-12 21:51:46','2016-09-12 21:51:46'),(116,69927,'Manuel Rozoy','2016-09-12 21:51:46','2016-09-12 21:51:46'),(117,2269,'Michael Rinella','2016-09-12 21:51:46','2016-09-12 21:51:46'),(118,295,'Serge Laget','2016-09-12 21:51:46','2016-09-12 21:51:46'),(119,15913,'Peter Lee','2016-09-12 21:51:47','2016-09-12 21:51:47'),(120,13261,'Rodney Thompson','2016-09-12 21:51:47','2016-09-12 21:51:47'),(121,6736,'Sébastien Pauchon','2016-09-13 16:17:35','2016-09-13 16:17:35'),(122,9714,'Antoine Bauza','2016-09-13 16:17:35','2016-09-13 16:17:35'),(123,4337,'Ludovic Maublanc','2016-09-13 16:17:35','2016-09-13 16:17:35'),(124,23355,'Chris Dupuis','2016-09-13 16:17:36','2016-09-13 16:17:36'),(125,5143,'Michał Oracz','2016-09-13 16:17:36','2016-09-13 16:17:36'),(126,5446,'Chris Taylor','2016-09-13 16:17:36','2016-09-13 16:17:36'),(127,10489,'Ben Cichoski','2016-09-13 16:17:36','2016-09-13 16:17:36'),(128,4372,'Daniel Mandel','2016-09-13 16:17:36','2016-09-13 16:17:36'),(129,67874,'Cédrick Chaboussit','2016-09-13 16:17:37','2016-09-13 16:17:37'),(130,1018,'Andreas Steding','2016-09-13 16:17:37','2016-09-13 16:17:37'),(131,86497,'Lin Lutke-Glanemann','2016-09-13 16:17:38','2016-09-13 16:17:38'),(132,63549,'Thomas Spitzer','2016-09-13 16:17:38','2016-09-13 16:17:38'),(133,117,'Andreas Seyfarth','2016-09-13 16:17:38','2016-09-13 16:17:38'),(134,7,'Wolfgang Kramer','2016-09-13 16:17:39','2016-09-13 16:17:39'),(135,10395,'Jacques Bariot','2016-09-13 16:18:40','2016-09-13 16:18:40'),(136,10393,'Guillaume Montiage','2016-09-13 16:18:40','2016-09-13 16:18:40'),(137,772,'Volko Ruhnke','2016-09-13 16:18:40','2016-09-13 16:18:40'),(138,70143,'Michael Keller (II)','2016-09-13 16:18:41','2016-09-13 16:18:41'),(139,70144,'Andreas \"ode.\" Odendahl','2016-09-13 16:18:41','2016-09-13 16:18:41'),(140,3876,'Ananda Gupta','2016-09-13 16:18:42','2016-09-13 16:18:42'),(141,3877,'Jason Matthews','2016-09-13 16:18:42','2016-09-13 16:18:42'),(142,770,'Peter Hawes','2016-09-13 16:18:42','2016-09-13 16:18:42'),(143,42,'Michael Kiesling','2016-09-13 16:18:42','2016-09-13 16:18:42'),(144,174,'Phil Eklund','2016-09-13 16:18:42','2016-09-13 16:18:42'),(145,8251,'Christian Leonhard','2016-09-13 16:18:42','2016-09-13 16:18:42'),(146,71982,'Samuel Bailey','2016-09-13 16:19:05','2016-09-13 16:19:05'),(147,64445,'James Kniffen','2016-09-13 16:19:05','2016-09-13 16:19:05'),(148,34,'Bill Eberle','2016-09-13 16:19:05','2016-09-13 16:19:05'),(149,35,'Jack Kittredge','2016-09-13 16:19:05','2016-09-13 16:19:05'),(150,36,'Peter Olotka','2016-09-13 16:19:05','2016-09-13 16:19:05'),(151,142,'Michael Rieneck','2016-09-13 16:19:05','2016-09-13 16:19:05'),(152,7391,'Stefan Stadler','2016-09-13 16:19:05','2016-09-13 16:19:05'),(153,35418,'Simone Luciani','2016-09-13 16:19:05','2016-09-13 16:19:05'),(154,59986,'Daniele Tascini','2016-09-13 16:19:05','2016-09-13 16:19:05'),(155,7457,'Uwe Eickert','2016-09-13 16:19:06','2016-09-13 16:19:06');
/*!40000 ALTER TABLE `Designers` ENABLE KEYS */;
UNLOCK TABLES;

--
-- Table structure for table `GameCategory`
--

DROP TABLE IF EXISTS `GameCategory`;
/*!40101 SET @saved_cs_client     = @@character_set_client */;
/*!40101 SET character_set_client = utf8 */;
CREATE TABLE `GameCategory` (
  `createdAt` datetime NOT NULL,
  `updatedAt` datetime NOT NULL,
  `GameId` int(11) NOT NULL,
  `CategoryId` int(11) NOT NULL,
  PRIMARY KEY (`GameId`,`CategoryId`),
  KEY `CategoryId` (`CategoryId`),
  CONSTRAINT `GameCategory_ibfk_1` FOREIGN KEY (`GameId`) REFERENCES `Games` (`id`) ON DELETE CASCADE ON UPDATE CASCADE,
  CONSTRAINT `GameCategory_ibfk_2` FOREIGN KEY (`CategoryId`) REFERENCES `Categories` (`id`) ON DELETE CASCADE ON UPDATE CASCADE
) ENGINE=InnoDB DEFAULT CHARSET=utf8 COLLATE=utf8_unicode_ci;
/*!40101 SET character_set_client = @saved_cs_client */;

--
-- Dumping data for table `GameCategory`
--

LOCK TABLES `GameCategory` WRITE;
/*!40000 ALTER TABLE `GameCategory` DISABLE KEYS */;
INSERT INTO `GameCategory` VALUES ('2016-09-05 20:14:23','2016-09-05 20:14:23',1,1),('2016-09-05 20:14:23','2016-09-05 20:14:23',1,6),('2016-09-05 20:14:23','2016-09-05 20:14:23',1,7),('2016-09-13 16:17:35','2016-09-13 16:17:35',50,14),('2016-09-13 16:17:35','2016-09-13 16:17:35',50,28),('2016-09-12 21:49:41','2016-09-12 21:49:41',118,1),('2016-09-12 21:49:41','2016-09-12 21:49:41',118,28),('2016-09-13 16:19:05','2016-09-13 16:19:05',121,6),('2016-09-13 16:19:05','2016-09-13 16:19:05',121,7),('2016-09-13 16:19:05','2016-09-13 16:19:05',121,10),('2016-09-13 16:19:05','2016-09-13 16:19:05',121,12),('2016-09-13 16:19:05','2016-09-13 16:19:05',121,34),('2016-09-13 16:19:05','2016-09-13 16:19:05',121,37),('2016-09-13 16:17:39','2016-09-13 16:17:39',432,28),('2016-09-12 21:48:24','2016-09-12 21:48:24',619,28),('2016-09-06 19:07:33','2016-09-06 19:07:33',730,4),('2016-09-06 19:07:33','2016-09-06 19:07:33',730,19),('2016-09-13 16:17:39','2016-09-13 16:17:39',1017,5),('2016-09-12 21:51:15','2016-09-12 21:51:15',1041,7),('2016-09-12 21:51:15','2016-09-12 21:51:15',1041,22),('2016-09-12 21:50:20','2016-09-12 21:50:20',1942,28),('2016-09-13 16:18:42','2016-09-13 16:18:42',2955,2),('2016-09-13 16:18:42','2016-09-13 16:18:42',2955,5),('2016-09-13 16:18:42','2016-09-13 16:18:42',2955,31),('2016-09-13 16:18:42','2016-09-13 16:18:42',2955,60),('2016-09-13 16:17:39','2016-09-13 16:17:39',3076,1),('2016-09-13 16:17:39','2016-09-13 16:17:39',3076,3),('2016-09-13 16:17:39','2016-09-13 16:17:39',3076,5),('2016-09-12 21:51:10','2016-09-12 21:51:10',3685,4),('2016-09-12 21:51:10','2016-09-12 21:51:10',3685,22),('2016-09-12 21:51:16','2016-09-12 21:51:16',4098,1),('2016-09-12 21:51:16','2016-09-12 21:51:16',4098,24),('2016-09-12 21:51:16','2016-09-12 21:51:16',4098,27),('2016-09-13 16:18:40','2016-09-13 16:18:40',8045,1),('2016-09-13 16:18:40','2016-09-13 16:18:40',8045,6),('2016-09-13 16:18:40','2016-09-13 16:18:40',8045,21),('2016-09-12 21:50:24','2016-09-12 21:50:24',9216,1),('2016-09-12 21:50:24','2016-09-12 21:50:24',9216,3),('2016-09-12 21:50:24','2016-09-12 21:50:24',9216,20),('2016-09-12 21:50:24','2016-09-12 21:50:24',9216,21),('2016-09-13 16:18:41','2016-09-13 16:18:41',9625,2),('2016-09-13 16:18:41','2016-09-13 16:18:41',9625,7),('2016-09-13 16:18:41','2016-09-13 16:18:41',9625,10),('2016-09-13 16:18:41','2016-09-13 16:18:41',9625,26),('2016-09-13 16:18:41','2016-09-13 16:18:41',9625,45),('2016-09-13 16:18:42','2016-09-13 16:18:42',12333,4),('2016-09-13 16:18:42','2016-09-13 16:18:42',12333,7),('2016-09-13 16:18:42','2016-09-13 16:18:42',12333,58),('2016-09-12 21:48:23','2016-09-12 21:48:23',13780,7),('2016-09-12 21:48:23','2016-09-12 21:48:23',13780,22),('2016-09-12 21:49:42','2016-09-12 21:49:42',15363,10),('2016-09-12 21:49:42','2016-09-12 21:49:42',15363,12),('2016-09-12 21:49:42','2016-09-12 21:49:42',15363,14),('2016-09-12 21:49:42','2016-09-12 21:49:42',17651,4),('2016-09-12 21:49:42','2016-09-12 21:49:42',17651,41),('2016-09-12 21:48:25','2016-09-12 21:48:25',19777,1),('2016-09-12 21:48:25','2016-09-12 21:48:25',19777,25),('2016-09-12 21:48:25','2016-09-12 21:48:25',19777,27),('2016-09-13 16:17:36','2016-09-13 16:17:36',21241,10),('2016-09-13 16:17:36','2016-09-13 16:17:36',21241,12),('2016-09-12 21:48:24','2016-09-12 21:48:24',25613,1),('2016-09-12 21:48:24','2016-09-12 21:48:24',25613,26),('2016-09-13 16:18:42','2016-09-13 16:18:42',27708,7),('2016-09-12 21:50:23','2016-09-12 21:50:23',27833,1),('2016-09-12 21:50:23','2016-09-12 21:50:23',27833,24),('2016-09-12 21:50:23','2016-09-12 21:50:23',27833,27),('2016-09-13 16:19:06','2016-09-13 16:19:06',30380,1),('2016-09-13 16:19:06','2016-09-13 16:19:06',30380,3),('2016-09-12 21:51:46','2016-09-12 21:51:46',31481,12),('2016-09-12 21:51:46','2016-09-12 21:51:46',31481,13),('2016-09-12 21:51:46','2016-09-12 21:51:46',31481,27),('2016-09-12 21:51:46','2016-09-12 21:51:46',31481,50),('2016-09-12 21:51:46','2016-09-12 21:51:46',31481,53),('2016-09-12 21:49:41','2016-09-12 21:49:41',33160,14),('2016-09-12 21:49:41','2016-09-12 21:49:41',33160,20),('2016-09-12 21:49:41','2016-09-12 21:49:41',33160,21),('2016-09-12 21:49:25','2016-09-12 21:49:25',35285,1),('2016-09-12 21:49:25','2016-09-12 21:49:25',35285,24),('2016-09-12 21:49:25','2016-09-12 21:49:25',35285,27),('2016-09-13 16:18:44','2016-09-13 16:18:44',37111,7),('2016-09-13 16:18:44','2016-09-13 16:18:44',37111,12),('2016-09-13 16:18:44','2016-09-13 16:18:44',37111,13),('2016-09-13 16:18:44','2016-09-13 16:18:44',37111,29),('2016-09-13 16:18:44','2016-09-13 16:18:44',37111,36),('2016-09-13 16:18:44','2016-09-13 16:18:44',37111,37),('2016-09-13 16:18:44','2016-09-13 16:18:44',37111,42),('2016-09-13 16:18:41','2016-09-13 16:18:41',39351,1),('2016-09-13 16:18:41','2016-09-13 16:18:41',39351,25),('2016-09-12 21:51:16','2016-09-12 21:51:16',41066,4),('2016-09-12 21:51:16','2016-09-12 21:51:16',41066,6),('2016-09-12 21:51:16','2016-09-12 21:51:16',41066,7),('2016-09-12 21:51:16','2016-09-12 21:51:16',41066,21),('2016-09-12 21:51:16','2016-09-12 21:51:16',41066,39),('2016-09-12 21:51:16','2016-09-12 21:51:16',41066,41),('2016-09-12 21:48:23','2016-09-12 21:48:23',41749,1),('2016-09-12 21:48:23','2016-09-12 21:48:23',41749,6),('2016-09-12 21:48:23','2016-09-12 21:48:23',41749,24),('2016-09-12 21:48:23','2016-09-12 21:48:23',41749,27),('2016-09-12 21:50:24','2016-09-12 21:50:24',42052,1),('2016-09-12 21:50:24','2016-09-12 21:50:24',42052,25),('2016-09-13 16:17:37','2016-09-13 16:17:37',43015,21),('2016-09-12 21:50:25','2016-09-12 21:50:25',45315,1),('2016-09-12 21:50:25','2016-09-12 21:50:25',45315,10),('2016-09-12 21:50:25','2016-09-12 21:50:25',45315,15),('2016-09-12 21:50:25','2016-09-12 21:50:25',45315,50),('2016-09-13 16:17:35','2016-09-13 16:17:35',54043,28),('2016-09-13 16:17:35','2016-09-13 16:17:35',54043,46),('2016-09-12 21:50:20','2016-09-12 21:50:20',62222,4),('2016-09-12 21:50:20','2016-09-12 21:50:20',62222,43),('2016-09-13 16:18:40','2016-09-13 16:18:40',62227,4),('2016-09-13 16:18:40','2016-09-13 16:18:40',62227,7),('2016-09-13 16:18:40','2016-09-13 16:18:40',62227,39),('2016-09-13 16:18:40','2016-09-13 16:18:40',62227,58),('2016-09-12 21:48:23','2016-09-12 21:48:23',65901,1),('2016-09-12 21:48:23','2016-09-12 21:48:23',65901,25),('2016-09-12 21:48:23','2016-09-12 21:48:23',65901,27),('2016-09-12 21:48:25','2016-09-12 21:48:25',67917,7),('2016-09-12 21:48:25','2016-09-12 21:48:25',67917,37),('2016-09-12 21:48:25','2016-09-12 21:48:25',67917,38),('2016-09-13 16:17:36','2016-09-13 16:17:36',68448,5),('2016-09-13 16:17:36','2016-09-13 16:17:36',68448,26),('2016-09-13 16:17:36','2016-09-13 16:17:36',68448,28),('2016-09-13 16:17:36','2016-09-13 16:17:36',68448,31),('2016-09-12 21:51:39','2016-09-12 21:51:39',70149,1),('2016-09-12 21:51:39','2016-09-12 21:51:39',70149,2),('2016-09-12 21:51:39','2016-09-12 21:51:39',70149,5),('2016-09-12 21:51:39','2016-09-12 21:51:39',70149,22),('2016-09-12 21:51:39','2016-09-12 21:51:39',70149,25),('2016-09-12 21:51:39','2016-09-12 21:51:39',70149,39),('2016-09-12 21:49:25','2016-09-12 21:49:25',70512,15),('2016-09-12 21:49:25','2016-09-12 21:49:25',70512,39),('2016-09-12 21:50:20','2016-09-12 21:50:20',72225,1),('2016-09-12 21:50:20','2016-09-12 21:50:20',72225,25),('2016-09-12 21:50:20','2016-09-12 21:50:20',72225,44),('2016-09-12 21:49:41','2016-09-12 21:49:41',73439,1),('2016-09-12 21:49:41','2016-09-12 21:49:41',73439,9),('2016-09-12 21:49:41','2016-09-12 21:49:41',73439,22),('2016-09-13 16:17:35','2016-09-13 16:17:35',84876,2),('2016-09-13 16:17:35','2016-09-13 16:17:35',84876,9),('2016-09-13 16:17:35','2016-09-13 16:17:35',84876,22),('2016-09-12 21:49:41','2016-09-12 21:49:41',94104,15),('2016-09-12 21:49:41','2016-09-12 21:49:41',94104,28),('2016-09-12 21:49:40','2016-09-12 21:49:40',94104,31),('2016-09-12 21:49:41','2016-09-12 21:49:41',94104,40),('2016-09-12 21:48:24','2016-09-12 21:48:24',95527,1),('2016-09-12 21:48:24','2016-09-12 21:48:24',95527,3),('2016-09-12 21:48:24','2016-09-12 21:48:24',95527,9),('2016-09-12 21:48:24','2016-09-12 21:48:24',95527,20),('2016-09-13 16:17:39','2016-09-13 16:17:39',96913,22),('2016-09-13 16:17:35','2016-09-13 16:17:35',97903,16),('2016-09-13 16:17:35','2016-09-13 16:17:35',97903,56),('2016-09-13 16:18:42','2016-09-13 16:18:42',97915,44),('2016-09-13 16:18:42','2016-09-13 16:18:42',97915,46),('2016-09-13 16:18:42','2016-09-13 16:18:42',97915,47),('2016-09-13 16:17:36','2016-09-13 16:17:36',102794,1),('2016-09-13 16:17:36','2016-09-13 16:17:36',102794,3),('2016-09-13 16:17:36','2016-09-13 16:17:36',102794,15),('2016-09-13 16:17:36','2016-09-13 16:17:36',102794,46),('2016-09-12 21:49:41','2016-09-12 21:49:41',104006,3),('2016-09-12 21:49:41','2016-09-12 21:49:41',104006,22),('2016-09-13 16:17:36','2016-09-13 16:17:36',105134,4),('2016-09-13 16:17:36','2016-09-13 16:17:36',105134,9),('2016-09-12 21:51:47','2016-09-12 21:51:47',110327,5),('2016-09-12 21:51:47','2016-09-12 21:51:47',110327,15),('2016-09-13 16:17:38','2016-09-13 16:17:38',120677,1),('2016-09-13 16:17:38','2016-09-13 16:17:38',120677,2),('2016-09-13 16:17:38','2016-09-13 16:17:38',120677,15),('2016-09-13 16:17:38','2016-09-13 16:17:38',120677,26),('2016-09-12 21:51:16','2016-09-12 21:51:16',121408,2),('2016-09-12 21:51:16','2016-09-12 21:51:16',121408,24),('2016-09-12 21:51:16','2016-09-12 21:51:16',121408,28),('2016-09-13 16:17:37','2016-09-13 16:17:37',121921,8),('2016-09-13 16:17:37','2016-09-13 16:17:37',121921,14),('2016-09-13 16:17:37','2016-09-13 16:17:37',121921,34),('2016-09-12 21:48:24','2016-09-12 21:48:24',122298,28),('2016-09-12 21:48:24','2016-09-12 21:48:24',122298,33),('2016-09-07 11:51:33','2016-09-07 11:51:33',122515,1),('2016-09-07 11:51:33','2016-09-07 11:51:33',122515,2),('2016-09-07 11:51:33','2016-09-07 11:51:33',122515,5),('2016-09-07 11:51:33','2016-09-07 11:51:33',122515,20),('2016-09-07 11:51:33','2016-09-07 11:51:33',122515,21),('2016-09-12 21:49:40','2016-09-12 21:49:40',123499,1),('2016-09-12 21:49:40','2016-09-12 21:49:40',123499,5),('2016-09-12 21:49:40','2016-09-12 21:49:40',123499,15),('2016-09-12 21:49:40','2016-09-12 21:49:40',123499,26),('2016-09-12 21:49:40','2016-09-12 21:49:40',123499,28),('2016-09-13 16:18:41','2016-09-13 16:18:41',124361,1),('2016-09-13 16:18:41','2016-09-13 16:18:41',124361,20),('2016-09-13 16:18:41','2016-09-13 16:18:41',124361,31),('2016-09-05 23:18:44','2016-09-05 23:18:44',124827,8),('2016-09-05 23:18:44','2016-09-05 23:18:44',124827,9),('2016-09-05 23:18:44','2016-09-05 23:18:44',124827,10),('2016-09-05 23:18:44','2016-09-05 23:18:44',124827,11),('2016-09-05 23:18:44','2016-09-05 23:18:44',124827,12),('2016-09-05 23:18:44','2016-09-05 23:18:44',124827,13),('2016-09-12 21:51:46','2016-09-12 21:51:46',125153,1),('2016-09-12 21:48:24','2016-09-12 21:48:24',125678,28),('2016-09-12 21:48:24','2016-09-12 21:48:24',125678,32),('2016-09-12 21:48:23','2016-09-12 21:48:23',126042,1),('2016-09-12 21:48:23','2016-09-12 21:48:23',126042,26),('2016-09-12 21:48:23','2016-09-12 21:48:23',126042,28),('2016-09-13 16:19:06','2016-09-13 16:19:06',126163,1),('2016-09-13 16:19:06','2016-09-13 16:19:06',126163,3),('2016-09-13 16:19:06','2016-09-13 16:19:06',126163,26),('2016-09-13 16:19:06','2016-09-13 16:19:06',126163,31),('2016-09-13 16:19:06','2016-09-13 16:19:06',126163,40),('2016-09-13 16:18:40','2016-09-13 16:18:40',127023,10),('2016-09-13 16:18:40','2016-09-13 16:18:40',127023,11),('2016-09-13 16:18:40','2016-09-13 16:18:40',127023,31),('2016-09-13 16:18:40','2016-09-13 16:18:40',127023,40),('2016-09-12 21:48:25','2016-09-12 21:48:25',128671,6),('2016-09-12 21:48:25','2016-09-12 21:48:25',128671,10),('2016-09-12 21:48:25','2016-09-12 21:48:25',128671,29),('2016-09-12 21:48:25','2016-09-12 21:48:25',128671,31),('2016-09-12 21:50:19','2016-09-12 21:50:19',129320,9),('2016-09-12 21:50:19','2016-09-12 21:50:19',129320,22),('2016-09-12 21:49:42','2016-09-12 21:49:42',129437,28),('2016-09-12 21:49:42','2016-09-12 21:49:42',129437,32),('2016-09-12 21:50:25','2016-09-12 21:50:25',131287,1),('2016-09-12 21:50:25','2016-09-12 21:50:25',131287,20),('2016-09-12 21:50:25','2016-09-12 21:50:25',131287,27),('2016-09-12 21:49:41','2016-09-12 21:49:41',131339,16),('2016-09-12 21:49:41','2016-09-12 21:49:41',131339,23),('2016-09-12 21:50:19','2016-09-12 21:50:19',131357,7),('2016-09-12 21:50:19','2016-09-12 21:50:19',131357,28),('2016-09-12 21:50:19','2016-09-12 21:50:19',131357,37),('2016-09-12 21:50:19','2016-09-12 21:50:19',131357,42),('2016-09-12 21:49:43','2016-09-12 21:49:43',131751,8),('2016-09-12 21:49:43','2016-09-12 21:49:43',131751,11),('2016-09-12 21:49:43','2016-09-12 21:49:43',131751,12),('2016-09-12 21:49:43','2016-09-12 21:49:43',131751,14),('2016-09-12 21:49:43','2016-09-12 21:49:43',131751,16),('2016-09-12 21:49:43','2016-09-12 21:49:43',131751,17),('2016-09-12 21:49:43','2016-09-12 21:49:43',131751,18),('2016-09-12 21:49:43','2016-09-12 21:49:43',131751,23),('2016-09-12 21:51:15','2016-09-12 21:51:15',132018,7),('2016-09-12 21:51:15','2016-09-12 21:51:15',132018,19),('2016-09-13 16:19:06','2016-09-13 16:19:06',132028,4),('2016-09-13 16:19:06','2016-09-13 16:19:06',132028,19),('2016-09-12 21:49:42','2016-09-12 21:49:42',132531,1),('2016-09-12 21:49:42','2016-09-12 21:49:42',132531,9),('2016-09-12 21:49:42','2016-09-12 21:49:42',132531,12),('2016-09-12 21:49:42','2016-09-12 21:49:42',132531,13),('2016-09-12 21:49:42','2016-09-12 21:49:42',132531,26),('2016-09-12 21:51:15','2016-09-12 21:51:15',132544,1),('2016-09-12 21:51:15','2016-09-12 21:51:15',132544,25),('2016-09-12 21:51:15','2016-09-12 21:51:15',132544,28),('2016-09-12 21:51:15','2016-09-12 21:51:15',132544,33),('2016-09-12 21:51:15','2016-09-12 21:51:15',132544,37),('2016-09-12 21:50:20','2016-09-12 21:50:20',133848,12),('2016-09-13 16:17:36','2016-09-13 16:17:36',134964,4),('2016-09-13 16:17:36','2016-09-13 16:17:36',134964,12),('2016-09-12 21:48:25','2016-09-12 21:48:25',136888,1),('2016-09-12 21:48:25','2016-09-12 21:48:25',136888,5),('2016-09-12 21:48:25','2016-09-12 21:48:25',136888,9),('2016-09-12 21:48:25','2016-09-12 21:48:25',136888,21),('2016-09-12 21:48:25','2016-09-12 21:48:25',136888,28),('2016-09-12 21:49:41','2016-09-12 21:49:41',136955,4),('2016-09-12 21:49:41','2016-09-12 21:49:41',136955,28),('2016-09-12 21:49:41','2016-09-12 21:49:41',136955,31),('2016-09-12 21:48:24','2016-09-12 21:48:24',138161,12),('2016-09-12 21:48:24','2016-09-12 21:48:24',138161,13),('2016-09-12 21:48:24','2016-09-12 21:48:24',138161,29),('2016-09-12 21:48:24','2016-09-12 21:48:24',138161,30),('2016-09-13 16:18:42','2016-09-13 16:18:42',140603,14),('2016-09-13 16:18:42','2016-09-13 16:18:42',140603,20),('2016-09-13 16:18:42','2016-09-13 16:18:42',140603,21),('2016-09-13 16:18:42','2016-09-13 16:18:42',140603,37),('2016-09-13 16:18:42','2016-09-13 16:18:42',140603,59),('2016-09-13 16:17:37','2016-09-13 16:17:37',140620,57),('2016-09-13 16:17:39','2016-09-13 16:17:39',141090,1),('2016-09-13 16:17:39','2016-09-13 16:17:39',141090,25),('2016-09-12 21:48:24','2016-09-12 21:48:24',141517,7),('2016-09-12 21:48:24','2016-09-12 21:48:24',141517,15),('2016-09-12 21:48:24','2016-09-12 21:48:24',141517,16),('2016-09-12 21:48:24','2016-09-12 21:48:24',141517,17),('2016-09-12 21:48:24','2016-09-12 21:48:24',141517,34),('2016-09-12 21:48:24','2016-09-12 21:48:24',141517,35),('2016-09-12 21:48:24','2016-09-12 21:48:24',141517,36),('2016-09-12 21:48:24','2016-09-12 21:48:24',143401,1),('2016-09-12 21:48:24','2016-09-12 21:48:24',143401,27),('2016-09-12 21:48:24','2016-09-12 21:48:24',143401,31),('2016-09-12 21:48:23','2016-09-12 21:48:23',143519,2),('2016-09-12 21:48:23','2016-09-12 21:48:23',143519,9),('2016-09-12 21:48:23','2016-09-12 21:48:23',143519,10),('2016-09-12 21:48:23','2016-09-12 21:48:23',143519,12),('2016-09-12 21:48:23','2016-09-12 21:48:23',143519,13),('2016-09-12 21:48:23','2016-09-12 21:48:23',143519,26),('2016-09-12 21:48:25','2016-09-12 21:48:25',143693,1),('2016-09-12 21:48:25','2016-09-12 21:48:25',143693,5),('2016-09-12 21:48:25','2016-09-12 21:48:25',143693,22),('2016-09-12 21:51:16','2016-09-12 21:51:16',143884,5),('2016-09-12 21:51:16','2016-09-12 21:51:16',143884,9),('2016-09-12 21:51:16','2016-09-12 21:51:16',143884,28),('2016-09-12 21:50:24','2016-09-12 21:50:24',144344,1),('2016-09-12 21:50:24','2016-09-12 21:50:24',144344,45),('2016-09-12 21:48:25','2016-09-12 21:48:25',144592,1),('2016-09-12 21:48:23','2016-09-12 21:48:23',144733,24),('2016-09-12 21:48:23','2016-09-12 21:48:23',144733,25),('2016-09-12 21:51:47','2016-09-12 21:51:47',146021,8),('2016-09-12 21:51:47','2016-09-12 21:51:47',146021,10),('2016-09-12 21:51:47','2016-09-12 21:51:47',146021,15),('2016-09-12 21:51:47','2016-09-12 21:51:47',146021,16),('2016-09-12 21:51:47','2016-09-12 21:51:47',146021,34),('2016-09-12 21:49:42','2016-09-12 21:49:42',146439,4),('2016-09-12 21:49:42','2016-09-12 21:49:42',146439,9),('2016-09-12 21:49:42','2016-09-12 21:49:42',146439,11),('2016-09-12 21:49:42','2016-09-12 21:49:42',146439,15),('2016-09-12 21:51:46','2016-09-12 21:51:46',146508,8),('2016-09-12 21:51:46','2016-09-12 21:51:46',146508,12),('2016-09-12 21:51:46','2016-09-12 21:51:46',146508,22),('2016-09-13 16:17:36','2016-09-13 16:17:36',146652,12),('2016-09-13 16:17:36','2016-09-13 16:17:36',146652,16),('2016-09-13 16:17:36','2016-09-13 16:17:36',146652,28),('2016-09-13 16:17:36','2016-09-13 16:17:36',146652,29),('2016-09-13 16:18:41','2016-09-13 16:18:41',146886,1),('2016-09-13 16:18:41','2016-09-13 16:18:41',146886,3),('2016-09-12 21:50:20','2016-09-12 21:50:20',147101,3),('2016-09-12 21:50:20','2016-09-12 21:50:20',147101,23),('2016-09-12 21:50:19','2016-09-12 21:50:19',148228,1),('2016-09-12 21:50:19','2016-09-12 21:50:19',148228,21),('2016-09-12 21:50:19','2016-09-12 21:50:19',148228,28),('2016-09-12 21:51:10','2016-09-12 21:51:10',150013,4),('2016-09-12 21:51:10','2016-09-12 21:51:10',150013,19),('2016-09-12 21:49:42','2016-09-12 21:49:42',150146,9),('2016-09-12 21:49:42','2016-09-12 21:49:42',150376,16),('2016-09-12 21:49:42','2016-09-12 21:49:42',150376,35),('2016-09-12 21:49:42','2016-09-12 21:49:42',150376,37),('2016-09-12 21:49:41','2016-09-12 21:49:41',154008,9),('2016-09-12 21:49:40','2016-09-12 21:49:40',154182,2),('2016-09-12 21:49:40','2016-09-12 21:49:40',154182,40),('2016-09-12 21:50:25','2016-09-12 21:50:25',154203,1),('2016-09-12 21:50:25','2016-09-12 21:50:25',154203,5),('2016-09-12 21:50:25','2016-09-12 21:50:25',154203,26),('2016-09-12 21:50:25','2016-09-12 21:50:25',154203,28),('2016-09-12 21:50:25','2016-09-12 21:50:25',154203,31),('2016-09-12 21:50:24','2016-09-12 21:50:24',155703,28),('2016-09-12 21:50:24','2016-09-12 21:50:24',155703,33),('2016-09-12 21:50:24','2016-09-12 21:50:24',155703,44),('2016-09-12 21:50:24','2016-09-12 21:50:24',155703,46),('2016-09-12 21:50:24','2016-09-12 21:50:24',155703,47),('2016-09-12 21:50:24','2016-09-12 21:50:24',155703,48),('2016-09-12 21:50:25','2016-09-12 21:50:25',157096,26),('2016-09-12 21:51:45','2016-09-12 21:51:45',157969,6),('2016-09-12 21:51:45','2016-09-12 21:51:45',157969,22),('2016-09-12 21:51:45','2016-09-12 21:51:45',157969,28),('2016-09-12 21:51:45','2016-09-12 21:51:45',157969,34),('2016-09-12 21:51:45','2016-09-12 21:51:45',157969,37),('2016-09-12 21:51:45','2016-09-12 21:51:45',157969,50),('2016-09-12 21:50:24','2016-09-12 21:50:24',158109,10),('2016-09-12 21:50:24','2016-09-12 21:50:24',158109,12),('2016-09-12 21:50:24','2016-09-12 21:50:24',158109,13),('2016-09-12 21:50:24','2016-09-12 21:50:24',158109,27),('2016-09-12 21:50:24','2016-09-12 21:50:24',158109,32),('2016-09-12 21:51:46','2016-09-12 21:51:46',159675,1),('2016-09-12 21:51:46','2016-09-12 21:51:46',159675,3),('2016-09-12 21:51:46','2016-09-12 21:51:46',159675,25),('2016-09-12 21:49:41','2016-09-12 21:49:41',161317,1),('2016-09-12 21:49:41','2016-09-12 21:49:41',161317,2),('2016-09-12 21:49:41','2016-09-12 21:49:41',161317,15),('2016-09-12 21:49:41','2016-09-12 21:49:41',161317,23),('2016-09-12 21:49:41','2016-09-12 21:49:41',161317,26),('2016-09-12 21:50:24','2016-09-12 21:50:24',161417,28),('2016-09-12 21:50:24','2016-09-12 21:50:24',161417,49),('2016-09-12 21:51:16','2016-09-12 21:51:16',161936,44),('2016-09-12 21:51:16','2016-09-12 21:51:16',161936,52),('2016-09-12 21:50:20','2016-09-12 21:50:20',161970,15),('2016-09-12 21:50:20','2016-09-12 21:50:20',161970,42),('2016-09-12 21:51:45','2016-09-12 21:51:45',163967,9),('2016-09-12 21:51:45','2016-09-12 21:51:45',163967,12),('2016-09-12 21:51:45','2016-09-12 21:51:45',163967,13),('2016-09-12 21:51:10','2016-09-12 21:51:10',164153,4),('2016-09-12 21:51:10','2016-09-12 21:51:10',164153,8),('2016-09-12 21:51:10','2016-09-12 21:51:10',164153,10),('2016-09-12 21:51:10','2016-09-12 21:51:10',164153,11),('2016-09-12 21:51:10','2016-09-12 21:51:10',164153,12),('2016-09-12 21:51:10','2016-09-12 21:51:10',164153,29),('2016-09-12 21:51:17','2016-09-12 21:51:17',164338,2),('2016-09-12 21:51:17','2016-09-12 21:51:17',164338,26),('2016-09-12 21:49:41','2016-09-12 21:49:41',166857,2),('2016-09-12 21:49:41','2016-09-12 21:49:41',166857,10),('2016-09-12 21:49:41','2016-09-12 21:49:41',166857,20),('2016-09-12 21:49:41','2016-09-12 21:49:41',166857,26),('2016-09-12 21:49:41','2016-09-12 21:49:41',166857,31),('2016-09-12 21:51:46','2016-09-12 21:51:46',167650,4),('2016-09-12 21:51:46','2016-09-12 21:51:46',167650,19),('2016-09-05 18:46:17','2016-09-05 18:46:17',168435,5),('2016-09-05 18:46:17','2016-09-05 18:46:17',168435,6),('2016-09-05 14:14:41','2016-09-05 14:14:41',169786,1),('2016-09-05 14:14:41','2016-09-05 14:14:41',169786,2),('2016-09-05 14:14:41','2016-09-05 14:14:41',169786,3),('2016-09-12 21:51:45','2016-09-12 21:51:45',170042,20),('2016-09-12 21:51:45','2016-09-12 21:51:45',170042,22),('2016-09-12 21:51:10','2016-09-12 21:51:10',170216,10),('2016-09-12 21:51:10','2016-09-12 21:51:10',170216,11),('2016-09-12 21:51:10','2016-09-12 21:51:10',170216,15),('2016-09-12 21:51:10','2016-09-12 21:51:10',170216,40),('2016-09-12 21:51:16','2016-09-12 21:51:16',172381,5),('2016-09-12 21:51:16','2016-09-12 21:51:16',172381,9),('2016-09-12 21:51:17','2016-09-12 21:51:17',172386,1),('2016-09-12 21:51:16','2016-09-12 21:51:16',172818,5),('2016-09-12 21:51:16','2016-09-12 21:51:16',172818,14),('2016-09-12 21:51:16','2016-09-12 21:51:16',172818,15),('2016-09-12 21:51:17','2016-09-12 21:51:17',174319,4),('2016-09-12 21:51:17','2016-09-12 21:51:17',174319,19),('2016-09-12 21:51:17','2016-09-12 21:51:17',174319,23),('2016-09-12 21:51:46','2016-09-12 21:51:46',174785,1),('2016-09-12 21:51:46','2016-09-12 21:51:46',174785,26),('2016-09-12 21:51:46','2016-09-12 21:51:46',174785,31),('2016-09-13 16:19:05','2016-09-13 16:19:05',175155,4),('2016-09-13 16:19:05','2016-09-13 16:19:05',175155,10),('2016-09-13 16:19:05','2016-09-13 16:19:05',175155,11),('2016-09-13 16:19:05','2016-09-13 16:19:05',175155,12),('2016-09-13 16:19:05','2016-09-13 16:19:05',175155,37),('2016-09-10 03:48:39','2016-09-10 03:48:39',180037,1),('2016-09-10 03:48:39','2016-09-10 03:48:39',180037,5),('2016-09-10 03:48:39','2016-09-10 03:48:39',180037,22),('2016-09-10 03:48:39','2016-09-10 03:48:39',180037,23),('2016-09-12 21:51:15','2016-09-12 21:51:15',180899,1),('2016-09-12 21:51:10','2016-09-12 21:51:10',181494,26),('2016-09-12 21:51:10','2016-09-12 21:51:10',181494,28),('2016-09-12 21:51:10','2016-09-12 21:51:10',181494,50),('2016-09-12 21:51:15','2016-09-12 21:51:15',182619,1),('2016-09-12 21:51:15','2016-09-12 21:51:15',182619,14),('2016-09-12 21:51:15','2016-09-12 21:51:15',182619,51),('2016-09-12 21:51:45','2016-09-12 21:51:45',187645,4),('2016-09-12 21:51:45','2016-09-12 21:51:45',187645,12),('2016-09-12 21:51:45','2016-09-12 21:51:45',187645,29),('2016-09-05 18:43:25','2016-09-05 18:43:25',199727,1),('2016-09-05 18:43:25','2016-09-05 18:43:25',199727,2),('2016-09-05 18:43:25','2016-09-05 18:43:25',199727,3),('2016-09-05 18:43:25','2016-09-05 18:43:25',199727,4),('2016-09-12 21:51:47','2016-09-12 21:51:47',200784,8),('2016-09-12 21:51:47','2016-09-12 21:51:47',200784,10),('2016-09-12 21:51:47','2016-09-12 21:51:47',200784,11),('2016-09-12 21:51:47','2016-09-12 21:51:47',200784,14),('2016-09-12 21:51:47','2016-09-12 21:51:47',200784,15),('2016-09-12 21:51:47','2016-09-12 21:51:47',200784,23),('2016-09-12 21:51:47','2016-09-12 21:51:47',200784,54),('2016-09-12 21:51:47','2016-09-12 21:51:47',200784,55),('2016-09-06 19:05:10','2016-09-06 19:05:10',205059,8),('2016-09-06 19:05:10','2016-09-06 19:05:10',205059,10),('2016-09-06 19:05:10','2016-09-06 19:05:10',205059,11),('2016-09-06 19:05:10','2016-09-06 19:05:10',205059,14),('2016-09-06 19:05:10','2016-09-06 19:05:10',205059,15),('2016-09-06 19:05:10','2016-09-06 19:05:10',205059,16),('2016-09-06 19:05:10','2016-09-06 19:05:10',205059,17),('2016-09-06 19:05:10','2016-09-06 19:05:10',205059,18);
/*!40000 ALTER TABLE `GameCategory` ENABLE KEYS */;
UNLOCK TABLES;

--
-- Table structure for table `GameDesigner`
--

DROP TABLE IF EXISTS `GameDesigner`;
/*!40101 SET @saved_cs_client     = @@character_set_client */;
/*!40101 SET character_set_client = utf8 */;
CREATE TABLE `GameDesigner` (
  `createdAt` datetime NOT NULL,
  `updatedAt` datetime NOT NULL,
  `GameId` int(11) NOT NULL,
  `DesignerId` int(11) NOT NULL,
  PRIMARY KEY (`GameId`,`DesignerId`),
  KEY `DesignerId` (`DesignerId`),
  CONSTRAINT `GameDesigner_ibfk_1` FOREIGN KEY (`GameId`) REFERENCES `Games` (`id`) ON DELETE CASCADE ON UPDATE CASCADE,
  CONSTRAINT `GameDesigner_ibfk_2` FOREIGN KEY (`DesignerId`) REFERENCES `Designers` (`id`) ON DELETE CASCADE ON UPDATE CASCADE
) ENGINE=InnoDB DEFAULT CHARSET=utf8 COLLATE=utf8_unicode_ci;
/*!40101 SET character_set_client = @saved_cs_client */;

--
-- Dumping data for table `GameDesigner`
--

LOCK TABLES `GameDesigner` WRITE;
/*!40000 ALTER TABLE `GameDesigner` DISABLE KEYS */;
INSERT INTO `GameDesigner` VALUES ('2016-09-05 20:14:23','2016-09-05 20:14:23',1,5),('2016-09-13 16:17:35','2016-09-13 16:17:35',50,56),('2016-09-12 21:49:41','2016-09-12 21:49:41',118,56),('2016-09-13 16:19:06','2016-09-13 16:19:06',121,148),('2016-09-13 16:19:06','2016-09-13 16:19:06',121,149),('2016-09-13 16:19:06','2016-09-13 16:19:06',121,150),('2016-09-13 16:17:39','2016-09-13 16:17:39',432,134),('2016-09-12 21:48:24','2016-09-12 21:48:24',619,31),('2016-09-06 19:07:33','2016-09-06 19:07:33',730,9),('2016-09-06 19:07:33','2016-09-06 19:07:33',730,10),('2016-09-13 16:17:39','2016-09-13 16:17:39',1017,74),('2016-09-12 21:51:15','2016-09-12 21:51:15',1041,99),('2016-09-12 21:51:15','2016-09-12 21:51:15',1041,100),('2016-09-12 21:50:20','2016-09-12 21:50:20',1942,74),('2016-09-13 16:18:42','2016-09-13 16:18:42',2955,134),('2016-09-13 16:18:42','2016-09-13 16:18:42',2955,143),('2016-09-13 16:17:39','2016-09-13 16:17:39',3076,133),('2016-09-12 21:51:10','2016-09-12 21:51:10',3685,92),('2016-09-12 21:51:10','2016-09-12 21:51:10',3685,93),('2016-09-12 21:51:16','2016-09-12 21:51:16',4098,22),('2016-09-13 16:18:40','2016-09-13 16:18:40',8045,22),('2016-09-12 21:50:24','2016-09-12 21:50:24',9216,86),('2016-09-13 16:18:41','2016-09-13 16:18:41',9625,22),('2016-09-13 16:18:42','2016-09-13 16:18:42',12333,140),('2016-09-13 16:18:42','2016-09-13 16:18:42',12333,141),('2016-09-12 21:48:23','2016-09-12 21:48:23',13780,21),('2016-09-12 21:49:42','2016-09-12 21:49:42',15363,63),('2016-09-12 21:49:42','2016-09-12 21:49:42',15363,64),('2016-09-12 21:49:42','2016-09-12 21:49:42',17651,65),('2016-09-12 21:48:25','2016-09-12 21:48:25',19777,38),('2016-09-12 21:48:25','2016-09-12 21:48:25',19777,39),('2016-09-13 16:17:36','2016-09-13 16:17:36',21241,125),('2016-09-12 21:48:24','2016-09-12 21:48:24',25613,29),('2016-09-13 16:18:42','2016-09-13 16:18:42',27708,141),('2016-09-13 16:18:42','2016-09-13 16:18:42',27708,145),('2016-09-12 21:50:24','2016-09-12 21:50:24',27833,22),('2016-09-13 16:19:06','2016-09-13 16:19:06',30380,151),('2016-09-13 16:19:06','2016-09-13 16:19:06',30380,152),('2016-09-12 21:51:46','2016-09-12 21:51:46',31481,29),('2016-09-12 21:49:41','2016-09-12 21:49:41',33160,51),('2016-09-12 21:49:41','2016-09-12 21:49:41',33160,52),('2016-09-12 21:49:25','2016-09-12 21:49:25',35285,40),('2016-09-13 16:18:44','2016-09-13 16:18:44',37111,70),('2016-09-13 16:18:41','2016-09-13 16:18:41',39351,22),('2016-09-12 21:51:17','2016-09-12 21:51:17',41066,107),('2016-09-12 21:48:23','2016-09-12 21:48:23',41749,16),('2016-09-12 21:50:24','2016-09-12 21:50:24',42052,77),('2016-09-13 16:17:37','2016-09-13 16:17:37',43015,130),('2016-09-12 21:50:25','2016-09-12 21:50:25',45315,29),('2016-09-13 16:17:35','2016-09-13 16:17:35',54043,121),('2016-09-12 21:50:20','2016-09-12 21:50:20',62222,66),('2016-09-13 16:18:41','2016-09-13 16:18:41',62227,137),('2016-09-12 21:48:23','2016-09-12 21:48:23',65901,22),('2016-09-12 21:48:25','2016-09-12 21:48:25',67917,34),('2016-09-13 16:17:36','2016-09-13 16:17:36',68448,122),('2016-09-12 21:51:39','2016-09-12 21:51:39',70149,36),('2016-09-12 21:49:25','2016-09-12 21:49:25',70512,37),('2016-09-12 21:50:20','2016-09-12 21:50:20',72225,77),('2016-09-12 21:49:41','2016-09-12 21:49:41',73439,45),('2016-09-12 21:49:41','2016-09-12 21:49:41',73439,46),('2016-09-12 21:49:41','2016-09-12 21:49:41',73439,47),('2016-09-13 16:17:35','2016-09-13 16:17:35',84876,37),('2016-09-12 21:49:41','2016-09-12 21:49:41',94104,44),('2016-09-12 21:48:24','2016-09-12 21:48:24',95527,32),('2016-09-12 21:48:24','2016-09-12 21:48:24',95527,33),('2016-09-13 16:17:39','2016-09-13 16:17:39',96913,78),('2016-09-13 16:17:35','2016-09-13 16:17:35',97903,122),('2016-09-13 16:17:35','2016-09-13 16:17:35',97903,123),('2016-09-13 16:18:42','2016-09-13 16:18:42',97915,144),('2016-09-13 16:17:36','2016-09-13 16:17:36',102794,36),('2016-09-12 21:49:41','2016-09-12 21:49:41',104006,48),('2016-09-12 21:49:41','2016-09-12 21:49:41',104006,49),('2016-09-13 16:17:36','2016-09-13 16:17:36',105134,105),('2016-09-13 16:17:36','2016-09-13 16:17:36',105134,124),('2016-09-12 21:51:47','2016-09-12 21:51:47',110327,119),('2016-09-12 21:51:47','2016-09-12 21:51:47',110327,120),('2016-09-13 16:17:39','2016-09-13 16:17:39',120677,53),('2016-09-13 16:17:39','2016-09-13 16:17:39',120677,54),('2016-09-12 21:51:16','2016-09-12 21:51:16',121408,103),('2016-09-13 16:17:37','2016-09-13 16:17:37',121921,87),('2016-09-12 21:48:24','2016-09-12 21:48:24',122298,30),('2016-09-07 11:51:33','2016-09-07 11:51:33',122515,11),('2016-09-07 11:51:33','2016-09-07 11:51:33',122515,12),('2016-09-12 21:49:41','2016-09-12 21:49:41',123499,43),('2016-09-13 16:18:41','2016-09-13 16:18:41',124361,58),('2016-09-05 23:18:44','2016-09-05 23:18:44',124827,6),('2016-09-05 23:18:44','2016-09-05 23:18:44',124827,7),('2016-09-12 21:51:46','2016-09-12 21:51:46',125153,77),('2016-09-12 21:48:24','2016-09-12 21:48:24',125678,27),('2016-09-12 21:48:24','2016-09-12 21:48:24',125678,28),('2016-09-12 21:48:23','2016-09-12 21:48:23',126042,17),('2016-09-12 21:48:23','2016-09-12 21:48:23',126042,18),('2016-09-12 21:48:23','2016-09-12 21:48:23',126042,19),('2016-09-12 21:48:23','2016-09-12 21:48:23',126042,20),('2016-09-13 16:19:06','2016-09-13 16:19:06',126163,153),('2016-09-13 16:19:06','2016-09-13 16:19:06',126163,154),('2016-09-13 16:18:40','2016-09-13 16:18:40',127023,135),('2016-09-13 16:18:40','2016-09-13 16:18:40',127023,136),('2016-09-12 21:48:25','2016-09-12 21:48:25',128671,23),('2016-09-12 21:48:25','2016-09-12 21:48:25',128671,24),('2016-09-12 21:48:25','2016-09-12 21:48:25',128671,25),('2016-09-12 21:50:19','2016-09-12 21:50:19',129320,73),('2016-09-12 21:49:42','2016-09-12 21:49:42',129437,68),('2016-09-12 21:50:25','2016-09-12 21:50:25',131287,32),('2016-09-12 21:50:25','2016-09-12 21:50:25',131287,33),('2016-09-12 21:50:25','2016-09-12 21:50:25',131287,88),('2016-09-12 21:49:41','2016-09-12 21:49:41',131339,50),('2016-09-12 21:50:19','2016-09-12 21:50:19',131357,72),('2016-09-12 21:49:43','2016-09-12 21:49:43',131751,70),('2016-09-12 21:51:15','2016-09-12 21:51:15',132018,98),('2016-09-13 16:19:06','2016-09-13 16:19:06',132028,155),('2016-09-12 21:49:42','2016-09-12 21:49:42',132531,61),('2016-09-12 21:49:42','2016-09-12 21:49:42',132531,62),('2016-09-12 21:51:15','2016-09-12 21:51:15',132544,97),('2016-09-12 21:50:20','2016-09-12 21:50:20',133848,1),('2016-09-12 21:50:20','2016-09-12 21:50:20',133848,76),('2016-09-13 16:17:36','2016-09-13 16:17:36',134964,126),('2016-09-12 21:48:25','2016-09-12 21:48:25',136888,37),('2016-09-12 21:49:41','2016-09-12 21:49:41',136955,55),('2016-09-12 21:48:24','2016-09-12 21:48:24',138161,23),('2016-09-12 21:48:24','2016-09-12 21:48:24',138161,24),('2016-09-12 21:48:24','2016-09-12 21:48:24',138161,25),('2016-09-13 16:18:42','2016-09-13 16:18:42',140603,142),('2016-09-13 16:17:37','2016-09-13 16:17:37',140620,129),('2016-09-13 16:17:39','2016-09-13 16:17:39',141090,131),('2016-09-13 16:17:39','2016-09-13 16:17:39',141090,132),('2016-09-12 21:48:25','2016-09-12 21:48:25',141517,22),('2016-09-12 21:48:24','2016-09-12 21:48:24',143401,26),('2016-09-12 21:48:23','2016-09-12 21:48:23',143519,15),('2016-09-12 21:48:25','2016-09-12 21:48:25',143693,36),('2016-09-12 21:51:16','2016-09-12 21:51:16',143884,104),('2016-09-12 21:50:24','2016-09-12 21:50:24',144344,78),('2016-09-12 21:50:24','2016-09-12 21:50:24',144344,79),('2016-09-12 21:50:24','2016-09-12 21:50:24',144344,80),('2016-09-12 21:48:25','2016-09-12 21:48:25',144592,35),('2016-09-12 21:48:23','2016-09-12 21:48:23',144733,13),('2016-09-12 21:48:23','2016-09-12 21:48:23',144733,14),('2016-09-12 21:51:47','2016-09-12 21:51:47',146021,8),('2016-09-12 21:51:47','2016-09-12 21:51:47',146021,70),('2016-09-12 21:49:42','2016-09-12 21:49:42',146439,66),('2016-09-12 21:49:42','2016-09-12 21:49:42',146439,67),('2016-09-12 21:51:46','2016-09-12 21:51:46',146508,115),('2016-09-12 21:51:46','2016-09-12 21:51:46',146508,116),('2016-09-13 16:17:37','2016-09-13 16:17:37',146652,127),('2016-09-13 16:17:37','2016-09-13 16:17:37',146652,128),('2016-09-13 16:18:41','2016-09-13 16:18:41',146886,138),('2016-09-13 16:18:41','2016-09-13 16:18:41',146886,139),('2016-09-12 21:50:20','2016-09-12 21:50:20',147101,1),('2016-09-12 21:50:20','2016-09-12 21:50:20',147101,3),('2016-09-12 21:50:20','2016-09-12 21:50:20',147101,76),('2016-09-12 21:50:19','2016-09-12 21:50:19',148228,71),('2016-09-12 21:51:10','2016-09-12 21:51:10',150013,95),('2016-09-12 21:49:42','2016-09-12 21:49:42',150146,69),('2016-09-12 21:49:42','2016-09-12 21:49:42',150376,59),('2016-09-12 21:49:42','2016-09-12 21:49:42',150376,60),('2016-09-12 21:49:41','2016-09-12 21:49:41',154008,57),('2016-09-12 21:49:40','2016-09-12 21:49:40',154182,41),('2016-09-12 21:49:40','2016-09-12 21:49:40',154182,42),('2016-09-12 21:50:25','2016-09-12 21:50:25',154203,87),('2016-09-12 21:50:24','2016-09-12 21:50:24',155703,81),('2016-09-12 21:50:24','2016-09-12 21:50:24',155703,82),('2016-09-12 21:50:24','2016-09-12 21:50:24',155703,83),('2016-09-12 21:50:25','2016-09-12 21:50:25',157096,89),('2016-09-12 21:51:45','2016-09-12 21:51:45',157969,112),('2016-09-12 21:51:45','2016-09-12 21:51:45',157969,113),('2016-09-12 21:50:24','2016-09-12 21:50:24',158109,22),('2016-09-12 21:51:46','2016-09-12 21:51:46',159675,36),('2016-09-12 21:49:41','2016-09-12 21:49:41',161317,53),('2016-09-12 21:49:41','2016-09-12 21:49:41',161317,54),('2016-09-12 21:50:24','2016-09-12 21:50:24',161417,84),('2016-09-12 21:50:24','2016-09-12 21:50:24',161417,85),('2016-09-12 21:51:16','2016-09-12 21:51:16',161936,105),('2016-09-12 21:51:16','2016-09-12 21:51:16',161936,106),('2016-09-12 21:50:20','2016-09-12 21:50:20',161970,75),('2016-09-12 21:51:45','2016-09-12 21:51:45',163967,114),('2016-09-12 21:51:10','2016-09-12 21:51:10',164153,70),('2016-09-12 21:51:10','2016-09-12 21:51:10',164153,90),('2016-09-12 21:51:10','2016-09-12 21:51:10',164153,91),('2016-09-12 21:51:17','2016-09-12 21:51:17',164338,109),('2016-09-12 21:49:41','2016-09-12 21:49:41',166857,58),('2016-09-12 21:51:46','2016-09-12 21:51:46',167650,117),('2016-09-05 18:46:17','2016-09-05 18:46:17',168435,2),('2016-09-05 18:46:17','2016-09-05 18:46:17',168435,3),('2016-09-05 18:46:17','2016-09-05 18:46:17',168435,4),('2016-09-05 14:14:41','2016-09-05 14:14:41',169786,1),('2016-09-12 21:51:45','2016-09-12 21:51:45',170042,111),('2016-09-12 21:51:10','2016-09-12 21:51:10',170216,94),('2016-09-12 21:51:16','2016-09-12 21:51:16',172381,48),('2016-09-12 21:51:16','2016-09-12 21:51:16',172381,49),('2016-09-12 21:51:17','2016-09-12 21:51:17',172386,108),('2016-09-12 21:51:16','2016-09-12 21:51:16',172818,43),('2016-09-12 21:51:17','2016-09-12 21:51:17',174319,110),('2016-09-12 21:51:46','2016-09-12 21:51:46',174785,118),('2016-09-13 16:19:05','2016-09-13 16:19:05',175155,70),('2016-09-13 16:19:05','2016-09-13 16:19:05',175155,146),('2016-09-13 16:19:05','2016-09-13 16:19:05',175155,147),('2016-09-10 03:48:39','2016-09-10 03:48:39',180037,11),('2016-09-10 03:48:39','2016-09-10 03:48:39',180037,12),('2016-09-12 21:51:15','2016-09-12 21:51:15',180899,102),('2016-09-12 21:51:10','2016-09-12 21:51:10',181494,96),('2016-09-12 21:51:15','2016-09-12 21:51:15',182619,101),('2016-09-12 21:51:45','2016-09-12 21:51:45',187645,70),('2016-09-05 18:43:25','2016-09-05 18:43:25',199727,1),('2016-09-06 19:05:10','2016-09-06 19:05:10',205059,8);
/*!40000 ALTER TABLE `GameDesigner` ENABLE KEYS */;
UNLOCK TABLES;

--
-- Table structure for table `GameMechanic`
--

DROP TABLE IF EXISTS `GameMechanic`;
/*!40101 SET @saved_cs_client     = @@character_set_client */;
/*!40101 SET character_set_client = utf8 */;
CREATE TABLE `GameMechanic` (
  `createdAt` datetime NOT NULL,
  `updatedAt` datetime NOT NULL,
  `GameId` int(11) NOT NULL,
  `MechanicId` int(11) NOT NULL,
  PRIMARY KEY (`GameId`,`MechanicId`),
  KEY `MechanicId` (`MechanicId`),
  CONSTRAINT `GameMechanic_ibfk_1` FOREIGN KEY (`GameId`) REFERENCES `Games` (`id`) ON DELETE CASCADE ON UPDATE CASCADE,
  CONSTRAINT `GameMechanic_ibfk_2` FOREIGN KEY (`MechanicId`) REFERENCES `Mechanics` (`id`) ON DELETE CASCADE ON UPDATE CASCADE
) ENGINE=InnoDB DEFAULT CHARSET=utf8 COLLATE=utf8_unicode_ci;
/*!40101 SET character_set_client = @saved_cs_client */;

--
-- Dumping data for table `GameMechanic`
--

LOCK TABLES `GameMechanic` WRITE;
/*!40000 ALTER TABLE `GameMechanic` DISABLE KEYS */;
INSERT INTO `GameMechanic` VALUES ('2016-09-05 20:14:23','2016-09-05 20:14:23',1,1),('2016-09-05 20:14:23','2016-09-05 20:14:23',1,8),('2016-09-05 20:14:23','2016-09-05 20:14:23',1,9),('2016-09-05 20:14:23','2016-09-05 20:14:23',1,10),('2016-09-05 20:14:23','2016-09-05 20:14:23',1,11),('2016-09-13 16:17:35','2016-09-13 16:17:35',50,6),('2016-09-13 16:17:35','2016-09-13 16:17:35',50,10),('2016-09-12 21:49:41','2016-09-12 21:49:41',118,8),('2016-09-12 21:49:41','2016-09-12 21:49:41',118,10),('2016-09-12 21:49:41','2016-09-12 21:49:41',118,32),('2016-09-13 16:19:05','2016-09-13 16:19:05',121,1),('2016-09-13 16:19:05','2016-09-13 16:19:05',121,2),('2016-09-13 16:19:06','2016-09-13 16:19:06',121,3),('2016-09-13 16:19:06','2016-09-13 16:19:06',121,5),('2016-09-13 16:19:05','2016-09-13 16:19:05',121,8),('2016-09-13 16:19:05','2016-09-13 16:19:05',121,10),('2016-09-13 16:17:39','2016-09-13 16:17:39',432,10),('2016-09-13 16:17:39','2016-09-13 16:17:39',432,11),('2016-09-12 21:48:24','2016-09-12 21:48:24',619,27),('2016-09-06 19:07:33','2016-09-06 19:07:33',730,17),('2016-09-13 16:17:39','2016-09-13 16:17:39',1017,7),('2016-09-12 21:51:15','2016-09-12 21:51:15',1041,1),('2016-09-12 21:51:15','2016-09-12 21:51:15',1041,4),('2016-09-12 21:50:20','2016-09-12 21:50:20',1942,10),('2016-09-12 21:50:20','2016-09-12 21:50:20',1942,27),('2016-09-13 16:18:42','2016-09-13 16:18:42',2955,1),('2016-09-13 16:18:42','2016-09-13 16:18:42',2955,7),('2016-09-13 16:18:42','2016-09-13 16:18:42',2955,12),('2016-09-13 16:18:42','2016-09-13 16:18:42',2955,21),('2016-09-13 16:18:42','2016-09-13 16:18:42',2955,42),('2016-09-13 16:17:39','2016-09-13 16:17:39',3076,30),('2016-09-12 21:51:10','2016-09-12 21:51:10',3685,2),('2016-09-12 21:51:10','2016-09-12 21:51:10',3685,9),('2016-09-12 21:51:10','2016-09-12 21:51:10',3685,10),('2016-09-12 21:51:10','2016-09-12 21:51:10',3685,11),('2016-09-12 21:51:10','2016-09-12 21:51:10',3685,17),('2016-09-12 21:51:10','2016-09-12 21:51:10',3685,29),('2016-09-12 21:51:10','2016-09-12 21:51:10',3685,39),('2016-09-12 21:51:16','2016-09-12 21:51:16',4098,7),('2016-09-12 21:51:16','2016-09-12 21:51:16',4098,8),('2016-09-12 21:51:16','2016-09-12 21:51:16',4098,9),('2016-09-12 21:51:16','2016-09-12 21:51:16',4098,19),('2016-09-13 16:18:40','2016-09-13 16:18:40',8045,1),('2016-09-13 16:18:40','2016-09-13 16:18:40',8045,3),('2016-09-13 16:18:40','2016-09-13 16:18:40',8045,8),('2016-09-13 16:18:40','2016-09-13 16:18:40',8045,9),('2016-09-12 21:50:24','2016-09-12 21:50:24',9216,8),('2016-09-12 21:50:24','2016-09-12 21:50:24',9216,10),('2016-09-12 21:50:24','2016-09-12 21:50:24',9216,38),('2016-09-13 16:18:41','2016-09-13 16:18:41',9625,1),('2016-09-13 16:18:41','2016-09-13 16:18:41',9625,2),('2016-09-13 16:18:41','2016-09-13 16:18:41',9625,8),('2016-09-13 16:18:41','2016-09-13 16:18:41',9625,9),('2016-09-13 16:18:42','2016-09-13 16:18:42',12333,1),('2016-09-13 16:18:42','2016-09-13 16:18:42',12333,9),('2016-09-13 16:18:42','2016-09-13 16:18:42',12333,10),('2016-09-13 16:18:42','2016-09-13 16:18:42',12333,11),('2016-09-13 16:18:42','2016-09-13 16:18:42',12333,29),('2016-09-12 21:48:23','2016-09-12 21:48:23',13780,1),('2016-09-12 21:48:23','2016-09-12 21:48:23',13780,4),('2016-09-12 21:48:23','2016-09-12 21:48:23',13780,23),('2016-09-12 21:49:42','2016-09-12 21:49:42',15363,1),('2016-09-12 21:49:42','2016-09-12 21:49:42',15363,9),('2016-09-12 21:49:42','2016-09-12 21:49:42',15363,10),('2016-09-12 21:49:42','2016-09-12 21:49:42',15363,14),('2016-09-12 21:49:42','2016-09-12 21:49:42',17651,9),('2016-09-12 21:49:42','2016-09-12 21:49:42',17651,34),('2016-09-12 21:49:42','2016-09-12 21:49:42',17651,35),('2016-09-12 21:48:25','2016-09-12 21:48:25',19777,1),('2016-09-12 21:48:25','2016-09-12 21:48:25',19777,8),('2016-09-12 21:48:25','2016-09-12 21:48:25',19777,15),('2016-09-12 21:48:25','2016-09-12 21:48:25',19777,22),('2016-09-13 16:17:36','2016-09-13 16:17:36',21241,3),('2016-09-13 16:17:36','2016-09-13 16:17:36',21241,7),('2016-09-13 16:17:36','2016-09-13 16:17:36',21241,10),('2016-09-13 16:17:36','2016-09-13 16:17:36',21241,34),('2016-09-13 16:17:36','2016-09-13 16:17:36',21241,37),('2016-09-12 21:48:24','2016-09-12 21:48:24',25613,4),('2016-09-12 21:48:24','2016-09-12 21:48:24',25613,8),('2016-09-12 21:48:24','2016-09-12 21:48:24',25613,10),('2016-09-12 21:48:24','2016-09-12 21:48:24',25613,12),('2016-09-13 16:18:42','2016-09-13 16:18:42',27708,1),('2016-09-13 16:18:42','2016-09-13 16:18:42',27708,10),('2016-09-13 16:18:42','2016-09-13 16:18:42',27708,29),('2016-09-12 21:50:24','2016-09-12 21:50:24',27833,7),('2016-09-12 21:50:24','2016-09-12 21:50:24',27833,8),('2016-09-12 21:50:23','2016-09-12 21:50:23',27833,19),('2016-09-13 16:19:06','2016-09-13 16:19:06',30380,8),('2016-09-13 16:19:06','2016-09-13 16:19:06',30380,10),('2016-09-13 16:19:06','2016-09-13 16:19:06',30380,23),('2016-09-13 16:19:06','2016-09-13 16:19:06',30380,30),('2016-09-12 21:51:46','2016-09-12 21:51:46',31481,7),('2016-09-12 21:51:46','2016-09-12 21:51:46',31481,9),('2016-09-12 21:49:41','2016-09-12 21:49:41',33160,1),('2016-09-12 21:49:41','2016-09-12 21:49:41',33160,4),('2016-09-12 21:49:41','2016-09-12 21:49:41',33160,6),('2016-09-12 21:49:25','2016-09-12 21:49:25',35285,8),('2016-09-12 21:49:25','2016-09-12 21:49:25',35285,19),('2016-09-12 21:49:25','2016-09-12 21:49:25',35285,22),('2016-09-13 16:18:44','2016-09-13 16:18:44',37111,2),('2016-09-13 16:18:44','2016-09-13 16:18:44',37111,3),('2016-09-13 16:18:44','2016-09-13 16:18:44',37111,5),('2016-09-13 16:18:44','2016-09-13 16:18:44',37111,9),('2016-09-13 16:18:44','2016-09-13 16:18:44',37111,10),('2016-09-13 16:18:44','2016-09-13 16:18:44',37111,16),('2016-09-13 16:18:41','2016-09-13 16:18:41',39351,3),('2016-09-13 16:18:41','2016-09-13 16:18:41',39351,32),('2016-09-12 21:51:17','2016-09-12 21:51:17',41066,3),('2016-09-12 21:51:16','2016-09-12 21:51:16',41066,5),('2016-09-12 21:51:16','2016-09-12 21:51:16',41066,9),('2016-09-12 21:51:16','2016-09-12 21:51:16',41066,28),('2016-09-12 21:51:16','2016-09-12 21:51:16',41066,29),('2016-09-12 21:51:16','2016-09-12 21:51:16',41066,30),('2016-09-12 21:48:23','2016-09-12 21:48:23',41749,8),('2016-09-12 21:48:23','2016-09-12 21:48:23',41749,19),('2016-09-12 21:48:23','2016-09-12 21:48:23',41749,20),('2016-09-12 21:48:23','2016-09-12 21:48:23',41749,22),('2016-09-12 21:50:24','2016-09-12 21:50:24',42052,1),('2016-09-12 21:50:24','2016-09-12 21:50:24',42052,20),('2016-09-13 16:17:37','2016-09-13 16:17:37',43015,1),('2016-09-13 16:17:37','2016-09-13 16:17:37',43015,12),('2016-09-13 16:17:37','2016-09-13 16:17:37',43015,19),('2016-09-13 16:17:37','2016-09-13 16:17:37',43015,28),('2016-09-12 21:50:25','2016-09-12 21:50:25',45315,7),('2016-09-12 21:50:25','2016-09-12 21:50:25',45315,10),('2016-09-12 21:50:25','2016-09-12 21:50:25',45315,11),('2016-09-12 21:50:25','2016-09-12 21:50:25',45315,20),('2016-09-12 21:50:25','2016-09-12 21:50:25',45315,40),('2016-09-13 16:17:35','2016-09-13 16:17:35',54043,4),('2016-09-13 16:17:35','2016-09-13 16:17:35',54043,6),('2016-09-13 16:17:35','2016-09-13 16:17:35',54043,10),('2016-09-12 21:50:20','2016-09-12 21:50:20',62222,9),('2016-09-12 21:50:20','2016-09-12 21:50:20',62222,10),('2016-09-12 21:50:20','2016-09-12 21:50:20',62222,14),('2016-09-12 21:50:20','2016-09-12 21:50:20',62222,29),('2016-09-12 21:50:20','2016-09-12 21:50:20',62222,34),('2016-09-13 16:18:40','2016-09-13 16:18:40',62227,1),('2016-09-13 16:18:41','2016-09-13 16:18:41',62227,3),('2016-09-13 16:18:40','2016-09-13 16:18:40',62227,9),('2016-09-13 16:18:40','2016-09-13 16:18:40',62227,10),('2016-09-13 16:18:40','2016-09-13 16:18:40',62227,28),('2016-09-13 16:18:40','2016-09-13 16:18:40',62227,29),('2016-09-12 21:48:23','2016-09-12 21:48:23',65901,4),('2016-09-12 21:48:23','2016-09-12 21:48:23',65901,10),('2016-09-12 21:48:23','2016-09-12 21:48:23',65901,19),('2016-09-12 21:48:25','2016-09-12 21:48:25',67917,1),('2016-09-12 21:48:25','2016-09-12 21:48:25',67917,10),('2016-09-12 21:48:25','2016-09-12 21:48:25',67917,12),('2016-09-12 21:48:25','2016-09-12 21:48:25',67917,29),('2016-09-13 16:17:36','2016-09-13 16:17:36',68448,3),('2016-09-13 16:17:36','2016-09-13 16:17:36',68448,4),('2016-09-13 16:17:36','2016-09-13 16:17:36',68448,6),('2016-09-13 16:17:36','2016-09-13 16:17:36',68448,11),('2016-09-12 21:51:39','2016-09-12 21:51:39',70149,6),('2016-09-12 21:51:39','2016-09-12 21:51:39',70149,7),('2016-09-12 21:51:39','2016-09-12 21:51:39',70149,14),('2016-09-12 21:51:39','2016-09-12 21:51:39',70149,20),('2016-09-12 21:51:39','2016-09-12 21:51:39',70149,41),('2016-09-12 21:49:25','2016-09-12 21:49:25',70512,1),('2016-09-12 21:49:25','2016-09-12 21:49:25',70512,7),('2016-09-12 21:49:25','2016-09-12 21:49:25',70512,14),('2016-09-12 21:49:25','2016-09-12 21:49:25',70512,20),('2016-09-12 21:49:25','2016-09-12 21:49:25',70512,28),('2016-09-12 21:50:20','2016-09-12 21:50:20',72225,1),('2016-09-12 21:50:20','2016-09-12 21:50:20',72225,4),('2016-09-12 21:50:20','2016-09-12 21:50:20',72225,20),('2016-09-12 21:49:41','2016-09-12 21:49:41',73439,1),('2016-09-12 21:49:41','2016-09-12 21:49:41',73439,9),('2016-09-13 16:17:35','2016-09-13 16:17:35',84876,6),('2016-09-13 16:17:35','2016-09-13 16:17:35',84876,7),('2016-09-13 16:17:35','2016-09-13 16:17:35',84876,9),('2016-09-12 21:49:41','2016-09-12 21:49:41',94104,1),('2016-09-12 21:49:41','2016-09-12 21:49:41',94104,3),('2016-09-12 21:49:41','2016-09-12 21:49:41',94104,4),('2016-09-12 21:49:41','2016-09-12 21:49:41',94104,10),('2016-09-12 21:48:24','2016-09-12 21:48:24',95527,1),('2016-09-12 21:48:24','2016-09-12 21:48:24',95527,9),('2016-09-12 21:48:24','2016-09-12 21:48:24',95527,20),('2016-09-13 16:17:39','2016-09-13 16:17:39',96913,1),('2016-09-13 16:17:39','2016-09-13 16:17:39',96913,8),('2016-09-13 16:17:39','2016-09-13 16:17:39',96913,20),('2016-09-13 16:17:39','2016-09-13 16:17:39',96913,23),('2016-09-13 16:17:35','2016-09-13 16:17:35',97903,2),('2016-09-13 16:17:35','2016-09-13 16:17:35',97903,3),('2016-09-13 16:17:35','2016-09-13 16:17:35',97903,6),('2016-09-13 16:18:42','2016-09-13 16:18:42',97915,1),('2016-09-13 16:18:42','2016-09-13 16:18:42',97915,3),('2016-09-13 16:18:42','2016-09-13 16:18:42',97915,4),('2016-09-13 16:18:42','2016-09-13 16:18:42',97915,35),('2016-09-13 16:17:36','2016-09-13 16:17:36',102794,7),('2016-09-13 16:17:36','2016-09-13 16:17:36',102794,20),('2016-09-12 21:49:41','2016-09-12 21:49:41',104006,6),('2016-09-12 21:49:41','2016-09-12 21:49:41',104006,20),('2016-09-13 16:17:36','2016-09-13 16:17:36',105134,2),('2016-09-13 16:17:36','2016-09-13 16:17:36',105134,3),('2016-09-13 16:17:36','2016-09-13 16:17:36',105134,4),('2016-09-13 16:17:36','2016-09-13 16:17:36',105134,9),('2016-09-13 16:17:36','2016-09-13 16:17:36',105134,37),('2016-09-12 21:51:47','2016-09-12 21:51:47',110327,6),('2016-09-12 21:51:47','2016-09-12 21:51:47',110327,20),('2016-09-12 21:51:47','2016-09-12 21:51:47',110327,24),('2016-09-13 16:17:39','2016-09-13 16:17:39',120677,3),('2016-09-13 16:17:38','2016-09-13 16:17:38',120677,19),('2016-09-13 16:17:39','2016-09-13 16:17:39',120677,20),('2016-09-12 21:51:16','2016-09-12 21:51:16',121408,4),('2016-09-12 21:51:16','2016-09-12 21:51:16',121408,10),('2016-09-12 21:51:16','2016-09-12 21:51:16',121408,19),('2016-09-12 21:51:16','2016-09-12 21:51:16',121408,26),('2016-09-13 16:17:37','2016-09-13 16:17:37',121921,3),('2016-09-13 16:17:37','2016-09-13 16:17:37',121921,7),('2016-09-13 16:17:37','2016-09-13 16:17:37',121921,9),('2016-09-13 16:17:37','2016-09-13 16:17:37',121921,11),('2016-09-13 16:17:37','2016-09-13 16:17:37',121921,13),('2016-09-13 16:17:37','2016-09-13 16:17:37',121921,14),('2016-09-13 16:17:37','2016-09-13 16:17:37',121921,20),('2016-09-12 21:48:24','2016-09-12 21:48:24',122298,4),('2016-09-12 21:48:24','2016-09-12 21:48:24',122298,6),('2016-09-12 21:48:24','2016-09-12 21:48:24',122298,10),('2016-09-12 21:48:24','2016-09-12 21:48:24',122298,18),('2016-09-07 11:51:33','2016-09-07 11:51:33',122515,6),('2016-09-07 11:51:33','2016-09-07 11:51:33',122515,7),('2016-09-07 11:51:33','2016-09-07 11:51:33',122515,8),('2016-09-07 11:51:33','2016-09-07 11:51:33',122515,14),('2016-09-07 11:51:33','2016-09-07 11:51:33',122515,15),('2016-09-07 11:51:33','2016-09-07 11:51:33',122515,18),('2016-09-07 11:51:33','2016-09-07 11:51:33',122515,19),('2016-09-07 11:51:33','2016-09-07 11:51:33',122515,20),('2016-09-12 21:49:40','2016-09-12 21:49:40',123499,1),('2016-09-12 21:49:40','2016-09-12 21:49:40',123499,3),('2016-09-12 21:49:40','2016-09-12 21:49:40',123499,4),('2016-09-12 21:49:40','2016-09-12 21:49:40',123499,10),('2016-09-12 21:49:40','2016-09-12 21:49:40',123499,12),('2016-09-12 21:49:40','2016-09-12 21:49:40',123499,26),('2016-09-13 16:18:41','2016-09-13 16:18:41',124361,4),('2016-09-13 16:18:41','2016-09-13 16:18:41',124361,10),('2016-09-13 16:18:41','2016-09-13 16:18:41',124361,26),('2016-09-13 16:18:41','2016-09-13 16:18:41',124361,28),('2016-09-05 23:18:44','2016-09-05 23:18:44',124827,3),('2016-09-05 23:18:44','2016-09-05 23:18:44',124827,5),('2016-09-05 23:18:44','2016-09-05 23:18:44',124827,9),('2016-09-05 23:18:44','2016-09-05 23:18:44',124827,12),('2016-09-05 23:18:44','2016-09-05 23:18:44',124827,13),('2016-09-05 23:18:44','2016-09-05 23:18:44',124827,14),('2016-09-12 21:51:46','2016-09-12 21:51:46',125153,6),('2016-09-12 21:51:46','2016-09-12 21:51:46',125153,20),('2016-09-12 21:51:46','2016-09-12 21:51:46',125153,32),('2016-09-12 21:48:24','2016-09-12 21:48:24',125678,26),('2016-09-12 21:48:23','2016-09-12 21:48:23',126042,3),('2016-09-12 21:48:23','2016-09-12 21:48:23',126042,4),('2016-09-13 16:19:06','2016-09-13 16:19:06',126163,6),('2016-09-13 16:19:06','2016-09-13 16:19:06',126163,20),('2016-09-13 16:18:40','2016-09-13 16:18:40',127023,1),('2016-09-13 16:18:40','2016-09-13 16:18:40',127023,2),('2016-09-13 16:18:40','2016-09-13 16:18:40',127023,4),('2016-09-13 16:18:40','2016-09-13 16:18:40',127023,12),('2016-09-13 16:18:40','2016-09-13 16:18:40',127023,29),('2016-09-12 21:48:25','2016-09-12 21:48:25',128671,3),('2016-09-12 21:48:25','2016-09-12 21:48:25',128671,8),('2016-09-12 21:48:25','2016-09-12 21:48:25',128671,9),('2016-09-12 21:48:25','2016-09-12 21:48:25',128671,10),('2016-09-12 21:48:25','2016-09-12 21:48:25',128671,21),('2016-09-12 21:48:25','2016-09-12 21:48:25',128671,25),('2016-09-12 21:48:25','2016-09-12 21:48:25',128671,31),('2016-09-12 21:50:19','2016-09-12 21:50:19',129320,6),('2016-09-12 21:50:19','2016-09-12 21:50:19',129320,9),('2016-09-12 21:49:42','2016-09-12 21:49:42',129437,4),('2016-09-12 21:49:42','2016-09-12 21:49:42',129437,13),('2016-09-12 21:49:42','2016-09-12 21:49:42',129437,26),('2016-09-12 21:50:25','2016-09-12 21:50:25',131287,1),('2016-09-12 21:50:25','2016-09-12 21:50:25',131287,9),('2016-09-12 21:50:25','2016-09-12 21:50:25',131287,15),('2016-09-12 21:50:25','2016-09-12 21:50:25',131287,20),('2016-09-12 21:50:25','2016-09-12 21:50:25',131287,22),('2016-09-12 21:50:25','2016-09-12 21:50:25',131287,28),('2016-09-12 21:50:19','2016-09-12 21:50:19',131357,3),('2016-09-12 21:50:19','2016-09-12 21:50:19',131357,18),('2016-09-12 21:50:19','2016-09-12 21:50:19',131357,24),('2016-09-12 21:50:19','2016-09-12 21:50:19',131357,37),('2016-09-12 21:49:43','2016-09-12 21:49:43',131751,2),('2016-09-12 21:49:43','2016-09-12 21:49:43',131751,3),('2016-09-12 21:49:43','2016-09-12 21:49:43',131751,5),('2016-09-12 21:49:43','2016-09-12 21:49:43',131751,9),('2016-09-12 21:49:43','2016-09-12 21:49:43',131751,10),('2016-09-12 21:49:43','2016-09-12 21:49:43',131751,13),('2016-09-12 21:49:43','2016-09-12 21:49:43',131751,14),('2016-09-12 21:49:43','2016-09-12 21:49:43',131751,15),('2016-09-12 21:49:43','2016-09-12 21:49:43',131751,16),('2016-09-12 21:51:15','2016-09-12 21:51:15',132018,29),('2016-09-13 16:19:06','2016-09-13 16:19:06',132028,9),('2016-09-13 16:19:06','2016-09-13 16:19:06',132028,12),('2016-09-13 16:19:06','2016-09-13 16:19:06',132028,14),('2016-09-13 16:19:06','2016-09-13 16:19:06',132028,34),('2016-09-13 16:19:06','2016-09-13 16:19:06',132028,35),('2016-09-12 21:49:42','2016-09-12 21:49:42',132531,3),('2016-09-12 21:49:42','2016-09-12 21:49:42',132531,9),('2016-09-12 21:49:42','2016-09-12 21:49:42',132531,11),('2016-09-12 21:49:42','2016-09-12 21:49:42',132531,26),('2016-09-12 21:49:42','2016-09-12 21:49:42',132531,30),('2016-09-12 21:51:15','2016-09-12 21:51:15',132544,3),('2016-09-12 21:51:15','2016-09-12 21:51:15',132544,10),('2016-09-12 21:51:15','2016-09-12 21:51:15',132544,12),('2016-09-12 21:51:15','2016-09-12 21:51:15',132544,19),('2016-09-12 21:51:15','2016-09-12 21:51:15',132544,22),('2016-09-12 21:51:15','2016-09-12 21:51:15',132544,32),('2016-09-12 21:50:20','2016-09-12 21:50:20',133848,3),('2016-09-12 21:50:20','2016-09-12 21:50:20',133848,6),('2016-09-12 21:50:20','2016-09-12 21:50:20',133848,9),('2016-09-12 21:50:20','2016-09-12 21:50:20',133848,10),('2016-09-12 21:50:20','2016-09-12 21:50:20',133848,20),('2016-09-13 16:17:36','2016-09-13 16:17:36',134964,2),('2016-09-13 16:17:36','2016-09-13 16:17:36',134964,9),('2016-09-13 16:17:36','2016-09-13 16:17:36',134964,34),('2016-09-12 21:48:25','2016-09-12 21:48:25',136888,9),('2016-09-12 21:48:25','2016-09-12 21:48:25',136888,10),('2016-09-12 21:49:41','2016-09-12 21:49:41',136955,26),('2016-09-12 21:48:24','2016-09-12 21:48:24',138161,2),('2016-09-12 21:48:24','2016-09-12 21:48:24',138161,3),('2016-09-12 21:48:24','2016-09-12 21:48:24',138161,4),('2016-09-12 21:48:24','2016-09-12 21:48:24',138161,9),('2016-09-12 21:48:24','2016-09-12 21:48:24',138161,15),('2016-09-12 21:48:24','2016-09-12 21:48:24',138161,24),('2016-09-12 21:48:24','2016-09-12 21:48:24',138161,25),('2016-09-13 16:18:42','2016-09-13 16:18:42',140603,6),('2016-09-13 16:18:42','2016-09-13 16:18:42',140603,9),('2016-09-13 16:18:42','2016-09-13 16:18:42',140603,20),('2016-09-13 16:18:42','2016-09-13 16:18:42',140603,38),('2016-09-13 16:18:42','2016-09-13 16:18:42',140603,39),('2016-09-13 16:17:37','2016-09-13 16:17:37',140620,4),('2016-09-13 16:17:37','2016-09-13 16:17:37',140620,10),('2016-09-13 16:17:37','2016-09-13 16:17:37',140620,20),('2016-09-13 16:17:37','2016-09-13 16:17:37',140620,26),('2016-09-13 16:17:39','2016-09-13 16:17:39',141090,8),('2016-09-12 21:48:24','2016-09-12 21:48:24',141517,1),('2016-09-12 21:48:24','2016-09-12 21:48:24',141517,4),('2016-09-12 21:48:25','2016-09-12 21:48:25',141517,5),('2016-09-12 21:48:24','2016-09-12 21:48:24',141517,8),('2016-09-12 21:48:24','2016-09-12 21:48:24',141517,10),('2016-09-12 21:48:24','2016-09-12 21:48:24',141517,26),('2016-09-12 21:48:25','2016-09-12 21:48:25',141517,28),('2016-09-12 21:48:24','2016-09-12 21:48:24',143401,2),('2016-09-12 21:48:24','2016-09-12 21:48:24',143401,8),('2016-09-12 21:48:24','2016-09-12 21:48:24',143401,19),('2016-09-12 21:48:24','2016-09-12 21:48:24',143401,20),('2016-09-12 21:48:23','2016-09-12 21:48:23',143519,1),('2016-09-12 21:48:23','2016-09-12 21:48:23',143519,3),('2016-09-12 21:48:23','2016-09-12 21:48:23',143519,9),('2016-09-12 21:48:23','2016-09-12 21:48:23',143519,14),('2016-09-12 21:48:23','2016-09-12 21:48:23',143519,21),('2016-09-12 21:48:25','2016-09-12 21:48:25',143693,4),('2016-09-12 21:48:25','2016-09-12 21:48:25',143693,6),('2016-09-12 21:48:25','2016-09-12 21:48:25',143693,7),('2016-09-12 21:48:25','2016-09-12 21:48:25',143693,11),('2016-09-12 21:48:25','2016-09-12 21:48:25',143693,30),('2016-09-12 21:51:16','2016-09-12 21:51:16',143884,4),('2016-09-12 21:51:16','2016-09-12 21:51:16',143884,9),('2016-09-12 21:50:24','2016-09-12 21:50:24',144344,1),('2016-09-12 21:50:24','2016-09-12 21:50:24',144344,4),('2016-09-12 21:50:24','2016-09-12 21:50:24',144344,6),('2016-09-12 21:50:24','2016-09-12 21:50:24',144344,10),('2016-09-12 21:50:24','2016-09-12 21:50:24',144344,26),('2016-09-12 21:48:25','2016-09-12 21:48:25',144592,4),('2016-09-12 21:48:25','2016-09-12 21:48:25',144592,8),('2016-09-12 21:48:25','2016-09-12 21:48:25',144592,14),('2016-09-12 21:48:25','2016-09-12 21:48:25',144592,20),('2016-09-12 21:48:23','2016-09-12 21:48:23',144733,20),('2016-09-12 21:51:47','2016-09-12 21:51:47',146021,3),('2016-09-12 21:51:47','2016-09-12 21:51:47',146021,9),('2016-09-12 21:51:47','2016-09-12 21:51:47',146021,13),('2016-09-12 21:51:47','2016-09-12 21:51:47',146021,28),('2016-09-12 21:49:42','2016-09-12 21:49:42',146439,3),('2016-09-12 21:49:42','2016-09-12 21:49:42',146439,9),('2016-09-12 21:49:42','2016-09-12 21:49:42',146439,14),('2016-09-12 21:49:42','2016-09-12 21:49:42',146439,21),('2016-09-12 21:49:42','2016-09-12 21:49:42',146439,29),('2016-09-12 21:51:46','2016-09-12 21:51:46',146508,3),('2016-09-12 21:51:46','2016-09-12 21:51:46',146508,9),('2016-09-12 21:51:46','2016-09-12 21:51:46',146508,13),('2016-09-12 21:51:46','2016-09-12 21:51:46',146508,16),('2016-09-12 21:51:46','2016-09-12 21:51:46',146508,23),('2016-09-12 21:51:46','2016-09-12 21:51:46',146508,33),('2016-09-13 16:17:37','2016-09-13 16:17:37',146652,3),('2016-09-13 16:17:36','2016-09-13 16:17:36',146652,4),('2016-09-13 16:17:37','2016-09-13 16:17:37',146652,13),('2016-09-13 16:17:37','2016-09-13 16:17:37',146652,26),('2016-09-13 16:17:37','2016-09-13 16:17:37',146652,37),('2016-09-13 16:18:41','2016-09-13 16:18:41',146886,1),('2016-09-13 16:18:41','2016-09-13 16:18:41',146886,9),('2016-09-13 16:18:41','2016-09-13 16:18:41',146886,10),('2016-09-13 16:18:41','2016-09-13 16:18:41',146886,11),('2016-09-12 21:50:20','2016-09-12 21:50:20',147101,3),('2016-09-12 21:50:20','2016-09-12 21:50:20',147101,20),('2016-09-12 21:50:19','2016-09-12 21:50:19',148228,4),('2016-09-12 21:50:19','2016-09-12 21:50:19',148228,6),('2016-09-12 21:51:10','2016-09-12 21:51:10',150013,34),('2016-09-12 21:49:42','2016-09-12 21:49:42',150146,9),('2016-09-12 21:49:42','2016-09-12 21:49:42',150146,14),('2016-09-12 21:49:42','2016-09-12 21:49:42',150146,26),('2016-09-12 21:49:42','2016-09-12 21:49:42',150146,36),('2016-09-12 21:49:42','2016-09-12 21:49:42',150376,2),('2016-09-12 21:49:42','2016-09-12 21:49:42',150376,3),('2016-09-12 21:49:42','2016-09-12 21:49:42',150376,9),('2016-09-12 21:49:42','2016-09-12 21:49:42',150376,10),('2016-09-12 21:49:42','2016-09-12 21:49:42',150376,12),('2016-09-12 21:49:42','2016-09-12 21:49:42',150376,13),('2016-09-12 21:49:42','2016-09-12 21:49:42',150376,23),('2016-09-12 21:49:42','2016-09-12 21:49:42',150376,33),('2016-09-12 21:49:41','2016-09-12 21:49:41',154008,9),('2016-09-12 21:49:40','2016-09-12 21:49:40',154182,7),('2016-09-12 21:49:40','2016-09-12 21:49:40',154182,12),('2016-09-12 21:50:25','2016-09-12 21:50:25',154203,3),('2016-09-12 21:50:25','2016-09-12 21:50:25',154203,4),('2016-09-12 21:50:25','2016-09-12 21:50:25',154203,10),('2016-09-12 21:50:25','2016-09-12 21:50:25',154203,24),('2016-09-12 21:50:24','2016-09-12 21:50:24',155703,10),('2016-09-12 21:50:24','2016-09-12 21:50:24',155703,11),('2016-09-12 21:50:24','2016-09-12 21:50:24',155703,12),('2016-09-12 21:50:24','2016-09-12 21:50:24',155703,35),('2016-09-12 21:50:24','2016-09-12 21:50:24',155703,38),('2016-09-12 21:50:24','2016-09-12 21:50:24',155703,39),('2016-09-12 21:50:25','2016-09-12 21:50:25',157096,1),('2016-09-12 21:50:25','2016-09-12 21:50:25',157096,10),('2016-09-12 21:50:25','2016-09-12 21:50:25',157096,11),('2016-09-12 21:51:45','2016-09-12 21:51:45',157969,6),('2016-09-12 21:51:45','2016-09-12 21:51:45',157969,10),('2016-09-12 21:51:45','2016-09-12 21:51:45',157969,16),('2016-09-12 21:50:24','2016-09-12 21:50:24',158109,1),('2016-09-12 21:50:24','2016-09-12 21:50:24',158109,9),('2016-09-12 21:50:24','2016-09-12 21:50:24',158109,10),('2016-09-12 21:50:24','2016-09-12 21:50:24',158109,28),('2016-09-12 21:51:46','2016-09-12 21:51:46',159675,20),('2016-09-12 21:49:41','2016-09-12 21:49:41',161317,3),('2016-09-12 21:49:41','2016-09-12 21:49:41',161317,19),('2016-09-12 21:49:41','2016-09-12 21:49:41',161317,30),('2016-09-12 21:50:24','2016-09-12 21:50:24',161417,6),('2016-09-12 21:50:24','2016-09-12 21:50:24',161417,10),('2016-09-12 21:50:24','2016-09-12 21:50:24',161417,37),('2016-09-12 21:51:16','2016-09-12 21:51:16',161936,3),('2016-09-12 21:51:16','2016-09-12 21:51:16',161936,6),('2016-09-12 21:51:16','2016-09-12 21:51:16',161936,10),('2016-09-12 21:51:16','2016-09-12 21:51:16',161936,12),('2016-09-12 21:51:16','2016-09-12 21:51:16',161936,13),('2016-09-12 21:51:16','2016-09-12 21:51:16',161936,25),('2016-09-12 21:51:16','2016-09-12 21:51:16',161936,28),('2016-09-12 21:50:20','2016-09-12 21:50:20',161970,4),('2016-09-12 21:50:20','2016-09-12 21:50:20',161970,10),('2016-09-12 21:50:20','2016-09-12 21:50:20',161970,12),('2016-09-12 21:50:20','2016-09-12 21:50:20',161970,18),('2016-09-12 21:50:20','2016-09-12 21:50:20',161970,20),('2016-09-12 21:51:45','2016-09-12 21:51:45',163967,1),('2016-09-12 21:51:45','2016-09-12 21:51:45',163967,9),('2016-09-12 21:51:45','2016-09-12 21:51:45',163967,40),('2016-09-12 21:51:10','2016-09-12 21:51:10',164153,5),('2016-09-12 21:51:10','2016-09-12 21:51:10',164153,9),('2016-09-12 21:51:10','2016-09-12 21:51:10',164153,14),('2016-09-12 21:51:10','2016-09-12 21:51:10',164153,16),('2016-09-12 21:51:10','2016-09-12 21:51:10',164153,21),('2016-09-12 21:51:17','2016-09-12 21:51:17',164338,1),('2016-09-12 21:51:17','2016-09-12 21:51:17',164338,4),('2016-09-12 21:51:17','2016-09-12 21:51:17',164338,7),('2016-09-12 21:51:17','2016-09-12 21:51:17',164338,14),('2016-09-12 21:51:17','2016-09-12 21:51:17',164338,20),('2016-09-12 21:49:41','2016-09-12 21:49:41',166857,1),('2016-09-12 21:49:41','2016-09-12 21:49:41',166857,2),('2016-09-12 21:51:46','2016-09-12 21:51:46',167650,17),('2016-09-05 18:46:17','2016-09-05 18:46:17',168435,4),('2016-09-05 18:46:17','2016-09-05 18:46:17',168435,5),('2016-09-05 18:46:17','2016-09-05 18:46:17',168435,6),('2016-09-05 18:46:17','2016-09-05 18:46:17',168435,7),('2016-09-05 14:14:41','2016-09-05 14:14:41',169786,1),('2016-09-05 14:14:41','2016-09-05 14:14:41',169786,2),('2016-09-05 14:14:41','2016-09-05 14:14:41',169786,3),('2016-09-12 21:51:45','2016-09-12 21:51:45',170042,6),('2016-09-12 21:51:45','2016-09-12 21:51:45',170042,10),('2016-09-12 21:51:45','2016-09-12 21:51:45',170042,20),('2016-09-12 21:51:10','2016-09-12 21:51:10',170216,1),('2016-09-12 21:51:10','2016-09-12 21:51:10',170216,2),('2016-09-12 21:51:10','2016-09-12 21:51:10',170216,3),('2016-09-12 21:51:10','2016-09-12 21:51:10',170216,4),('2016-09-12 21:51:10','2016-09-12 21:51:10',170216,12),('2016-09-12 21:51:16','2016-09-12 21:51:16',172381,4),('2016-09-12 21:51:16','2016-09-12 21:51:16',172381,9),('2016-09-12 21:51:17','2016-09-12 21:51:17',172386,1),('2016-09-12 21:51:17','2016-09-12 21:51:17',172386,3),('2016-09-12 21:51:17','2016-09-12 21:51:17',172386,4),('2016-09-12 21:51:17','2016-09-12 21:51:17',172386,10),('2016-09-12 21:51:17','2016-09-12 21:51:17',172386,11),('2016-09-12 21:51:17','2016-09-12 21:51:17',172386,20),('2016-09-12 21:51:17','2016-09-12 21:51:17',172386,22),('2016-09-12 21:51:17','2016-09-12 21:51:17',172386,26),('2016-09-12 21:51:17','2016-09-12 21:51:17',172386,40),('2016-09-12 21:51:16','2016-09-12 21:51:16',172818,4),('2016-09-12 21:51:16','2016-09-12 21:51:16',172818,6),('2016-09-12 21:51:16','2016-09-12 21:51:16',172818,9),('2016-09-12 21:51:16','2016-09-12 21:51:16',172818,12),('2016-09-12 21:51:16','2016-09-12 21:51:16',172818,25),('2016-09-12 21:51:16','2016-09-12 21:51:16',172818,26),('2016-09-12 21:51:16','2016-09-12 21:51:16',172818,33),('2016-09-12 21:51:46','2016-09-12 21:51:46',174785,1),('2016-09-12 21:51:46','2016-09-12 21:51:46',174785,3),('2016-09-12 21:51:46','2016-09-12 21:51:46',174785,6),('2016-09-12 21:51:46','2016-09-12 21:51:46',174785,9),('2016-09-12 21:51:46','2016-09-12 21:51:46',174785,25),('2016-09-13 16:19:05','2016-09-13 16:19:05',175155,1),('2016-09-13 16:19:05','2016-09-13 16:19:05',175155,3),('2016-09-13 16:19:05','2016-09-13 16:19:05',175155,9),('2016-09-13 16:19:05','2016-09-13 16:19:05',175155,10),('2016-09-13 16:19:05','2016-09-13 16:19:05',175155,14),('2016-09-10 03:48:39','2016-09-10 03:48:39',180037,6),('2016-09-10 03:48:39','2016-09-10 03:48:39',180037,8),('2016-09-10 03:48:39','2016-09-10 03:48:39',180037,14),('2016-09-10 03:48:39','2016-09-10 03:48:39',180037,15),('2016-09-10 03:48:39','2016-09-10 03:48:39',180037,19),('2016-09-10 03:48:39','2016-09-10 03:48:39',180037,20),('2016-09-12 21:51:15','2016-09-12 21:51:15',180899,4),('2016-09-12 21:51:15','2016-09-12 21:51:15',180899,6),('2016-09-12 21:51:15','2016-09-12 21:51:15',180899,22),('2016-09-12 21:51:15','2016-09-12 21:51:15',180899,25),('2016-09-12 21:51:10','2016-09-12 21:51:10',181494,10),('2016-09-12 21:51:10','2016-09-12 21:51:10',181494,40),('2016-09-12 21:51:15','2016-09-12 21:51:15',182619,3),('2016-09-12 21:51:15','2016-09-12 21:51:15',182619,8),('2016-09-12 21:51:15','2016-09-12 21:51:15',182619,12),('2016-09-12 21:51:15','2016-09-12 21:51:15',182619,20),('2016-09-12 21:51:15','2016-09-12 21:51:15',182619,25),('2016-09-12 21:51:15','2016-09-12 21:51:15',182619,32),('2016-09-12 21:51:45','2016-09-12 21:51:45',187645,2),('2016-09-12 21:51:45','2016-09-12 21:51:45',187645,9),('2016-09-12 21:51:45','2016-09-12 21:51:45',187645,10),('2016-09-05 18:43:25','2016-09-05 18:43:25',199727,1),('2016-09-12 21:51:47','2016-09-12 21:51:47',200784,3),('2016-09-12 21:51:47','2016-09-12 21:51:47',200784,9),('2016-09-12 21:51:47','2016-09-12 21:51:47',200784,13),('2016-09-12 21:51:47','2016-09-12 21:51:47',200784,14),('2016-09-12 21:51:47','2016-09-12 21:51:47',200784,16),('2016-09-12 21:51:47','2016-09-12 21:51:47',200784,21),('2016-09-06 19:05:10','2016-09-06 19:05:10',205059,2),('2016-09-06 19:05:10','2016-09-06 19:05:10',205059,3),('2016-09-06 19:05:10','2016-09-06 19:05:10',205059,5),('2016-09-06 19:05:10','2016-09-06 19:05:10',205059,9),('2016-09-06 19:05:10','2016-09-06 19:05:10',205059,10),('2016-09-06 19:05:10','2016-09-06 19:05:10',205059,13),('2016-09-06 19:05:10','2016-09-06 19:05:10',205059,14),('2016-09-06 19:05:10','2016-09-06 19:05:10',205059,15),('2016-09-06 19:05:10','2016-09-06 19:05:10',205059,16);
/*!40000 ALTER TABLE `GameMechanic` ENABLE KEYS */;
UNLOCK TABLES;

--
-- Table structure for table `GameplayScores`
--

DROP TABLE IF EXISTS `GameplayScores`;
/*!40101 SET @saved_cs_client     = @@character_set_client */;
/*!40101 SET character_set_client = utf8 */;
CREATE TABLE `GameplayScores` (
  `id` int(11) NOT NULL AUTO_INCREMENT,
  `points` float DEFAULT NULL,
  `rank` int(11) DEFAULT NULL,
  `createdAt` datetime NOT NULL,
  `updatedAt` datetime NOT NULL,
  `GameplayId` int(11) DEFAULT NULL,
  `PlayerId` int(11) DEFAULT NULL,
  PRIMARY KEY (`id`),
  KEY `GameplayId` (`GameplayId`),
  KEY `PlayerId` (`PlayerId`),
  KEY `gameplay_scores_points` (`points`),
  CONSTRAINT `GameplayScores_ibfk_1` FOREIGN KEY (`GameplayId`) REFERENCES `Gameplays` (`id`) ON DELETE SET NULL ON UPDATE CASCADE,
  CONSTRAINT `GameplayScores_ibfk_2` FOREIGN KEY (`PlayerId`) REFERENCES `Users` (`id`) ON DELETE SET NULL ON UPDATE CASCADE
) ENGINE=InnoDB AUTO_INCREMENT=24 DEFAULT CHARSET=utf8 COLLATE=utf8_unicode_ci;
/*!40101 SET character_set_client = @saved_cs_client */;

--
-- Dumping data for table `GameplayScores`
--

LOCK TABLES `GameplayScores` WRITE;
/*!40000 ALTER TABLE `GameplayScores` DISABLE KEYS */;
INSERT INTO `GameplayScores` VALUES (1,58,1,'2016-09-05 23:18:19','2016-09-05 23:18:19',1,1),(2,58,1,'2016-09-05 23:18:19','2016-09-05 23:18:19',1,2),(3,58,1,'2016-09-05 23:18:19','2016-09-05 23:18:19',1,3),(4,54,4,'2016-09-05 23:18:19','2016-09-05 23:18:19',1,4),(5,54,4,'2016-09-05 23:18:19','2016-09-05 23:18:19',1,5),(6,0,2,'2016-09-05 23:19:14','2016-09-05 23:19:14',2,1),(7,0,2,'2016-09-05 23:19:14','2016-09-05 23:19:14',2,6),(8,1,1,'2016-09-05 23:19:14','2016-09-05 23:19:14',2,7),(9,0,2,'2016-09-05 23:19:14','2016-09-05 23:19:14',2,4),(10,0,2,'2016-09-06 19:06:30','2016-09-06 19:06:30',3,6),(11,0,2,'2016-09-06 19:06:30','2016-09-06 19:06:30',3,9),(12,0,2,'2016-09-06 19:06:30','2016-09-06 19:06:30',3,10),(13,1,1,'2016-09-06 19:06:30','2016-09-06 19:06:30',3,11),(14,0,2,'2016-09-06 19:06:30','2016-09-06 19:06:30',3,8),(15,0,2,'2016-09-06 19:08:08','2016-09-06 19:08:08',4,6),(16,10,1,'2016-09-06 19:08:08','2016-09-06 19:08:08',4,8),(17,56,1,'2016-09-07 11:55:20','2016-09-07 11:55:20',5,4),(18,56,1,'2016-09-07 11:55:20','2016-09-07 11:55:20',5,12),(19,53,3,'2016-09-07 11:55:20','2016-09-07 11:55:20',5,13),(20,59,2,'2016-09-10 03:41:17','2016-09-10 03:41:17',6,1),(21,51,3,'2016-09-10 03:41:17','2016-09-10 03:41:17',6,5),(22,63,1,'2016-09-10 03:41:17','2016-09-10 03:41:17',6,12),(23,49,4,'2016-09-10 03:41:17','2016-09-10 03:41:17',6,2);
/*!40000 ALTER TABLE `GameplayScores` ENABLE KEYS */;
UNLOCK TABLES;

--
-- Table structure for table `Gameplays`
--

DROP TABLE IF EXISTS `Gameplays`;
/*!40101 SET @saved_cs_client     = @@character_set_client */;
/*!40101 SET character_set_client = utf8 */;
CREATE TABLE `Gameplays` (
  `id` int(11) NOT NULL AUTO_INCREMENT,
  `play_date` datetime DEFAULT NULL,
  `createdAt` datetime NOT NULL,
  `updatedAt` datetime NOT NULL,
  `GameId` int(11) DEFAULT NULL,
  `CreatorId` int(11) DEFAULT NULL,
  PRIMARY KEY (`id`),
  KEY `GameId` (`GameId`),
  KEY `CreatorId` (`CreatorId`),
  KEY `gameplays_play_date` (`play_date`),
  CONSTRAINT `Gameplays_ibfk_1` FOREIGN KEY (`GameId`) REFERENCES `Games` (`id`) ON DELETE SET NULL ON UPDATE CASCADE,
  CONSTRAINT `Gameplays_ibfk_2` FOREIGN KEY (`CreatorId`) REFERENCES `Users` (`id`) ON DELETE SET NULL ON UPDATE CASCADE
) ENGINE=InnoDB AUTO_INCREMENT=7 DEFAULT CHARSET=utf8 COLLATE=utf8_unicode_ci;
/*!40101 SET character_set_client = @saved_cs_client */;

--
-- Dumping data for table `Gameplays`
--

LOCK TABLES `Gameplays` WRITE;
/*!40000 ALTER TABLE `Gameplays` DISABLE KEYS */;
INSERT INTO `Gameplays` VALUES (1,'2016-08-18 00:00:00','2016-09-05 23:18:19','2016-09-05 23:18:19',168435,1),(2,'2016-08-17 00:00:00','2016-09-05 23:19:14','2016-09-05 23:19:14',124827,1),(3,'2016-09-02 00:00:00','2016-09-06 19:06:30','2016-09-06 19:06:30',205059,6),(4,'2016-08-25 00:00:00','2016-09-06 19:08:08','2016-09-06 19:08:08',730,6),(5,'2016-09-07 00:00:00','2016-09-07 11:55:20','2016-09-07 11:55:20',122515,1),(6,'2016-09-09 00:00:00','2016-09-10 03:41:17','2016-09-10 03:41:17',122515,1);
/*!40000 ALTER TABLE `Gameplays` ENABLE KEYS */;
UNLOCK TABLES;

--
-- Table structure for table `Games`
--

DROP TABLE IF EXISTS `Games`;
/*!40101 SET @saved_cs_client     = @@character_set_client */;
/*!40101 SET character_set_client = utf8 */;
CREATE TABLE `Games` (
  `id` int(11) NOT NULL,
  `bgg_id` int(11) DEFAULT NULL,
  `title` varchar(255) COLLATE utf8_unicode_ci DEFAULT NULL,
  `year_published` int(11) DEFAULT NULL,
  `image_thumbnail` varchar(255) COLLATE utf8_unicode_ci DEFAULT NULL,
  `createdAt` datetime NOT NULL,
  `updatedAt` datetime NOT NULL,
  PRIMARY KEY (`id`),
  UNIQUE KEY `games_bgg_id` (`bgg_id`),
  KEY `games_title` (`title`)
) ENGINE=InnoDB DEFAULT CHARSET=utf8 COLLATE=utf8_unicode_ci;
/*!40101 SET character_set_client = @saved_cs_client */;

--
-- Dumping data for table `Games`
--

LOCK TABLES `Games` WRITE;
/*!40000 ALTER TABLE `Games` DISABLE KEYS */;
INSERT INTO `Games` VALUES (1,1,'Die Macher',1986,'//cf.geekdo-images.com/images/pic159509_t.jpg','2016-09-05 20:14:22','2016-09-05 20:14:23'),(50,50,'Lost Cities',1999,'//cf.geekdo-images.com/images/pic2606107_t.jpg','2016-09-12 21:48:25','2016-09-13 16:17:35'),(118,118,'Modern Art',1992,'//cf.geekdo-images.com/images/pic149747_t.jpg','2016-09-12 21:49:41','2016-09-12 21:49:41'),(121,121,'Dune',1979,'//cf.geekdo-images.com/images/pic279251_t.jpg','2016-09-12 21:51:16','2016-09-13 16:19:05'),(432,432,'6 nimmt!',1994,'//cf.geekdo-images.com/images/pic2602138_t.jpg','2016-09-12 21:49:43','2016-09-13 16:17:38'),(619,619,'The Bottle Imp',1995,'//cf.geekdo-images.com/images/pic777628_t.jpg','2016-09-12 21:48:23','2016-09-12 21:48:24'),(730,730,'Breakout: Normandy',1992,'//cf.geekdo-images.com/images/pic239937_t.jpg','2016-09-06 19:07:32','2016-09-06 19:07:33'),(1017,1017,'Fresh Fish',1997,'//cf.geekdo-images.com/images/pic21808_t.jpg','2016-09-12 21:49:43','2016-09-13 16:17:38'),(1041,1041,'San Marco',2001,'//cf.geekdo-images.com/images/pic174180_t.jpg','2016-09-12 21:51:15','2016-09-12 21:51:15'),(1942,1942,'Foppen',1995,'//cf.geekdo-images.com/images/pic96931_t.jpg','2016-09-12 21:50:19','2016-09-12 21:50:19'),(2955,2955,'Mexica',2002,'//cf.geekdo-images.com/images/pic2470537_t.jpg','2016-09-12 21:50:55','2016-09-13 16:18:42'),(3076,3076,'Puerto Rico',2002,'//cf.geekdo-images.com/images/pic158548_t.jpg','2016-09-12 21:49:43','2016-09-13 16:17:38'),(3685,3685,'Hammer of the Scots',2002,'//cf.geekdo-images.com/images/pic623710_t.jpg','2016-09-12 21:51:09','2016-09-12 21:51:10'),(4098,4098,'Age of Steam',2002,'//cf.geekdo-images.com/images/pic429576_t.jpg','2016-09-12 21:51:16','2016-09-12 21:51:16'),(8045,8045,'Princes of the Renaissance',2003,'//cf.geekdo-images.com/images/pic3024485_t.jpg','2016-09-12 21:50:24','2016-09-13 16:18:40'),(9216,9216,'Goa',2004,'//cf.geekdo-images.com/images/pic1215969_t.jpg','2016-09-12 21:50:24','2016-09-12 21:50:24'),(9625,9625,'Struggle of Empires',2004,'//cf.geekdo-images.com/images/pic1367165_t.jpg','2016-09-12 21:50:25','2016-09-13 16:18:41'),(12333,12333,'Twilight Struggle',2005,'//cf.geekdo-images.com/images/pic361592_t.jpg','2016-09-12 21:50:54','2016-09-13 16:18:42'),(13780,13780,'In the Shadow of the Emperor',2004,'//cf.geekdo-images.com/images/pic202677_t.jpg','2016-09-12 21:48:22','2016-09-12 21:48:22'),(15363,15363,'Nexus Ops',2005,'//cf.geekdo-images.com/images/pic1134615_t.jpg','2016-09-12 21:49:42','2016-09-12 21:49:42'),(17651,17651,'Under the Lily Banners',2005,'//cf.geekdo-images.com/images/pic368814_t.jpg','2016-09-12 21:49:41','2016-09-12 21:49:42'),(19777,19777,'Indonesia',2005,'//cf.geekdo-images.com/images/pic93485_t.jpg','2016-09-12 21:48:25','2016-09-12 21:48:25'),(21241,21241,'Neuroshima Hex!',2006,'//cf.geekdo-images.com/images/pic1844819_t.jpg','2016-09-12 21:48:55','2016-09-13 16:17:36'),(25613,25613,'Through the Ages: A Story of Civilization',2006,'//cf.geekdo-images.com/images/pic236169_t.jpg','2016-09-12 21:48:23','2016-09-12 21:48:23'),(27708,27708,'1960: The Making of the President',2007,'//cf.geekdo-images.com/images/pic215664_t.jpg','2016-09-12 21:50:55','2016-09-13 16:18:42'),(27833,27833,'Steam',2009,'//cf.geekdo-images.com/images/pic392515_t.jpg','2016-09-12 21:50:23','2016-09-12 21:50:23'),(30380,30380,'Cuba',2007,'//cf.geekdo-images.com/images/pic1205385_t.jpg','2016-09-12 21:51:17','2016-09-13 16:19:05'),(31481,31481,'Galaxy Trucker',2007,'//cf.geekdo-images.com/images/pic260554_t.jpg','2016-09-12 21:51:45','2016-09-12 21:51:46'),(33160,33160,'Endeavor',2009,'//cf.geekdo-images.com/images/pic379881_t.jpg','2016-09-12 21:49:41','2016-09-12 21:49:41'),(35285,35285,'German Railways',2008,'//cf.geekdo-images.com/images/pic1097251_t.jpg','2016-09-12 21:48:58','2016-09-12 21:49:25'),(37111,37111,'Battlestar Galactica',2008,'//cf.geekdo-images.com/images/pic354500_t.jpg','2016-09-12 21:51:16','2016-09-13 16:18:44'),(39351,39351,'Automobile',2009,'//cf.geekdo-images.com/images/pic744514_t.jpg','2016-09-12 21:50:25','2016-09-13 16:18:41'),(41066,41066,'Virgin Queen',2012,'//cf.geekdo-images.com/images/pic1276971_t.jpg','2016-09-12 21:51:16','2016-09-12 21:51:16'),(41749,41749,'American Rails',2009,'//cf.geekdo-images.com/images/pic1754865_t.jpg','2016-09-12 21:48:22','2016-09-12 21:48:22'),(42052,42052,'Vinhos',2010,'//cf.geekdo-images.com/images/pic815592_t.jpg','2016-09-12 21:50:23','2016-09-12 21:50:23'),(43015,43015,'Hansa Teutonica',2009,'//cf.geekdo-images.com/images/pic839090_t.jpg','2016-09-12 21:48:55','2016-09-13 16:17:37'),(45315,45315,'Dungeon Lords',2009,'//cf.geekdo-images.com/images/pic569340_t.jpg','2016-09-12 21:50:24','2016-09-12 21:50:24'),(54043,54043,'Jaipur',2009,'//cf.geekdo-images.com/images/pic725500_t.jpg','2016-09-12 21:48:25','2016-09-13 16:17:35'),(62222,62222,'Commands & Colors: Napoleonics',2010,'//cf.geekdo-images.com/images/pic837162_t.jpg','2016-09-12 21:50:19','2016-09-12 21:50:20'),(62227,62227,'Labyrinth: The War on Terror, 2001 – ?',2010,'//cf.geekdo-images.com/images/pic859584_t.jpg','2016-09-12 21:50:24','2016-09-13 16:18:40'),(65901,65901,'Age of Industry',2010,'//cf.geekdo-images.com/images/pic715611_t.jpg','2016-09-12 21:48:22','2016-09-12 21:48:22'),(67917,67917,'Colonialism',2013,'//cf.geekdo-images.com/images/pic1613797_t.jpg','2016-09-12 21:48:24','2016-09-12 21:48:24'),(68448,68448,'7 Wonders',2010,'//cf.geekdo-images.com/images/pic860217_t.jpg','2016-09-12 21:48:25','2016-09-13 16:17:36'),(70149,70149,'Ora et Labora',2011,'//cf.geekdo-images.com/images/pic1165426_t.jpg','2016-09-12 21:51:38','2016-09-12 21:51:39'),(70512,70512,'Luna',2010,'//cf.geekdo-images.com/images/pic2538939_t.png','2016-09-12 21:48:58','2016-09-12 21:49:25'),(72225,72225,'CO₂',2012,'//cf.geekdo-images.com/images/pic1350204_t.jpg','2016-09-12 21:50:19','2016-09-12 21:50:20'),(73439,73439,'Troyes',2010,'//cf.geekdo-images.com/images/pic750583_t.jpg','2016-09-12 21:49:40','2016-09-12 21:49:40'),(84876,84876,'The Castles of Burgundy',2011,'//cf.geekdo-images.com/images/pic1176894_t.jpg','2016-09-12 21:48:25','2016-09-13 16:17:35'),(94104,94104,'Omen: A Reign of War',2011,'//cf.geekdo-images.com/images/pic938454_t.jpg','2016-09-12 21:49:40','2016-09-12 21:49:40'),(95527,95527,'Madeira',2013,'//cf.geekdo-images.com/images/pic1762708_t.jpg','2016-09-12 21:48:24','2016-09-12 21:48:24'),(96913,96913,'Lancaster',2011,'//cf.geekdo-images.com/images/pic1280761_t.jpg','2016-09-12 21:49:43','2016-09-13 16:17:38'),(97903,97903,'Terror in Meeple City',2013,'//cf.geekdo-images.com/images/pic2482302_t.jpg','2016-09-12 21:48:25','2016-09-13 16:17:35'),(97915,97915,'Bios: Megafauna',2011,'//cf.geekdo-images.com/images/pic1022024_t.jpg','2016-09-12 21:50:55','2016-09-13 16:18:42'),(102794,102794,'Caverna: The Cave Farmers',2013,'//cf.geekdo-images.com/images/pic1790789_t.jpg','2016-09-12 21:48:58','2016-09-13 16:17:36'),(104006,104006,'Village',2011,'//cf.geekdo-images.com/images/pic2760568_t.jpg','2016-09-12 21:49:40','2016-09-12 21:49:40'),(105134,105134,'Risk Legacy',2011,'//cf.geekdo-images.com/images/pic1196938_t.jpg','2016-09-12 21:48:25','2016-09-13 16:17:36'),(110327,110327,'Lords of Waterdeep',2012,'//cf.geekdo-images.com/images/pic1116080_t.jpg','2016-09-12 21:51:46','2016-09-12 21:51:47'),(120677,120677,'Terra Mystica',2012,'//cf.geekdo-images.com/images/pic1356616_t.jpg','2016-09-12 21:49:43','2016-09-13 16:17:38'),(121408,121408,'Trains',2012,'//cf.geekdo-images.com/images/pic1606346_t.jpg','2016-09-12 21:51:16','2016-09-12 21:51:16'),(121921,121921,'Robinson Crusoe: Adventures on the Cursed Island',2012,'//cf.geekdo-images.com/images/pic3165731_t.jpg','2016-09-12 21:48:58','2016-09-13 16:17:37'),(122298,122298,'Morels',2012,'//cf.geekdo-images.com/images/pic1284667_t.jpg','2016-09-12 21:48:23','2016-09-12 21:48:23'),(122515,122515,'Keyflower',2012,'//cf.geekdo-images.com/images/pic2278942_t.jpg','2016-09-07 11:51:32','2016-09-07 11:51:33'),(123499,123499,'City of Iron',2013,'//cf.geekdo-images.com/images/pic1292441_t.jpg','2016-09-12 21:49:40','2016-09-12 21:49:40'),(124361,124361,'Concordia',2013,'//cf.geekdo-images.com/images/pic1980675_t.jpg','2016-09-12 21:50:25','2016-09-13 16:18:41'),(124827,124827,'Space Cadets: Away Missions',2015,'//cf.geekdo-images.com/images/pic1927835_t.jpg','2016-09-05 23:18:44','2016-09-05 23:18:44'),(125153,125153,'The Gallerist',2015,'//cf.geekdo-images.com/images/pic2503200_t.png','2016-09-12 21:51:45','2016-09-12 21:51:45'),(125678,125678,'DC Comics Deck-Building Game',2012,'//cf.geekdo-images.com/images/pic1355432_t.png','2016-09-12 21:48:23','2016-09-12 21:48:23'),(126042,126042,'Nations',2013,'//cf.geekdo-images.com/images/pic1591406_t.png','2016-09-12 21:48:22','2016-09-12 21:48:22'),(126163,126163,'Tzolk\'in: The Mayan Calendar',2012,'//cf.geekdo-images.com/images/pic1413480_t.jpg','2016-09-12 21:51:17','2016-09-13 16:19:05'),(127023,127023,'Kemet',2012,'//cf.geekdo-images.com/images/pic1431241_t.jpg','2016-09-12 21:50:25','2016-09-13 16:18:40'),(128671,128671,'Spartacus: A Game of Blood & Treachery',2012,'//cf.geekdo-images.com/images/pic1533071_t.jpg','2016-09-12 21:48:25','2016-09-12 21:48:25'),(129320,129320,'Castle Dice',2013,'//cf.geekdo-images.com/images/pic1639553_t.jpg','2016-09-12 21:50:19','2016-09-12 21:50:19'),(129437,129437,'Legendary: A Marvel Deck Building Game',2012,'//cf.geekdo-images.com/images/pic1430769_t.jpg','2016-09-12 21:49:42','2016-09-12 21:49:42'),(131287,131287,'Panamax',2014,'//cf.geekdo-images.com/images/pic1786212_t.png','2016-09-12 21:50:24','2016-09-12 21:50:24'),(131339,131339,'Mansions of Madness: The Yellow Sign',2012,'//cf.geekdo-images.com/images/pic1460477_t.jpg','2016-09-12 21:49:40','2016-09-12 21:49:41'),(131357,131357,'Coup',2012,'//cf.geekdo-images.com/images/pic2016054_t.jpg','2016-09-12 21:50:19','2016-09-12 21:50:19'),(131751,131751,'Mansions of Madness: Call of the Wild',2013,'//cf.geekdo-images.com/images/pic1473795_t.jpg','2016-09-12 21:49:42','2016-09-12 21:49:43'),(132018,132018,'Churchill',2015,'//cf.geekdo-images.com/images/pic2467234_t.jpg','2016-09-12 21:51:15','2016-09-12 21:51:15'),(132028,132028,'Conflict of Heroes: Awakening the Bear! (second edition)',2012,'//cf.geekdo-images.com/images/pic1236709_t.jpg','2016-09-12 21:51:17','2016-09-13 16:19:05'),(132531,132531,'Roll for the Galaxy',2014,'//cf.geekdo-images.com/images/pic1473629_t.jpg','2016-09-12 21:49:42','2016-09-12 21:49:42'),(132544,132544,'Tesla vs. Edison: War of Currents',2015,'//cf.geekdo-images.com/images/pic2555214_t.jpg','2016-09-12 21:51:15','2016-09-12 21:51:15'),(133848,133848,'Euphoria: Build a Better Dystopia',2013,'//cf.geekdo-images.com/images/pic1615561_t.jpg','2016-09-12 21:50:19','2016-09-12 21:50:20'),(134964,134964,'Moonbase Alpha',2012,'//cf.geekdo-images.com/images/pic1502317_t.jpg','2016-09-12 21:48:55','2016-09-13 16:17:36'),(136888,136888,'Bruges',2013,'//cf.geekdo-images.com/images/pic1652004_t.jpg','2016-09-12 21:48:24','2016-09-12 21:48:24'),(136955,136955,'Hands in the Sea',2016,'//cf.geekdo-images.com/images/pic3154683_t.jpg','2016-09-12 21:49:41','2016-09-12 21:49:41'),(138161,138161,'Firefly: The Game',2013,'//cf.geekdo-images.com/images/pic1727008_t.png','2016-09-12 21:48:23','2016-09-12 21:48:23'),(140603,140603,'Francis Drake',2013,'//cf.geekdo-images.com/images/pic1616979_t.jpg','2016-09-12 21:50:55','2016-09-13 16:18:42'),(140620,140620,'Lewis & Clark',2013,'//cf.geekdo-images.com/images/pic1902092_t.jpg','2016-09-12 21:48:58','2016-09-13 16:17:37'),(141090,141090,'Kohle & Kolonie',2013,'//cf.geekdo-images.com/images/pic2725565_t.jpg','2016-09-12 21:49:43','2016-09-13 16:17:38'),(141517,141517,'A Study in Emerald',2013,'//cf.geekdo-images.com/images/pic1638689_t.jpg','2016-09-12 21:48:24','2016-09-12 21:48:24'),(143401,143401,'Yunnan',2013,'//cf.geekdo-images.com/images/pic1783522_t.jpg','2016-09-12 21:48:23','2016-09-12 21:48:23'),(143519,143519,'Quantum',2013,'//cf.geekdo-images.com/images/pic1727619_t.jpg','2016-09-12 21:48:22','2016-09-12 21:48:22'),(143693,143693,'Glass Road',2013,'//cf.geekdo-images.com/images/pic2499302_t.jpg','2016-09-12 21:48:24','2016-09-12 21:48:24'),(143884,143884,'Machi Koro',2012,'//cf.geekdo-images.com/images/pic1992476_t.jpg','2016-09-12 21:51:16','2016-09-12 21:51:16'),(144344,144344,'Rococo',2013,'//cf.geekdo-images.com/images/pic1795272_t.jpg','2016-09-12 21:50:23','2016-09-12 21:50:23'),(144592,144592,'Bruxelles 1893',2013,'//cf.geekdo-images.com/images/pic1726346_t.jpg','2016-09-12 21:48:24','2016-09-12 21:48:24'),(144733,144733,'Russian Railroads',2013,'//cf.geekdo-images.com/images/pic1772936_t.jpg','2016-09-12 21:48:22','2016-09-12 21:48:22'),(146021,146021,'Eldritch Horror',2013,'//cf.geekdo-images.com/images/pic1872452_t.jpg','2016-09-12 21:51:47','2016-09-12 21:51:47'),(146439,146439,'BattleLore (Second Edition)',2013,'//cf.geekdo-images.com/images/pic1854807_t.jpg','2016-09-12 21:49:42','2016-09-12 21:49:42'),(146508,146508,'T.I.M.E Stories',2015,'//cf.geekdo-images.com/images/pic2617634_t.png','2016-09-12 21:51:45','2016-09-12 21:51:45'),(146652,146652,'Legendary Encounters: An Alien Deck Building Game',2014,'//cf.geekdo-images.com/images/pic2225180_t.jpg','2016-09-12 21:48:58','2016-09-13 16:17:36'),(146886,146886,'La Granja',2014,'//cf.geekdo-images.com/images/pic2031777_t.jpg','2016-09-12 21:50:54','2016-09-13 16:18:41'),(147101,147101,'Tuscany: Expand the World of Viticulture',2014,'//cf.geekdo-images.com/images/pic1886437_t.jpg','2016-09-12 21:50:19','2016-09-12 21:50:20'),(148228,148228,'Splendor',2014,'//cf.geekdo-images.com/images/pic1904079_t.jpg','2016-09-12 21:50:19','2016-09-12 21:50:19'),(150013,150013,'No Retreat 4! Italian Front: 1943-45',2015,'//cf.geekdo-images.com/images/pic2577579_t.jpg','2016-09-12 21:51:09','2016-09-12 21:51:10'),(150146,150146,'Rattlebones',2014,'//cf.geekdo-images.com/images/pic2399765_t.jpg','2016-09-12 21:49:42','2016-09-12 21:49:42'),(150376,150376,'Dead of Winter: A Crossroads Game',2014,'//cf.geekdo-images.com/images/pic3016500_t.jpg','2016-09-12 21:49:41','2016-09-12 21:49:42'),(154008,154008,'The 7th Dwarf',2014,'//cf.geekdo-images.com/images/pic2467921_t.jpg','2016-09-12 21:49:41','2016-09-12 21:49:41'),(154182,154182,'Helios',2014,'//cf.geekdo-images.com/images/pic1928217_t.png','2016-09-12 21:49:40','2016-09-12 21:49:40'),(154203,154203,'Imperial Settlers',2014,'//cf.geekdo-images.com/images/pic2871265_t.jpg','2016-09-12 21:50:24','2016-09-12 21:50:24'),(155703,155703,'Evolution',2014,'//cf.geekdo-images.com/images/pic2558560_t.jpg','2016-09-12 21:50:23','2016-09-12 21:50:23'),(157096,157096,'Historia',2014,'//cf.geekdo-images.com/images/pic2286978_t.jpg','2016-09-12 21:50:24','2016-09-12 21:50:24'),(157969,157969,'Sheriff of Nottingham',2014,'//cf.geekdo-images.com/images/pic2075830_t.jpg','2016-09-12 21:51:45','2016-09-12 21:51:45'),(158109,158109,'Onward to Venus',2014,'//cf.geekdo-images.com/images/pic1993102_t.jpg','2016-09-12 21:50:23','2016-09-12 21:50:24'),(159675,159675,'Fields of Arle',2014,'//cf.geekdo-images.com/images/pic2225968_t.png','2016-09-12 21:51:45','2016-09-12 21:51:46'),(161317,161317,'Terra Mystica: Fire & Ice',2014,'//cf.geekdo-images.com/images/pic2227159_t.png','2016-09-12 21:49:41','2016-09-12 21:49:41'),(161417,161417,'Red7',2014,'//cf.geekdo-images.com/images/pic3002342_t.jpg','2016-09-12 21:50:23','2016-09-12 21:50:24'),(161936,161936,'Pandemic Legacy: Season 1',2015,'//cf.geekdo-images.com/images/pic2452831_t.png','2016-09-12 21:51:16','2016-09-12 21:51:16'),(161970,161970,'Alchemists',2014,'//cf.geekdo-images.com/images/pic2241156_t.png','2016-09-12 21:50:19','2016-09-12 21:50:19'),(163967,163967,'Tiny Epic Galaxies',2015,'//cf.geekdo-images.com/images/pic2349732_t.jpg','2016-09-12 21:51:45','2016-09-12 21:51:45'),(164153,164153,'Star Wars: Imperial Assault',2014,'//cf.geekdo-images.com/images/pic2247647_t.jpg','2016-09-12 21:51:09','2016-09-12 21:51:10'),(164338,164338,'The Golden Ages',2014,'//cf.geekdo-images.com/images/pic2551380_t.jpg','2016-09-12 21:51:16','2016-09-12 21:51:17'),(166857,166857,'Antike II',2014,'//cf.geekdo-images.com/images/pic2252678_t.jpg','2016-09-12 21:49:41','2016-09-12 21:49:41'),(167650,167650,'Last Battle: Ie Shima, 1945',2015,'//cf.geekdo-images.com/images/pic2621939_t.jpg','2016-09-12 21:51:45','2016-09-12 21:51:46'),(168435,168435,'Between Two Cities',2015,'//cf.geekdo-images.com/images/pic2326114_t.jpg','2016-09-05 18:46:17','2016-09-05 18:46:17'),(169786,169786,'Scythe',2016,'//cf.geekdo-images.com/images/pic3163924_t.jpg','2016-09-05 14:14:41','2016-09-05 14:14:41'),(170042,170042,'Raiders of the North Sea',2015,'//cf.geekdo-images.com/images/pic2458233_t.jpg','2016-09-12 21:51:45','2016-09-12 21:51:45'),(170216,170216,'Blood Rage',2015,'//cf.geekdo-images.com/images/pic2439223_t.jpg','2016-09-12 21:51:09','2016-09-12 21:51:10'),(172381,172381,'My Village',2015,'//cf.geekdo-images.com/images/pic2760567_t.jpg','2016-09-12 21:51:15','2016-09-12 21:51:15'),(172386,172386,'Mombasa',2015,'//cf.geekdo-images.com/images/pic2611318_t.jpg','2016-09-12 21:51:16','2016-09-12 21:51:17'),(172818,172818,'Above and Below',2015,'//cf.geekdo-images.com/images/pic2398773_t.jpg','2016-09-12 21:51:15','2016-09-12 21:51:16'),(174319,174319,'Conflict of Heroes: Awakening the Bear – Firefight Generator',2015,'//cf.geekdo-images.com/images/pic2438129_t.jpg','2016-09-12 21:51:16','2016-09-12 21:51:17'),(174785,174785,'Mare Nostrum: Empires',2016,'//cf.geekdo-images.com/images/pic2648963_t.jpg','2016-09-12 21:51:46','2016-09-12 21:51:46'),(175155,175155,'Forbidden Stars',2015,'//cf.geekdo-images.com/images/pic2471359_t.jpg','2016-09-12 21:51:17','2016-09-13 16:19:04'),(180037,180037,'Keyflower: Pig Shelter',2015,'//cf.geekdo-images.com/images/pic2587828_t.jpg','2016-09-10 03:48:38','2016-09-10 03:48:39'),(180899,180899,'Ponzi Scheme',2015,'//cf.geekdo-images.com/images/pic2599086_t.jpg','2016-09-12 21:51:15','2016-09-12 21:51:15'),(181494,181494,'CVlizations',2015,'//cf.geekdo-images.com/images/pic2690487_t.jpg','2016-09-12 21:51:10','2016-09-12 21:51:10'),(182619,182619,'M.U.L.E. The Board Game',2015,'//cf.geekdo-images.com/images/pic2634492_t.jpg','2016-09-12 21:51:15','2016-09-12 21:51:15'),(187645,187645,'Star Wars: Rebellion',2016,'//cf.geekdo-images.com/images/pic2737530_t.png','2016-09-12 21:51:45','2016-09-12 21:51:45'),(199727,199727,'Scythe: Invaders from Afar',2016,'//cf.geekdo-images.com/images/pic3037396_t.jpg','2016-09-05 18:43:25','2016-09-05 18:43:25'),(200784,200784,'Descent: Journeys in the Dark (Second Edition) – Road to Legend',2016,'//cf.geekdo-images.com/images/pic3034720_t.jpg','2016-09-12 21:51:46','2016-09-12 21:51:47'),(205059,205059,'Mansions of Madness: Second Edition',2016,'//cf.geekdo-images.com/images/pic3118622_t.jpg','2016-09-06 19:05:09','2016-09-06 19:05:10');
/*!40000 ALTER TABLE `Games` ENABLE KEYS */;
UNLOCK TABLES;

--
-- Table structure for table `Mechanics`
--

DROP TABLE IF EXISTS `Mechanics`;
/*!40101 SET @saved_cs_client     = @@character_set_client */;
/*!40101 SET character_set_client = utf8 */;
CREATE TABLE `Mechanics` (
  `id` int(11) NOT NULL AUTO_INCREMENT,
  `bgg_id` int(11) DEFAULT NULL,
  `title` varchar(255) COLLATE utf8_unicode_ci DEFAULT NULL,
  `createdAt` datetime NOT NULL,
  `updatedAt` datetime NOT NULL,
  PRIMARY KEY (`id`),
  UNIQUE KEY `mechanics_bgg_id` (`bgg_id`),
  KEY `mechanics_title` (`title`)
) ENGINE=InnoDB AUTO_INCREMENT=43 DEFAULT CHARSET=utf8 COLLATE=utf8_unicode_ci;
/*!40101 SET character_set_client = @saved_cs_client */;

--
-- Dumping data for table `Mechanics`
--

LOCK TABLES `Mechanics` WRITE;
/*!40000 ALTER TABLE `Mechanics` DISABLE KEYS */;
INSERT INTO `Mechanics` VALUES (1,2080,'Area Control / Area Influence','2016-09-05 14:14:41','2016-09-05 14:14:41'),(2,2046,'Area Movement','2016-09-05 14:14:41','2016-09-05 14:14:41'),(3,2015,'Variable Player Powers','2016-09-05 14:14:41','2016-09-05 14:14:41'),(4,2041,'Card Drafting','2016-09-05 18:46:17','2016-09-05 18:46:17'),(5,2019,'Partnerships','2016-09-05 18:46:17','2016-09-05 18:46:17'),(6,2004,'Set Collection','2016-09-05 18:46:17','2016-09-05 18:46:17'),(7,2002,'Tile Placement','2016-09-05 18:46:17','2016-09-05 18:46:17'),(8,2012,'Auction/Bidding','2016-09-05 20:14:23','2016-09-05 20:14:23'),(9,2072,'Dice Rolling','2016-09-05 20:14:23','2016-09-05 20:14:23'),(10,2040,'Hand Management','2016-09-05 20:14:23','2016-09-05 20:14:23'),(11,2020,'Simultaneous Action Selection','2016-09-05 20:14:23','2016-09-05 20:14:23'),(12,2001,'Action Point Allowance System','2016-09-05 23:18:44','2016-09-05 23:18:44'),(13,2023,'Co-operative Play','2016-09-05 23:18:44','2016-09-05 23:18:44'),(14,2011,'Modular Board','2016-09-05 23:18:44','2016-09-05 23:18:44'),(15,2007,'Pick-up and Deliver','2016-09-06 19:05:10','2016-09-06 19:05:10'),(16,2028,'Role Playing','2016-09-06 19:05:10','2016-09-06 19:05:10'),(17,2021,'Area-Impulse','2016-09-06 19:07:33','2016-09-06 19:07:33'),(18,2047,'Memory','2016-09-07 11:51:33','2016-09-07 11:51:33'),(19,2081,'Route/Network Building','2016-09-07 11:51:33','2016-09-07 11:51:33'),(20,2082,'Worker Placement','2016-09-07 11:51:33','2016-09-07 11:51:33'),(21,2676,'Grid Movement','2016-09-12 21:48:22','2016-09-12 21:48:22'),(22,2005,'Stock Holding','2016-09-12 21:48:23','2016-09-12 21:48:23'),(23,2017,'Voting','2016-09-12 21:48:23','2016-09-12 21:48:23'),(24,2686,'Take That','2016-09-12 21:48:23','2016-09-12 21:48:23'),(25,2008,'Trading','2016-09-12 21:48:23','2016-09-12 21:48:23'),(26,2664,'Deck / Pool Building','2016-09-12 21:48:24','2016-09-12 21:48:24'),(27,2009,'Trick-taking','2016-09-12 21:48:24','2016-09-12 21:48:24'),(28,2078,'Point to Point Movement','2016-09-12 21:48:24','2016-09-12 21:48:24'),(29,2018,'Campaign / Battle Card Driven','2016-09-12 21:48:24','2016-09-12 21:48:24'),(30,2079,'Variable Phase Order','2016-09-12 21:48:24','2016-09-12 21:48:24'),(31,2014,'Betting/Wagering','2016-09-12 21:48:25','2016-09-12 21:48:25'),(32,2013,'Commodity Speculation','2016-09-12 21:49:41','2016-09-12 21:49:41'),(33,2027,'Storytelling','2016-09-12 21:49:42','2016-09-12 21:49:42'),(34,2026,'Hex-and-Counter','2016-09-12 21:49:42','2016-09-12 21:49:42'),(35,2070,'Simulation','2016-09-12 21:49:42','2016-09-12 21:49:42'),(36,2035,'Roll / Spin and Move','2016-09-12 21:49:42','2016-09-12 21:49:42'),(37,2685,'Player Elimination','2016-09-12 21:50:19','2016-09-12 21:50:19'),(38,2661,'Press Your Luck','2016-09-12 21:50:24','2016-09-12 21:50:24'),(39,2016,'Secret Unit Deployment','2016-09-12 21:50:24','2016-09-12 21:50:24'),(40,2689,'Action / Movement Programming','2016-09-12 21:50:24','2016-09-12 21:50:24'),(41,2048,'Pattern Building','2016-09-12 21:51:39','2016-09-12 21:51:39'),(42,2043,'Area Enclosure','2016-09-13 16:18:42','2016-09-13 16:18:42');
/*!40000 ALTER TABLE `Mechanics` ENABLE KEYS */;
UNLOCK TABLES;

--
-- Table structure for table `Users`
--

DROP TABLE IF EXISTS `Users`;
/*!40101 SET @saved_cs_client     = @@character_set_client */;
/*!40101 SET character_set_client = utf8 */;
CREATE TABLE `Users` (
  `id` int(11) NOT NULL AUTO_INCREMENT,
  `facebook_id` bigint(20) DEFAULT NULL,
  `first_name` varchar(255) COLLATE utf8_unicode_ci DEFAULT NULL,
  `last_name` varchar(255) COLLATE utf8_unicode_ci DEFAULT NULL,
  `full_name` varchar(255) COLLATE utf8_unicode_ci DEFAULT NULL,
  `email` varchar(255) COLLATE utf8_unicode_ci DEFAULT NULL,
  `profile_pic` varchar(255) COLLATE utf8_unicode_ci DEFAULT NULL,
  `createdAt` datetime NOT NULL,
  `updatedAt` datetime NOT NULL,
  PRIMARY KEY (`id`),
  UNIQUE KEY `users_full_name` (`full_name`)
) ENGINE=InnoDB AUTO_INCREMENT=14 DEFAULT CHARSET=utf8 COLLATE=utf8_unicode_ci;
/*!40101 SET character_set_client = @saved_cs_client */;

--
-- Dumping data for table `Users`
--

LOCK TABLES `Users` WRITE;
/*!40000 ALTER TABLE `Users` DISABLE KEYS */;
INSERT INTO `Users` VALUES (1,607010648,'Josh','Wolf','Josh Wolf','josh@greenlightgo.com','http://graph.facebook.com/607010648/picture','2016-09-05 18:42:22','2016-09-05 18:42:22'),(2,NULL,'Lev','Fruchter','Lev Fruchter',NULL,NULL,'2016-09-05 23:18:19','2016-09-05 23:18:19'),(3,NULL,'Justin','Carroll','Justin Carroll',NULL,NULL,'2016-09-05 23:18:19','2016-09-05 23:18:19'),(4,NULL,'John','Squires','John Squires',NULL,NULL,'2016-09-05 23:18:19','2016-09-05 23:18:19'),(5,NULL,'Jonathan','Fried','Jonathan Fried',NULL,NULL,'2016-09-05 23:18:19','2016-09-05 23:18:19'),(6,621024146,'Jim','Crimmins','Jim Crimmins','jcrim13@gmail.com','http://graph.facebook.com/621024146/picture','2016-09-05 23:19:14','2016-09-06 19:04:55'),(7,NULL,'Evil','Aliens','Evil Aliens',NULL,NULL,'2016-09-05 23:19:14','2016-09-05 23:19:14'),(8,NULL,'Matt','Lanaro','Matt Lanaro',NULL,NULL,'2016-09-06 19:06:30','2016-09-06 19:06:30'),(9,NULL,'Dave','Stepehns','Dave Stepehns',NULL,NULL,'2016-09-06 19:06:30','2016-09-06 19:06:30'),(10,NULL,'Ilan','','Ilan',NULL,NULL,'2016-09-06 19:06:30','2016-09-06 19:06:30'),(11,NULL,'Creatures','Deep','Creatures from the Briny Deep',NULL,NULL,'2016-09-06 19:06:30','2016-09-06 19:06:30'),(12,NULL,'Spencer','Sloe','Spencer Sloe',NULL,NULL,'2016-09-07 11:55:20','2016-09-07 11:55:20'),(13,NULL,'Mikael','Sheikh','Mikael Sheikh',NULL,NULL,'2016-09-07 11:55:20','2016-09-07 11:55:20');
/*!40000 ALTER TABLE `Users` ENABLE KEYS */;
UNLOCK TABLES;
/*!40103 SET TIME_ZONE=@OLD_TIME_ZONE */;

/*!40101 SET SQL_MODE=@OLD_SQL_MODE */;
/*!40014 SET FOREIGN_KEY_CHECKS=@OLD_FOREIGN_KEY_CHECKS */;
/*!40014 SET UNIQUE_CHECKS=@OLD_UNIQUE_CHECKS */;
/*!40101 SET CHARACTER_SET_CLIENT=@OLD_CHARACTER_SET_CLIENT */;
/*!40101 SET CHARACTER_SET_RESULTS=@OLD_CHARACTER_SET_RESULTS */;
/*!40101 SET COLLATION_CONNECTION=@OLD_COLLATION_CONNECTION */;
/*!40111 SET SQL_NOTES=@OLD_SQL_NOTES */;

-- Dump completed on 2016-09-13 16:39:45
